{"type":"FeatureCollection","features":[{"type":"Feature","properties":{},"geometry":{"type":"MultiPolygon","coordinates":[[[[73.1601,-0.7043],[73.1602,-0.7043],[73.1602,-0.7042],[73.1601,-0.7043]]],[[[73.1601,-0.7043],[73.1598,-0.7041],[73.1595,-0.7041],[73.1597,-0.7046],[73.1595,-0.7048],[73.1597,-0.7049],[73.1601,-0.7048],[73.1601,-0.7043]]],[[[73.1832,-0.6921],[73.1831,-0.6921],[73.183,-0.6923],[73.1831,-0.6924],[73.1832,-0.6921]]],[[[73.1891,-0.6875],[73.189,-0.6876],[73.1892,-0.6876],[73.1891,-0.6875]]],[[[73.1872,-0.6895],[73.1874,-0.6895],[73.1875,-0.6894],[73.1876,-0.6892],[73.188,-0.6889],[73.1881,-0.6889],[73.1881,-0.6889],[73.1882,-0.6888],[73.1887,-0.6881],[73.1886,-0.6877],[73.1888,-0.6872],[73.1883,-0.6873],[73.1883,-0.6873],[73.1883,-0.6875],[73.1882,-0.6875],[73.1882,-0.6876],[73.1881,-0.6876],[73.1881,-0.6877],[73.1879,-0.6877],[73.1876,-0.688],[73.1875,-0.6882],[73.1871,-0.689],[73.1866,-0.6894],[73.1865,-0.6894],[73.1865,-0.6895],[73.1863,-0.6897],[73.1865,-0.6898],[73.1867,-0.69],[73.1872,-0.6895]]],[[[73.1538,-0.6892],[73.1533,-0.6891],[73.1528,-0.6888],[73.1518,-0.6885],[73.1512,-0.6884],[73.1509,-0.6883],[73.1507,-0.6882],[73.1503,-0.6881],[73.1496,-0.6877],[73.1492,-0.6876],[73.1488,-0.6874],[73.1485,-0.6873],[73.1479,-0.6871],[73.1474,-0.6867],[73.1469,-0.6863],[73.1464,-0.6861],[73.1457,-0.6857],[73.1453,-0.6856],[73.1449,-0.6858],[73.1448,-0.6865],[73.1446,-0.687],[73.1446,-0.6876],[73.1444,-0.6883],[73.1442,-0.6888],[73.1434,-0.6892],[73.1421,-0.6894],[73.1407,-0.6895],[73.139,-0.6892],[73.1377,-0.689],[73.1364,-0.6888],[73.1361,-0.6891],[73.1359,-0.6902],[73.1358,-0.6914],[73.136,-0.6916],[73.1361,-0.6917],[73.1364,-0.6917],[73.1365,-0.6917],[73.1366,-0.6917],[73.1374,-0.6919],[73.1383,-0.692],[73.1388,-0.6922],[73.1389,-0.6922],[73.1389,-0.6923],[73.139,-0.6923],[73.1391,-0.6923],[73.1401,-0.6923],[73.1402,-0.6924],[73.1406,-0.6925],[73.1416,-0.6927],[73.1429,-0.6931],[73.1452,-0.6942],[73.1459,-0.6947],[73.146,-0.6947],[73.146,-0.6948],[73.1461,-0.6949],[73.1462,-0.6952],[73.1463,-0.6957],[73.1469,-0.6964],[73.1477,-0.697],[73.1478,-0.6974],[73.1481,-0.6976],[73.1483,-0.6977],[73.1483,-0.6979],[73.1491,-0.6988],[73.1494,-0.6992],[73.1498,-0.6995],[73.1502,-0.6995],[73.1502,-0.6997],[73.1508,-0.6999],[73.1512,-0.6999],[73.1512,-0.7],[73.1512,-0.7],[73.1521,-0.7004],[73.1524,-0.7004],[73.1525,-0.7005],[73.1538,-0.701],[73.1541,-0.7014],[73.1541,-0.7024],[73.1541,-0.7026],[73.1542,-0.7026],[73.1542,-0.7027],[73.1542,-0.7028],[73.1543,-0.7028],[73.1543,-0.7029],[73.1545,-0.7029],[73.1545,-0.703],[73.1546,-0.703],[73.1546,-0.7031],[73.1547,-0.7031],[73.1547,-0.7031],[73.1551,-0.7031],[73.155,-0.7025],[73.1546,-0.7019],[73.1545,-0.7016],[73.1545,-0.7015],[73.1545,-0.7015],[73.1545,-0.7007],[73.1546,-0.7004],[73.156,-0.7003],[73.1566,-0.7005],[73.1576,-0.7004],[73.1576,-0.7005],[73.158,-0.7005],[73.1586,-0.7007],[73.1616,-0.7008],[73.1637,-0.7005],[73.1648,-0.6999],[73.1654,-0.6995],[73.1661,-0.6991],[73.1664,-0.6988],[73.1673,-0.6975],[73.1672,-0.6973],[73.1673,-0.6973],[73.1674,-0.6973],[73.1673,-0.6972],[73.1674,-0.6966],[73.1675,-0.6963],[73.1676,-0.6958],[73.1679,-0.6952],[73.1679,-0.6947],[73.1678,-0.6945],[73.1677,-0.6942],[73.1677,-0.6941],[73.1676,-0.6939],[73.1673,-0.6937],[73.1671,-0.6936],[73.1668,-0.6936],[73.1666,-0.6934],[73.1666,-0.6934],[73.1665,-0.6934],[73.1663,-0.6932],[73.1661,-0.6931],[73.1661,-0.693],[73.166,-0.693],[73.1658,-0.6928],[73.1648,-0.6922],[73.1638,-0.6919],[73.1636,-0.6917],[73.1626,-0.6911],[73.1619,-0.691],[73.1615,-0.6907],[73.1608,-0.6903],[73.1593,-0.6904],[73.1587,-0.6902],[73.1577,-0.6902],[73.1568,-0.6899],[73.1561,-0.6897],[73.1547,-0.6896],[73.1538,-0.6892]]],[[[73.1281,-0.6823],[73.128,-0.6824],[73.1282,-0.6824],[73.1281,-0.6823]]],[[[73.1285,-0.6822],[73.1282,-0.6823],[73.1284,-0.6824],[73.1285,-0.6822]]],[[[73.1259,-0.6794],[73.1257,-0.6793],[73.1254,-0.6792],[73.1253,-0.6792],[73.1249,-0.6793],[73.1247,-0.6796],[73.1249,-0.6797],[73.1252,-0.6801],[73.1259,-0.6809],[73.1267,-0.6821],[73.1268,-0.6826],[73.1269,-0.6829],[73.127,-0.683],[73.127,-0.6831],[73.1271,-0.6831],[73.1271,-0.6832],[73.1275,-0.6834],[73.1279,-0.6831],[73.128,-0.6826],[73.1272,-0.6821],[73.1271,-0.6816],[73.1269,-0.6815],[73.1269,-0.6811],[73.127,-0.6807],[73.1272,-0.6803],[73.1268,-0.6798],[73.1268,-0.6796],[73.1266,-0.6795],[73.1263,-0.6795],[73.1259,-0.6794]]],[[[73.1245,-0.6792],[73.1245,-0.6791],[73.1245,-0.679],[73.1243,-0.6789],[73.1241,-0.6794],[73.1245,-0.6794],[73.1245,-0.6792]]],[[[73.1369,-0.6806],[73.1364,-0.6804],[73.1352,-0.6797],[73.1353,-0.679],[73.1353,-0.6789],[73.134,-0.6783],[73.1328,-0.6776],[73.131,-0.6767],[73.1302,-0.6767],[73.13,-0.6783],[73.1298,-0.6793],[73.1296,-0.6805],[73.1297,-0.6805],[73.1295,-0.6813],[73.1297,-0.6815],[73.1296,-0.6818],[73.1292,-0.6819],[73.129,-0.6826],[73.1289,-0.6829],[73.129,-0.6834],[73.1288,-0.6835],[73.1286,-0.6837],[73.1285,-0.6841],[73.1286,-0.6846],[73.1287,-0.6854],[73.1288,-0.6856],[73.1297,-0.6861],[73.13,-0.6865],[73.1303,-0.6866],[73.1305,-0.6867],[73.1308,-0.6872],[73.1318,-0.6873],[73.132,-0.6873],[73.1321,-0.6874],[73.1323,-0.6876],[73.1327,-0.6878],[73.134,-0.6877],[73.1345,-0.6876],[73.1353,-0.6874],[73.1363,-0.6869],[73.1365,-0.6869],[73.1371,-0.6869],[73.1376,-0.6867],[73.1387,-0.6868],[73.1396,-0.6867],[73.1401,-0.6866],[73.1403,-0.6863],[73.1405,-0.6863],[73.1406,-0.6863],[73.1406,-0.6863],[73.1407,-0.6863],[73.1407,-0.6862],[73.1411,-0.6861],[73.1412,-0.6859],[73.1414,-0.6858],[73.1415,-0.6856],[73.1417,-0.6855],[73.142,-0.6853],[73.1423,-0.6848],[73.1423,-0.6838],[73.1421,-0.6833],[73.1407,-0.6823],[73.1405,-0.6821],[73.1401,-0.6818],[73.1395,-0.6814],[73.1389,-0.6809],[73.1385,-0.6808],[73.138,-0.6812],[73.1369,-0.6806]],[[73.1395,-0.6855],[73.1398,-0.6855],[73.1398,-0.6861],[73.1395,-0.6861],[73.1395,-0.6855]],[[73.1321,-0.6865],[73.1323,-0.6866],[73.1324,-0.687],[73.1321,-0.6872],[73.1321,-0.6865]]],[[[73.1276,-0.6728],[73.1275,-0.6728],[73.1276,-0.6729],[73.1276,-0.6728]]],[[[73.1942,-0.6739],[73.1942,-0.6734],[73.1941,-0.6731],[73.1942,-0.6728],[73.194,-0.6727],[73.193,-0.6722],[73.1921,-0.672],[73.1918,-0.6721],[73.1921,-0.6727],[73.1931,-0.6742],[73.1934,-0.6748],[73.1936,-0.6761],[73.1937,-0.6766],[73.1937,-0.6772],[73.1937,-0.6774],[73.1936,-0.6774],[73.1936,-0.6779],[73.1937,-0.6779],[73.1937,-0.6781],[73.1937,-0.6785],[73.1938,-0.6785],[73.1937,-0.6787],[73.1936,-0.6795],[73.1936,-0.6796],[73.1936,-0.68],[73.1935,-0.68],[73.1933,-0.6802],[73.1932,-0.6808],[73.1931,-0.6811],[73.193,-0.6811],[73.193,-0.6815],[73.1929,-0.6816],[73.1927,-0.6821],[73.1922,-0.6831],[73.1922,-0.6832],[73.1921,-0.6832],[73.1921,-0.6833],[73.192,-0.6833],[73.192,-0.6835],[73.1917,-0.6837],[73.1914,-0.6841],[73.1913,-0.6845],[73.191,-0.6846],[73.1906,-0.6847],[73.1904,-0.6852],[73.1903,-0.6854],[73.19,-0.6856],[73.1898,-0.6859],[73.1897,-0.6859],[73.1897,-0.686],[73.1895,-0.686],[73.1895,-0.6862],[73.1892,-0.6862],[73.1892,-0.6865],[73.1891,-0.6866],[73.189,-0.687],[73.1893,-0.6872],[73.1895,-0.6869],[73.1897,-0.6868],[73.1899,-0.6867],[73.1901,-0.6863],[73.1901,-0.6863],[73.1901,-0.6862],[73.1902,-0.6862],[73.1902,-0.6861],[73.1903,-0.6861],[73.1903,-0.686],[73.1903,-0.6859],[73.1907,-0.6857],[73.191,-0.6854],[73.191,-0.6854],[73.191,-0.6853],[73.1912,-0.6852],[73.1914,-0.6848],[73.1915,-0.6848],[73.1915,-0.6847],[73.1918,-0.6842],[73.1918,-0.684],[73.192,-0.6839],[73.1923,-0.6835],[73.1924,-0.6831],[73.1924,-0.6829],[73.1925,-0.6829],[73.1925,-0.683],[73.1925,-0.6831],[73.1925,-0.6832],[73.1926,-0.6831],[73.1927,-0.6831],[73.1927,-0.683],[73.1927,-0.683],[73.1927,-0.6829],[73.1929,-0.6828],[73.1936,-0.682],[73.1938,-0.6816],[73.1939,-0.6815],[73.1942,-0.6811],[73.1944,-0.6809],[73.1945,-0.6808],[73.1941,-0.6806],[73.1938,-0.6801],[73.1938,-0.68],[73.1937,-0.68],[73.1939,-0.6796],[73.1945,-0.6795],[73.1947,-0.6796],[73.1948,-0.6798],[73.1947,-0.6803],[73.1947,-0.6805],[73.1954,-0.6799],[73.1961,-0.6794],[73.1963,-0.679],[73.1966,-0.6785],[73.1969,-0.6779],[73.197,-0.6774],[73.1971,-0.677],[73.1974,-0.6756],[73.1976,-0.6748],[73.1973,-0.6742],[73.1972,-0.6738],[73.1964,-0.6732],[73.1961,-0.6731],[73.1957,-0.6732],[73.1954,-0.6733],[73.195,-0.6739],[73.1946,-0.674],[73.1942,-0.6739]]],[[[73.1917,-0.6716],[73.1916,-0.6717],[73.1918,-0.6718],[73.1917,-0.6716]]],[[[73.1164,-0.6608],[73.1162,-0.6605],[73.1158,-0.6601],[73.1154,-0.6596],[73.1153,-0.6592],[73.115,-0.6587],[73.1144,-0.6586],[73.1142,-0.659],[73.114,-0.6596],[73.1138,-0.6603],[73.114,-0.6613],[73.1145,-0.662],[73.1149,-0.6627],[73.1156,-0.6637],[73.1155,-0.6646],[73.1157,-0.6652],[73.1163,-0.6659],[73.1172,-0.6673],[73.1174,-0.6677],[73.1176,-0.668],[73.1177,-0.6681],[73.1182,-0.6678],[73.1186,-0.6679],[73.1193,-0.6684],[73.1197,-0.669],[73.1201,-0.6694],[73.1203,-0.67],[73.1206,-0.6703],[73.1208,-0.6708],[73.1212,-0.6714],[73.1219,-0.6722],[73.1226,-0.673],[73.124,-0.674],[73.1252,-0.675],[73.1256,-0.6757],[73.1263,-0.6765],[73.127,-0.6769],[73.1281,-0.6773],[73.129,-0.6771],[73.1294,-0.6768],[73.1299,-0.6765],[73.1296,-0.6759],[73.1294,-0.6753],[73.1293,-0.6748],[73.1287,-0.674],[73.1275,-0.6731],[73.1269,-0.6724],[73.1272,-0.6724],[73.1275,-0.6723],[73.1268,-0.672],[73.1261,-0.6711],[73.1259,-0.6705],[73.1256,-0.6701],[73.1252,-0.6703],[73.125,-0.6703],[73.1241,-0.669],[73.123,-0.6675],[73.122,-0.6658],[73.1216,-0.6654],[73.1216,-0.6651],[73.1216,-0.6649],[73.1214,-0.6647],[73.1208,-0.6649],[73.1199,-0.6643],[73.1188,-0.663],[73.119,-0.6627],[73.1194,-0.6621],[73.1191,-0.6621],[73.1189,-0.6621],[73.1187,-0.662],[73.1183,-0.6621],[73.1181,-0.662],[73.1178,-0.6621],[73.1164,-0.6608]]],[[[73.2169,-0.6603],[73.2172,-0.6601],[73.2173,-0.6601],[73.2176,-0.6599],[73.2177,-0.6595],[73.2174,-0.6589],[73.2173,-0.6586],[73.2173,-0.6586],[73.2172,-0.6578],[73.217,-0.6581],[73.2167,-0.6588],[73.2165,-0.6591],[73.2164,-0.6593],[73.2163,-0.6593],[73.2163,-0.6594],[73.2157,-0.6597],[73.2152,-0.6598],[73.2154,-0.6602],[73.2166,-0.6603],[73.2169,-0.6603]]],[[[73.1126,-0.656],[73.1124,-0.656],[73.1126,-0.6561],[73.1126,-0.656]]],[[[73.1121,-0.6559],[73.1121,-0.656],[73.1122,-0.656],[73.1121,-0.6559]]],[[[73.1119,-0.6561],[73.112,-0.6558],[73.1116,-0.6555],[73.1109,-0.655],[73.1103,-0.6546],[73.11,-0.6546],[73.1098,-0.6555],[73.1103,-0.6566],[73.1106,-0.6568],[73.1113,-0.6569],[73.1119,-0.6561]]],[[[73.1083,-0.6514],[73.1079,-0.6511],[73.1074,-0.65],[73.107,-0.6496],[73.1067,-0.6491],[73.1067,-0.6494],[73.1071,-0.6504],[73.1075,-0.6508],[73.1077,-0.6511],[73.1079,-0.6513],[73.108,-0.6514],[73.1082,-0.6515],[73.1083,-0.6516],[73.1083,-0.6514]]],[[[73.2224,-0.6437],[73.2223,-0.6433],[73.2221,-0.6437],[73.2223,-0.6439],[73.2223,-0.6439],[73.2224,-0.6439],[73.2225,-0.6439],[73.2225,-0.6437],[73.2224,-0.6437]]],[[[73.223,-0.6417],[73.2235,-0.6413],[73.2237,-0.6409],[73.2236,-0.6403],[73.2234,-0.6402],[73.2232,-0.64],[73.2232,-0.6403],[73.2231,-0.6403],[73.2231,-0.6405],[73.2231,-0.6407],[73.223,-0.6411],[73.2229,-0.6411],[73.2228,-0.6421],[73.2229,-0.6423],[73.223,-0.6417]]],[[[73.2237,-0.6386],[73.224,-0.6377],[73.2237,-0.6376],[73.2235,-0.6384],[73.2234,-0.639],[73.2236,-0.639],[73.2237,-0.6386]]],[[[73.2238,-0.6373],[73.2237,-0.6375],[73.2238,-0.6376],[73.2238,-0.6373]]],[[[73.2243,-0.6372],[73.2245,-0.6369],[73.2244,-0.6364],[73.2244,-0.6362],[73.2244,-0.6361],[73.2244,-0.6359],[73.2244,-0.6358],[73.2244,-0.6357],[73.2245,-0.6348],[73.2245,-0.6342],[73.2245,-0.6341],[73.2245,-0.6339],[73.2245,-0.6341],[73.2245,-0.6342],[73.2243,-0.6342],[73.2241,-0.635],[73.2241,-0.6356],[73.224,-0.6359],[73.2239,-0.636],[73.2237,-0.6371],[73.2239,-0.6372],[73.2243,-0.6372]]],[[[73.2257,-0.6255],[73.2256,-0.6256],[73.2254,-0.6257],[73.2253,-0.6258],[73.2252,-0.6262],[73.2254,-0.6267],[73.2254,-0.6268],[73.2254,-0.6281],[73.2253,-0.6287],[73.2253,-0.6289],[73.2253,-0.6291],[73.2252,-0.6292],[73.2249,-0.6302],[73.2249,-0.6305],[73.2248,-0.6305],[73.2248,-0.6306],[73.2248,-0.6313],[73.2247,-0.6313],[73.2247,-0.6315],[73.2247,-0.6319],[73.2245,-0.6328],[73.2245,-0.6332],[73.2245,-0.6332],[73.2244,-0.6335],[73.2246,-0.6337],[73.2247,-0.6334],[73.2247,-0.6333],[73.2248,-0.633],[73.2249,-0.6327],[73.2249,-0.6322],[73.2251,-0.6317],[73.225,-0.6314],[73.2252,-0.631],[73.2253,-0.631],[73.2253,-0.6309],[73.2254,-0.6308],[73.2256,-0.6298],[73.2258,-0.6294],[73.2257,-0.6291],[73.2257,-0.629],[73.2255,-0.6289],[73.2257,-0.6287],[73.2257,-0.6287],[73.2259,-0.6287],[73.2259,-0.6286],[73.226,-0.6285],[73.2265,-0.6271],[73.2265,-0.6264],[73.2266,-0.6264],[73.2266,-0.6261],[73.2267,-0.6261],[73.2267,-0.626],[73.2267,-0.6258],[73.2262,-0.6258],[73.226,-0.6257],[73.2259,-0.6257],[73.2259,-0.6256],[73.2258,-0.6256],[73.2257,-0.6255]]],[[[73.2253,-0.6158],[73.2247,-0.6154],[73.2248,-0.6162],[73.2248,-0.6164],[73.2249,-0.6164],[73.225,-0.617],[73.2251,-0.6176],[73.225,-0.6178],[73.2249,-0.6181],[73.2248,-0.6184],[73.225,-0.6195],[73.2252,-0.6196],[73.2252,-0.6201],[73.2252,-0.6214],[73.2253,-0.6227],[73.2254,-0.6227],[73.2254,-0.6235],[73.2255,-0.6235],[73.2256,-0.6242],[73.2256,-0.6243],[73.2257,-0.6249],[73.2261,-0.6247],[73.2261,-0.6241],[73.2262,-0.6238],[73.2262,-0.6237],[73.2263,-0.6235],[73.2265,-0.6233],[73.2265,-0.6231],[73.2268,-0.623],[73.2267,-0.622],[73.2266,-0.6214],[73.2265,-0.6205],[73.2261,-0.6193],[73.2258,-0.6193],[73.2255,-0.6192],[73.2255,-0.6191],[73.2254,-0.6191],[73.2256,-0.6186],[73.2258,-0.6186],[73.2257,-0.6173],[73.2258,-0.6158],[73.2255,-0.6158],[73.2253,-0.6158]]],[[[73.2247,-0.6148],[73.2246,-0.6148],[73.2245,-0.6152],[73.2247,-0.6153],[73.2247,-0.6148]]],[[[73.1488,-0.6124],[73.1489,-0.6127],[73.149,-0.6126],[73.1488,-0.6124]]],[[[73.1488,-0.6124],[73.1488,-0.6123],[73.1487,-0.6124],[73.1488,-0.6124]]],[[[73.1487,-0.6115],[73.1487,-0.6114],[73.1485,-0.6114],[73.1483,-0.6115],[73.1484,-0.6119],[73.1487,-0.6123],[73.1487,-0.6115]]],[[[73.1185,-0.6108],[73.1182,-0.6108],[73.1185,-0.6109],[73.1185,-0.6108]]],[[[73.1178,-0.6107],[73.1172,-0.6106],[73.1172,-0.6107],[73.1178,-0.6107],[73.1178,-0.6107]]],[[[73.2247,-0.6144],[73.2249,-0.6147],[73.2249,-0.6144],[73.225,-0.6139],[73.2256,-0.6138],[73.2258,-0.6138],[73.2259,-0.6132],[73.2259,-0.6127],[73.2259,-0.6124],[73.226,-0.6094],[73.2258,-0.6089],[73.2243,-0.609],[73.2241,-0.6092],[73.224,-0.61],[73.2239,-0.6103],[73.2237,-0.6111],[73.224,-0.612],[73.2242,-0.6134],[73.2244,-0.6139],[73.2245,-0.6143],[73.2247,-0.6144]]],[[[73.0915,-0.5977],[73.0913,-0.5977],[73.0915,-0.5978],[73.0915,-0.5977]]],[[[73.0875,-0.5948],[73.0874,-0.5945],[73.0872,-0.5947],[73.0873,-0.5952],[73.0874,-0.5953],[73.0875,-0.5948]]],[[[73.0903,-0.5938],[73.0898,-0.593],[73.0897,-0.5931],[73.0898,-0.5937],[73.0896,-0.5941],[73.0897,-0.5943],[73.0901,-0.5942],[73.0903,-0.5944],[73.0901,-0.5949],[73.0894,-0.5959],[73.0896,-0.5964],[73.0899,-0.5965],[73.0901,-0.596],[73.0904,-0.5958],[73.0906,-0.5957],[73.0908,-0.5951],[73.0906,-0.5946],[73.0904,-0.5944],[73.0903,-0.5938]]],[[[73.0862,-0.5902],[73.086,-0.5903],[73.0862,-0.5904],[73.0862,-0.5902]]],[[[73.0864,-0.5902],[73.0863,-0.5903],[73.0865,-0.5905],[73.0864,-0.5902]]],[[[73.0861,-0.59],[73.0858,-0.5901],[73.0862,-0.5901],[73.0861,-0.59]]],[[[73.0843,-0.5898],[73.0839,-0.5898],[73.0837,-0.5898],[73.0835,-0.59],[73.0829,-0.5902],[73.0827,-0.5906],[73.0829,-0.591],[73.0832,-0.591],[73.0833,-0.5908],[73.0836,-0.5908],[73.084,-0.5911],[73.0845,-0.5914],[73.0845,-0.5917],[73.0842,-0.5917],[73.0842,-0.5919],[73.0844,-0.5922],[73.0846,-0.5925],[73.085,-0.593],[73.0852,-0.593],[73.0853,-0.5927],[73.0858,-0.5924],[73.0864,-0.5923],[73.0863,-0.5917],[73.0862,-0.5914],[73.0862,-0.5913],[73.0859,-0.5911],[73.086,-0.5911],[73.0865,-0.5913],[73.0866,-0.5911],[73.0862,-0.5909],[73.0858,-0.5909],[73.0857,-0.5905],[73.0857,-0.5901],[73.0853,-0.59],[73.0848,-0.5903],[73.0845,-0.59],[73.0845,-0.5901],[73.0843,-0.5898]]],[[[73.0888,-0.5904],[73.0887,-0.5895],[73.0885,-0.5895],[73.0883,-0.59],[73.0883,-0.5905],[73.0882,-0.5907],[73.0876,-0.5907],[73.0878,-0.5912],[73.0885,-0.5914],[73.0886,-0.5924],[73.0888,-0.5929],[73.089,-0.5931],[73.0891,-0.5928],[73.089,-0.5922],[73.0888,-0.5915],[73.0889,-0.5909],[73.0888,-0.5904]]],[[[73.2232,-0.5927],[73.2231,-0.5919],[73.2228,-0.5904],[73.223,-0.5901],[73.2226,-0.5897],[73.222,-0.5888],[73.2216,-0.5887],[73.2213,-0.5888],[73.221,-0.5892],[73.2214,-0.5895],[73.2215,-0.5896],[73.2218,-0.5905],[73.2221,-0.5924],[73.2218,-0.5928],[73.2217,-0.5931],[73.2222,-0.5932],[73.2222,-0.5933],[73.2223,-0.5933],[73.2231,-0.5934],[73.2232,-0.5927]]],[[[73.0766,-0.5879],[73.0765,-0.5875],[73.0763,-0.5878],[73.0764,-0.5882],[73.0765,-0.5882],[73.0766,-0.5879]]],[[[73.0886,-0.5874],[73.0887,-0.5877],[73.0889,-0.5882],[73.0888,-0.5888],[73.0892,-0.5884],[73.0892,-0.5882],[73.0888,-0.5875],[73.0886,-0.5874]]],[[[73.0886,-0.5874],[73.0886,-0.5873],[73.0885,-0.5873],[73.0885,-0.5874],[73.0886,-0.5874]]],[[[73.0885,-0.5873],[73.0885,-0.5873],[73.0885,-0.5873],[73.0885,-0.5873],[73.0885,-0.5873]]],[[[73.2226,-0.5857],[73.2225,-0.5858],[73.2225,-0.5858],[73.2226,-0.5857]]],[[[73.0884,-0.5857],[73.0882,-0.586],[73.0885,-0.586],[73.0884,-0.5857]]],[[[73.0791,-0.5837],[73.0789,-0.5835],[73.0788,-0.5838],[73.0791,-0.5838],[73.0791,-0.5837]]],[[[73.0768,-0.5856],[73.0769,-0.5856],[73.0769,-0.5855],[73.0769,-0.5852],[73.077,-0.585],[73.077,-0.585],[73.0771,-0.5847],[73.0772,-0.5846],[73.0775,-0.584],[73.0778,-0.5836],[73.0783,-0.5834],[73.0787,-0.5832],[73.0788,-0.5829],[73.0778,-0.5833],[73.0771,-0.5837],[73.077,-0.5839],[73.0769,-0.5839],[73.0769,-0.584],[73.0768,-0.584],[73.0768,-0.5841],[73.0767,-0.5842],[73.0767,-0.5844],[73.0766,-0.5844],[73.0765,-0.5848],[73.0766,-0.5856],[73.0766,-0.5859],[73.0768,-0.5856]]],[[[73.0879,-0.5826],[73.0882,-0.5824],[73.0883,-0.5818],[73.0878,-0.5818],[73.0879,-0.5826]]],[[[73.2223,-0.58],[73.2219,-0.5796],[73.2217,-0.5797],[73.2219,-0.5798],[73.222,-0.58],[73.2224,-0.5803],[73.2223,-0.58]]],[[[73.2226,-0.5857],[73.2233,-0.5857],[73.2245,-0.5855],[73.225,-0.5866],[73.2253,-0.5877],[73.2255,-0.5886],[73.2255,-0.5891],[73.2255,-0.5895],[73.2252,-0.5897],[73.2255,-0.5899],[73.2256,-0.5901],[73.2258,-0.5917],[73.226,-0.5924],[73.2258,-0.5938],[73.2257,-0.5946],[73.2251,-0.595],[73.2246,-0.5955],[73.2239,-0.5957],[73.2238,-0.5953],[73.2241,-0.5949],[73.2245,-0.5946],[73.2246,-0.5945],[73.2243,-0.5942],[73.2239,-0.5946],[73.2237,-0.5952],[73.2234,-0.5958],[73.2234,-0.5968],[73.2237,-0.5969],[73.2238,-0.5962],[73.2241,-0.596],[73.2242,-0.5962],[73.2242,-0.5974],[73.2238,-0.5975],[73.2237,-0.597],[73.2234,-0.597],[73.2231,-0.5979],[73.2227,-0.5984],[73.2226,-0.5991],[73.2231,-0.5997],[73.2235,-0.6008],[73.2237,-0.6018],[73.2238,-0.6058],[73.224,-0.6065],[73.2241,-0.6073],[73.224,-0.6085],[73.2241,-0.6089],[73.2256,-0.6088],[73.2259,-0.6086],[73.2258,-0.6077],[73.2255,-0.6072],[73.2254,-0.607],[73.2254,-0.6068],[73.2254,-0.6068],[73.2252,-0.6059],[73.2255,-0.6057],[73.2256,-0.6057],[73.2257,-0.6059],[73.2259,-0.6058],[73.226,-0.6055],[73.2261,-0.6054],[73.2262,-0.6052],[73.2262,-0.6051],[73.2262,-0.605],[73.2261,-0.605],[73.2261,-0.605],[73.2262,-0.605],[73.2262,-0.6048],[73.2262,-0.6047],[73.2263,-0.6035],[73.2263,-0.6032],[73.2262,-0.6031],[73.2263,-0.6025],[73.2263,-0.6018],[73.2263,-0.6012],[73.2263,-0.6008],[73.226,-0.6002],[73.2254,-0.5994],[73.2258,-0.5991],[73.2261,-0.5991],[73.228,-0.5988],[73.2284,-0.5988],[73.2288,-0.5986],[73.2307,-0.5967],[73.2316,-0.5959],[73.232,-0.5954],[73.2325,-0.5949],[73.2333,-0.5939],[73.2341,-0.5931],[73.2348,-0.5922],[73.235,-0.5918],[73.2353,-0.5917],[73.2354,-0.5914],[73.2355,-0.5913],[73.2356,-0.591],[73.2359,-0.5905],[73.2365,-0.5894],[73.2366,-0.5892],[73.2366,-0.5892],[73.2369,-0.5887],[73.2374,-0.588],[73.2374,-0.5878],[73.2377,-0.5874],[73.2378,-0.5872],[73.2379,-0.5872],[73.2379,-0.587],[73.2381,-0.5867],[73.2381,-0.5866],[73.2382,-0.5866],[73.2382,-0.5865],[73.2383,-0.5865],[73.2383,-0.5864],[73.2386,-0.5857],[73.2387,-0.5854],[73.2387,-0.5853],[73.2388,-0.5851],[73.2389,-0.5848],[73.2392,-0.584],[73.2393,-0.5833],[73.2394,-0.5832],[73.2395,-0.5813],[73.2395,-0.5812],[73.2394,-0.5812],[73.2394,-0.5811],[73.2395,-0.581],[73.2394,-0.5803],[73.2388,-0.5798],[73.2388,-0.5798],[73.2383,-0.5794],[73.237,-0.5794],[73.2358,-0.5794],[73.2357,-0.5795],[73.2351,-0.5796],[73.2343,-0.5797],[73.2328,-0.5798],[73.2314,-0.58],[73.2297,-0.5802],[73.2292,-0.5804],[73.2292,-0.5803],[73.2291,-0.5803],[73.2284,-0.5803],[73.2284,-0.5804],[73.2283,-0.5804],[73.2282,-0.5803],[73.226,-0.5805],[73.2255,-0.5807],[73.2255,-0.5806],[73.2251,-0.5807],[73.2236,-0.5806],[73.2232,-0.5808],[73.2233,-0.5811],[73.2232,-0.5814],[73.2236,-0.5819],[73.2237,-0.5823],[73.2237,-0.5828],[73.2228,-0.5831],[73.2227,-0.5831],[73.2227,-0.5832],[73.2223,-0.5833],[73.2222,-0.5832],[73.2217,-0.5829],[73.2216,-0.5827],[73.2208,-0.5826],[73.2205,-0.5825],[73.2203,-0.5823],[73.22,-0.5822],[73.22,-0.582],[73.2198,-0.582],[73.2198,-0.5827],[73.2199,-0.5827],[73.22,-0.583],[73.2201,-0.5833],[73.2201,-0.5834],[73.2202,-0.5834],[73.2203,-0.5837],[73.2204,-0.5838],[73.2204,-0.5838],[73.2208,-0.5845],[73.2213,-0.5844],[73.2222,-0.5842],[73.2223,-0.5845],[73.2224,-0.5851],[73.2225,-0.5855],[73.2226,-0.5857]],[[73.2293,-0.592],[73.2293,-0.5915],[73.2294,-0.5914],[73.2295,-0.5913],[73.2296,-0.5915],[73.2297,-0.592],[73.2297,-0.5922],[73.2296,-0.5922],[73.2293,-0.592]]],[[[73.2214,-0.5797],[73.2214,-0.5796],[73.2213,-0.5793],[73.2211,-0.5795],[73.2213,-0.5797],[73.2214,-0.5797]]],[[[73.0879,-0.5826],[73.0879,-0.5826],[73.0875,-0.5827],[73.0873,-0.5828],[73.0872,-0.5828],[73.0874,-0.5825],[73.0873,-0.5823],[73.0869,-0.5824],[73.0867,-0.5826],[73.0866,-0.5827],[73.0864,-0.5832],[73.0861,-0.5833],[73.0858,-0.5828],[73.0857,-0.5825],[73.0855,-0.5823],[73.0854,-0.5822],[73.0854,-0.5821],[73.0853,-0.5821],[73.0853,-0.582],[73.0852,-0.582],[73.0852,-0.582],[73.0851,-0.582],[73.0851,-0.5818],[73.085,-0.5818],[73.085,-0.5816],[73.0849,-0.5816],[73.0849,-0.5814],[73.0849,-0.5814],[73.0849,-0.5813],[73.0849,-0.5808],[73.085,-0.5806],[73.086,-0.5805],[73.0864,-0.5802],[73.0869,-0.58],[73.0875,-0.5795],[73.0884,-0.5797],[73.0887,-0.5801],[73.0888,-0.5802],[73.0889,-0.5798],[73.0891,-0.5794],[73.0896,-0.579],[73.0897,-0.5788],[73.0886,-0.5787],[73.087,-0.5791],[73.0868,-0.5792],[73.0862,-0.5793],[73.0849,-0.5798],[73.0846,-0.58],[73.0842,-0.5802],[73.0834,-0.5807],[73.0829,-0.5809],[73.0812,-0.582],[73.0812,-0.5822],[73.0811,-0.5823],[73.0807,-0.5824],[73.0802,-0.5826],[73.08,-0.5835],[73.0801,-0.5839],[73.0799,-0.5842],[73.0793,-0.5844],[73.0792,-0.5845],[73.0791,-0.5845],[73.0791,-0.5844],[73.0789,-0.5843],[73.0786,-0.5846],[73.0784,-0.5853],[73.0785,-0.5858],[73.0786,-0.5858],[73.0786,-0.5865],[73.0785,-0.5865],[73.0785,-0.5867],[73.0784,-0.5868],[73.0783,-0.5875],[73.0779,-0.589],[73.0779,-0.5891],[73.0779,-0.5891],[73.0779,-0.5891],[73.0776,-0.5896],[73.0773,-0.5902],[73.0772,-0.5905],[73.077,-0.5905],[73.077,-0.5906],[73.0765,-0.5907],[73.0767,-0.5912],[73.0768,-0.5914],[73.0769,-0.5914],[73.0769,-0.5915],[73.0769,-0.5916],[73.077,-0.5916],[73.0772,-0.5924],[73.0776,-0.5929],[73.0777,-0.5931],[73.0779,-0.5932],[73.0779,-0.5934],[73.0779,-0.5934],[73.0783,-0.594],[73.079,-0.5957],[73.0792,-0.5965],[73.0794,-0.597],[73.0798,-0.5981],[73.0806,-0.5999],[73.0813,-0.601],[73.0819,-0.6018],[73.0822,-0.6026],[73.0823,-0.603],[73.0824,-0.6034],[73.0829,-0.6043],[73.0839,-0.6063],[73.0841,-0.6071],[73.0845,-0.6078],[73.0856,-0.6098],[73.0859,-0.6109],[73.0864,-0.6117],[73.0869,-0.6126],[73.0873,-0.6135],[73.0876,-0.6142],[73.0882,-0.6152],[73.0885,-0.616],[73.0889,-0.617],[73.0893,-0.6179],[73.0899,-0.6188],[73.0901,-0.619],[73.0901,-0.6191],[73.0902,-0.6191],[73.0902,-0.6192],[73.0902,-0.6193],[73.0902,-0.6194],[73.0903,-0.6194],[73.0903,-0.6195],[73.0903,-0.6196],[73.0904,-0.6196],[73.0906,-0.62],[73.0909,-0.6201],[73.0909,-0.6202],[73.091,-0.6202],[73.091,-0.6203],[73.091,-0.6204],[73.0911,-0.6204],[73.0911,-0.6205],[73.0911,-0.6205],[73.0914,-0.6209],[73.0914,-0.6209],[73.0915,-0.6209],[73.0918,-0.6215],[73.092,-0.6216],[73.092,-0.6219],[73.0926,-0.6229],[73.093,-0.6235],[73.0931,-0.6236],[73.0931,-0.6237],[73.0932,-0.6237],[73.0933,-0.6239],[73.0933,-0.624],[73.0934,-0.624],[73.0934,-0.6241],[73.0935,-0.6241],[73.0935,-0.6243],[73.0936,-0.6243],[73.0936,-0.6244],[73.0936,-0.6245],[73.0937,-0.6245],[73.0937,-0.6247],[73.0942,-0.6257],[73.0944,-0.6262],[73.095,-0.6268],[73.0953,-0.6271],[73.0955,-0.6273],[73.0967,-0.6283],[73.0969,-0.6284],[73.0969,-0.6286],[73.0975,-0.6292],[73.0978,-0.6294],[73.0978,-0.6296],[73.098,-0.6296],[73.098,-0.6297],[73.0982,-0.63],[73.0988,-0.6308],[73.0993,-0.6318],[73.0996,-0.6326],[73.1003,-0.6339],[73.1007,-0.6348],[73.1009,-0.6358],[73.101,-0.6369],[73.1012,-0.6374],[73.1017,-0.638],[73.1022,-0.6388],[73.1026,-0.6392],[73.1029,-0.6399],[73.1033,-0.6405],[73.1034,-0.6407],[73.1035,-0.6407],[73.1036,-0.6411],[73.1039,-0.6416],[73.1039,-0.6418],[73.104,-0.6418],[73.104,-0.642],[73.1041,-0.642],[73.1041,-0.6421],[73.1043,-0.6426],[73.1044,-0.6426],[73.1044,-0.6432],[73.1046,-0.6437],[73.1046,-0.6439],[73.1045,-0.644],[73.1046,-0.6446],[73.1047,-0.6444],[73.1048,-0.6444],[73.1048,-0.6446],[73.1048,-0.6447],[73.1048,-0.6448],[73.105,-0.6455],[73.1053,-0.6461],[73.1057,-0.6467],[73.1059,-0.6468],[73.1059,-0.6472],[73.1063,-0.6475],[73.1062,-0.6469],[73.106,-0.6468],[73.106,-0.6456],[73.106,-0.6455],[73.1061,-0.6452],[73.106,-0.6449],[73.1058,-0.6441],[73.1057,-0.643],[73.1056,-0.6428],[73.1056,-0.6426],[73.1056,-0.6418],[73.1052,-0.6412],[73.1049,-0.6407],[73.1047,-0.6405],[73.1047,-0.6403],[73.1044,-0.6402],[73.1044,-0.6401],[73.1044,-0.6401],[73.1043,-0.6399],[73.1042,-0.6398],[73.1042,-0.6397],[73.1041,-0.6397],[73.1041,-0.6396],[73.104,-0.6396],[73.104,-0.6395],[73.1039,-0.6395],[73.1038,-0.6393],[73.1036,-0.6391],[73.1036,-0.639],[73.1035,-0.639],[73.1035,-0.6388],[73.1031,-0.6381],[73.1028,-0.6375],[73.1027,-0.6373],[73.1024,-0.6365],[73.1022,-0.6361],[73.102,-0.6357],[73.1019,-0.6355],[73.1017,-0.635],[73.1015,-0.6346],[73.1012,-0.6338],[73.1008,-0.6325],[73.1007,-0.6316],[73.1005,-0.631],[73.1005,-0.6308],[73.1031,-0.6307],[73.1029,-0.63],[73.1028,-0.6286],[73.1026,-0.627],[73.1023,-0.6261],[73.1021,-0.625],[73.1018,-0.6247],[73.1015,-0.6247],[73.1014,-0.6248],[73.1012,-0.6248],[73.1007,-0.6249],[73.1004,-0.6249],[73.0999,-0.6249],[73.0995,-0.6244],[73.0994,-0.6239],[73.0996,-0.6219],[73.0999,-0.6205],[73.0998,-0.6195],[73.0995,-0.618],[73.0991,-0.6174],[73.099,-0.6172],[73.099,-0.6172],[73.099,-0.6171],[73.099,-0.617],[73.0988,-0.6167],[73.0988,-0.6166],[73.0989,-0.616],[73.0986,-0.6154],[73.0983,-0.6149],[73.0981,-0.6144],[73.0978,-0.6138],[73.0976,-0.6132],[73.0966,-0.6116],[73.0961,-0.6106],[73.0955,-0.6101],[73.0948,-0.6091],[73.0943,-0.6086],[73.0941,-0.6082],[73.0937,-0.6077],[73.0933,-0.6068],[73.0932,-0.6066],[73.0929,-0.6059],[73.0935,-0.6055],[73.0939,-0.6052],[73.0943,-0.6054],[73.0946,-0.6057],[73.0947,-0.6058],[73.0943,-0.6051],[73.094,-0.6045],[73.093,-0.603],[73.0925,-0.6023],[73.0923,-0.602],[73.092,-0.6017],[73.0911,-0.6018],[73.0907,-0.6017],[73.0897,-0.6016],[73.0891,-0.6013],[73.0879,-0.6012],[73.0874,-0.6008],[73.0869,-0.5998],[73.0863,-0.5991],[73.0861,-0.5987],[73.086,-0.5982],[73.0859,-0.598],[73.0859,-0.5979],[73.0857,-0.5974],[73.0855,-0.5973],[73.0855,-0.5972],[73.0854,-0.5972],[73.0853,-0.5969],[73.0847,-0.5957],[73.0846,-0.5952],[73.0844,-0.5946],[73.0842,-0.5933],[73.0841,-0.5934],[73.084,-0.5929],[73.0836,-0.5926],[73.0835,-0.5922],[73.0829,-0.5924],[73.0825,-0.5926],[73.0819,-0.5924],[73.0816,-0.592],[73.0817,-0.5914],[73.0816,-0.5906],[73.0816,-0.5903],[73.0821,-0.59],[73.0824,-0.5899],[73.0831,-0.5897],[73.0832,-0.5889],[73.0839,-0.5882],[73.0836,-0.5875],[73.084,-0.5873],[73.0844,-0.5876],[73.0844,-0.5878],[73.0842,-0.5879],[73.0842,-0.5881],[73.0845,-0.5881],[73.0845,-0.5878],[73.0846,-0.5876],[73.0846,-0.5871],[73.0852,-0.5869],[73.0854,-0.5867],[73.0852,-0.5865],[73.0851,-0.5864],[73.085,-0.5864],[73.085,-0.5862],[73.0851,-0.586],[73.0853,-0.586],[73.0852,-0.5862],[73.0858,-0.5861],[73.086,-0.5865],[73.086,-0.5865],[73.0859,-0.5867],[73.0863,-0.5873],[73.0867,-0.5875],[73.0868,-0.5876],[73.0871,-0.5877],[73.0872,-0.587],[73.0874,-0.5868],[73.0875,-0.5863],[73.0871,-0.5857],[73.087,-0.5856],[73.087,-0.5853],[73.0867,-0.5848],[73.0869,-0.5843],[73.0871,-0.5844],[73.0872,-0.585],[73.0874,-0.5854],[73.0876,-0.586],[73.0878,-0.5864],[73.0879,-0.5868],[73.0885,-0.5873],[73.0884,-0.5864],[73.0881,-0.5859],[73.0882,-0.5857],[73.0882,-0.5853],[73.088,-0.5855],[73.088,-0.5854],[73.0876,-0.5853],[73.0875,-0.5851],[73.0879,-0.5841],[73.0878,-0.5837],[73.0877,-0.5832],[73.0876,-0.583],[73.0879,-0.5829],[73.0879,-0.5826]],[[73.0951,-0.6204],[73.0953,-0.6206],[73.0952,-0.6213],[73.0951,-0.6213],[73.095,-0.621],[73.0947,-0.6206],[73.0951,-0.6204]]],[[[73.2145,-0.5777],[73.2142,-0.5776],[73.2142,-0.5776],[73.2139,-0.5775],[73.2136,-0.5773],[73.2134,-0.5772],[73.213,-0.577],[73.2124,-0.5771],[73.2126,-0.5774],[73.213,-0.5775],[73.2138,-0.5777],[73.2138,-0.5778],[73.2141,-0.5779],[73.2142,-0.578],[73.2146,-0.5783],[73.2159,-0.5791],[73.2164,-0.5794],[73.2167,-0.5796],[73.2175,-0.5802],[73.2183,-0.5808],[73.2189,-0.5816],[73.2192,-0.5817],[73.2196,-0.5811],[73.22,-0.5802],[73.2198,-0.5801],[73.2196,-0.5805],[73.2194,-0.5807],[73.2192,-0.5805],[73.2191,-0.5804],[73.219,-0.5804],[73.2186,-0.58],[73.2184,-0.58],[73.2184,-0.5799],[73.2178,-0.5797],[73.2176,-0.5795],[73.2176,-0.5791],[73.2173,-0.5788],[73.2171,-0.5786],[73.2168,-0.5785],[73.2168,-0.5785],[73.2166,-0.5784],[73.2165,-0.579],[73.2156,-0.5786],[73.2155,-0.5781],[73.2152,-0.5779],[73.2152,-0.5778],[73.2151,-0.5778],[73.2145,-0.5777]]],[[[73.2075,-0.5767],[73.2074,-0.5768],[73.2076,-0.5768],[73.2075,-0.5767]]],[[[73.1971,0.1933],[73.1965,0.1934],[73.1961,0.193],[73.1959,0.1922],[73.1959,0.1917],[73.1962,0.1915],[73.1962,0.1913],[73.1964,0.191],[73.1963,0.1907],[73.1963,0.1906],[73.196,0.1898],[73.196,0.1893],[73.197,0.1896],[73.1971,0.1897],[73.1971,0.1897],[73.1971,0.1898],[73.1972,0.19],[73.1977,0.1904],[73.1983,0.1908],[73.1984,0.1914],[73.1987,0.1913],[73.1989,0.1917],[73.1991,0.192],[73.1994,0.1927],[73.199,0.1928],[73.1986,0.1926],[73.1981,0.1925],[73.1971,0.1933]]],[[[73.2009,0.194],[73.2007,0.1945],[73.2006,0.1941],[73.2003,0.1935],[73.2005,0.1922],[73.2003,0.1918],[73.1992,0.1912],[73.1991,0.1907],[73.199,0.1903],[73.199,0.1903],[73.1987,0.1899],[73.1986,0.1893],[73.1982,0.1886],[73.1982,0.1885],[73.1982,0.1884],[73.1982,0.1883],[73.1983,0.1883],[73.1985,0.1884],[73.1992,0.189],[73.1997,0.1896],[73.2002,0.1899],[73.2003,0.1898],[73.2006,0.1899],[73.2007,0.1901],[73.201,0.1901],[73.2015,0.1908],[73.2021,0.1907],[73.2027,0.1906],[73.2035,0.1907],[73.2038,0.1909],[73.2039,0.1909],[73.2042,0.191],[73.2043,0.1911],[73.204,0.1912],[73.204,0.1912],[73.2039,0.1913],[73.2037,0.1915],[73.2032,0.1917],[73.2027,0.1921],[73.2022,0.1923],[73.202,0.1925],[73.2019,0.1927],[73.2016,0.1931],[73.2016,0.1932],[73.2016,0.1932],[73.2015,0.1934],[73.2012,0.1936],[73.2009,0.194]]],[[[73.1915,0.1946],[73.1913,0.1946],[73.1913,0.1947],[73.1912,0.1947],[73.191,0.1947],[73.191,0.1945],[73.191,0.1945],[73.191,0.1944],[73.1909,0.1943],[73.1908,0.1942],[73.1906,0.194],[73.1907,0.1938],[73.1915,0.1946]]],[[[73.1931,0.1948],[73.1927,0.1946],[73.1924,0.1947],[73.1919,0.1941],[73.1917,0.1936],[73.1914,0.1934],[73.1912,0.193],[73.1914,0.1926],[73.1918,0.1926],[73.192,0.1928],[73.1921,0.1931],[73.1926,0.1934],[73.1928,0.1938],[73.1931,0.1948]]],[[[73.1931,0.195],[73.193,0.1949],[73.1931,0.1949],[73.1931,0.195]]],[[[73.1948,0.1952],[73.1943,0.1955],[73.1935,0.1952],[73.1932,0.1944],[73.1933,0.1938],[73.1936,0.1933],[73.1939,0.1933],[73.194,0.1933],[73.1942,0.1935],[73.1948,0.1941],[73.1949,0.1944],[73.1957,0.1946],[73.1958,0.195],[73.1955,0.1951],[73.1953,0.1951],[73.1948,0.1952]]],[[[73.2262,0.1956],[73.2261,0.1956],[73.2263,0.1955],[73.2262,0.1956]]],[[[73.2011,0.1954],[73.2012,0.1957],[73.201,0.1958],[73.2009,0.1953],[73.201,0.1952],[73.2011,0.1954]]],[[[73.2255,0.1961],[73.2254,0.1959],[73.2255,0.1959],[73.2255,0.1961]]],[[[73.1818,0.2027],[73.1817,0.2028],[73.1816,0.2025],[73.1817,0.2024],[73.1818,0.2027]]],[[[73.19,0.2006],[73.1885,0.2019],[73.1869,0.2025],[73.1862,0.2028],[73.1857,0.2031],[73.1852,0.2032],[73.1848,0.2034],[73.1842,0.2036],[73.1834,0.2038],[73.183,0.2037],[73.1827,0.2034],[73.1827,0.203],[73.1826,0.2029],[73.1825,0.2019],[73.1822,0.2011],[73.1822,0.2006],[73.1823,0.2],[73.1829,0.1996],[73.1838,0.1998],[73.1845,0.2003],[73.1855,0.2002],[73.1867,0.1997],[73.187,0.2001],[73.1881,0.1999],[73.1883,0.1994],[73.1883,0.1991],[73.1882,0.1967],[73.1878,0.1963],[73.187,0.1959],[73.187,0.1955],[73.1873,0.195],[73.1877,0.1946],[73.1881,0.1943],[73.1884,0.1943],[73.1888,0.1947],[73.189,0.1951],[73.1897,0.1956],[73.1905,0.1965],[73.1907,0.197],[73.1907,0.1977],[73.1911,0.1988],[73.1914,0.1992],[73.1918,0.1999],[73.1914,0.2002],[73.1914,0.2004],[73.1911,0.2004],[73.1906,0.2004],[73.19,0.2006]]],[[[73.1791,0.2034],[73.1792,0.2035],[73.1795,0.2036],[73.1795,0.2036],[73.1795,0.2037],[73.1802,0.2043],[73.1805,0.2046],[73.18,0.2046],[73.1798,0.2045],[73.1793,0.2045],[73.1793,0.2043],[73.1792,0.2043],[73.1792,0.2042],[73.179,0.2039],[73.1788,0.2037],[73.1789,0.2035],[73.179,0.2034],[73.179,0.2033],[73.1791,0.2034]]],[[[73.1622,0.2064],[73.1619,0.2065],[73.1616,0.2063],[73.1612,0.2065],[73.1613,0.2062],[73.1619,0.2061],[73.162,0.2062],[73.1622,0.2064]]],[[[73.1751,0.2061],[73.1755,0.2067],[73.1756,0.2074],[73.1756,0.2074],[73.1761,0.208],[73.1766,0.2086],[73.1759,0.2088],[73.1752,0.209],[73.175,0.2081],[73.1747,0.207],[73.1746,0.2061],[73.1749,0.206],[73.1751,0.2061]]],[[[73.1636,0.2092],[73.1633,0.209],[73.1632,0.2092],[73.1625,0.2089],[73.1614,0.2084],[73.1609,0.2079],[73.1608,0.2076],[73.1603,0.2075],[73.1605,0.2071],[73.161,0.207],[73.1611,0.2069],[73.1615,0.2069],[73.1617,0.2068],[73.162,0.207],[73.1622,0.2069],[73.1624,0.2066],[73.1625,0.2066],[73.1627,0.2069],[73.1632,0.2069],[73.1633,0.2068],[73.1635,0.2066],[73.1642,0.2068],[73.1643,0.2073],[73.1645,0.2077],[73.1644,0.2078],[73.1643,0.2079],[73.1641,0.2081],[73.1637,0.2081],[73.164,0.2076],[73.1637,0.2074],[73.1633,0.2076],[73.1634,0.2079],[73.164,0.2086],[73.1637,0.2088],[73.1636,0.2092]]],[[[73.1718,0.2091],[73.1719,0.2099],[73.1714,0.21],[73.1709,0.21],[73.1708,0.2101],[73.1705,0.2101],[73.1704,0.2101],[73.1704,0.21],[73.1704,0.2099],[73.1705,0.2094],[73.1706,0.2093],[73.1706,0.2089],[73.1706,0.2089],[73.1706,0.2086],[73.1707,0.2086],[73.1706,0.2083],[73.1706,0.2081],[73.1705,0.208],[73.1706,0.2079],[73.1707,0.2078],[73.1709,0.2077],[73.171,0.208],[73.1713,0.208],[73.1713,0.2081],[73.1714,0.2082],[73.1717,0.2085],[73.1718,0.2091]]],[[[73.1601,0.208],[73.1612,0.2087],[73.1618,0.2089],[73.1625,0.2092],[73.1631,0.2099],[73.1637,0.2101],[73.164,0.2103],[73.1646,0.2117],[73.1652,0.212],[73.1652,0.2123],[73.1648,0.2124],[73.1646,0.2121],[73.1636,0.2117],[73.1633,0.2115],[73.1626,0.2112],[73.1625,0.2112],[73.1625,0.2111],[73.1623,0.2111],[73.1623,0.211],[73.1622,0.2109],[73.1618,0.2108],[73.1612,0.2104],[73.1606,0.21],[73.1599,0.2089],[73.1598,0.2085],[73.1595,0.2081],[73.1586,0.2079],[73.1579,0.2078],[73.1571,0.2079],[73.1569,0.208],[73.1566,0.208],[73.1564,0.2079],[73.1566,0.2076],[73.157,0.2072],[73.1572,0.2069],[73.1574,0.2068],[73.1582,0.2062],[73.1585,0.2061],[73.1592,0.2061],[73.16,0.2065],[73.1601,0.207],[73.1599,0.2075],[73.1601,0.208]]],[[[73.1421,0.2143],[73.1417,0.2144],[73.1414,0.2143],[73.141,0.2141],[73.1403,0.2142],[73.1409,0.2138],[73.1415,0.2138],[73.1416,0.2138],[73.142,0.2141],[73.1421,0.2143]]],[[[73.157,0.2202],[73.1571,0.2205],[73.1578,0.2208],[73.1581,0.2209],[73.158,0.2213],[73.1575,0.2211],[73.1571,0.221],[73.1564,0.2205],[73.1563,0.2203],[73.1556,0.2202],[73.1547,0.2203],[73.1543,0.2203],[73.1542,0.2201],[73.1541,0.2201],[73.154,0.22],[73.154,0.2198],[73.1539,0.2196],[73.1539,0.2195],[73.1538,0.2193],[73.1537,0.2183],[73.1539,0.2172],[73.1538,0.217],[73.1538,0.2162],[73.1539,0.2158],[73.1539,0.2159],[73.1541,0.216],[73.1543,0.2164],[73.1542,0.2165],[73.1543,0.2166],[73.1542,0.2169],[73.1541,0.2169],[73.1542,0.2174],[73.1542,0.2177],[73.1545,0.2182],[73.1546,0.2183],[73.1547,0.2183],[73.1547,0.2184],[73.1547,0.2184],[73.1547,0.2185],[73.1549,0.2185],[73.1549,0.2186],[73.1551,0.2186],[73.1552,0.2187],[73.1553,0.2186],[73.1555,0.2188],[73.1556,0.2188],[73.1556,0.2189],[73.1557,0.2191],[73.1557,0.2193],[73.1561,0.2195],[73.1564,0.2189],[73.1568,0.2194],[73.157,0.2202]]],[[[73.2179,0.2248],[73.2182,0.2251],[73.2176,0.2255],[73.2175,0.2255],[73.2174,0.2257],[73.217,0.2257],[73.2169,0.2258],[73.216,0.226],[73.2153,0.2259],[73.2152,0.2254],[73.2154,0.2248],[73.2157,0.2245],[73.2163,0.2243],[73.2179,0.2248]]],[[[73.1367,0.226],[73.1366,0.2265],[73.1362,0.2273],[73.1357,0.2276],[73.1352,0.2282],[73.1347,0.2283],[73.1347,0.2286],[73.1345,0.2287],[73.1343,0.2284],[73.1344,0.2281],[73.1344,0.2281],[73.1343,0.2277],[73.1339,0.2271],[73.1324,0.2255],[73.1322,0.225],[73.1319,0.2246],[73.1318,0.2244],[73.1315,0.2242],[73.1315,0.2238],[73.1314,0.2235],[73.1316,0.2232],[73.1322,0.2227],[73.133,0.2218],[73.133,0.2217],[73.1331,0.2217],[73.1332,0.2214],[73.1345,0.2202],[73.1348,0.2199],[73.1355,0.2192],[73.1359,0.2187],[73.1362,0.2185],[73.1362,0.2184],[73.1362,0.2184],[73.1363,0.2182],[73.1366,0.218],[73.1368,0.218],[73.1368,0.2179],[73.1372,0.2177],[73.1376,0.2172],[73.1381,0.2166],[73.1382,0.2165],[73.1383,0.2158],[73.1384,0.2157],[73.1384,0.2157],[73.1391,0.2151],[73.1392,0.2157],[73.1397,0.2158],[73.1402,0.2154],[73.1409,0.215],[73.1413,0.2149],[73.1414,0.2151],[73.1409,0.2158],[73.1405,0.216],[73.1404,0.2163],[73.1401,0.2168],[73.1396,0.2162],[73.1394,0.2164],[73.1392,0.217],[73.1393,0.2176],[73.1394,0.2177],[73.1396,0.218],[73.1396,0.218],[73.1397,0.2183],[73.1399,0.2188],[73.1399,0.2191],[73.14,0.2191],[73.1399,0.2192],[73.14,0.2194],[73.1402,0.2199],[73.1401,0.2201],[73.1402,0.2204],[73.1401,0.2222],[73.1398,0.2227],[73.139,0.2229],[73.1387,0.223],[73.1383,0.2232],[73.1384,0.2239],[73.1377,0.2252],[73.1374,0.2254],[73.1371,0.2254],[73.1367,0.226]]],[[[73.1308,0.2252],[73.1322,0.2263],[73.1325,0.2267],[73.1328,0.2272],[73.133,0.2279],[73.1332,0.2284],[73.1331,0.2285],[73.1332,0.2287],[73.1328,0.2289],[73.1326,0.2288],[73.1321,0.2285],[73.131,0.2282],[73.1303,0.228],[73.1298,0.2276],[73.1294,0.227],[73.1292,0.2267],[73.1293,0.2261],[73.1297,0.2257],[73.13,0.2256],[73.1305,0.2252],[73.1308,0.2252]]],[[[73.1285,0.2277],[73.1295,0.2285],[73.1303,0.2292],[73.1314,0.2294],[73.1316,0.2296],[73.1316,0.2302],[73.1313,0.2307],[73.1307,0.2313],[73.1304,0.2312],[73.1299,0.2306],[73.1289,0.2302],[73.1287,0.23],[73.1283,0.2296],[73.128,0.2292],[73.1276,0.2288],[73.1277,0.2278],[73.1284,0.2277],[73.1285,0.2277]]],[[[73.1278,0.2297],[73.1284,0.2304],[73.1292,0.2312],[73.1295,0.2315],[73.1294,0.2319],[73.1289,0.232],[73.128,0.2313],[73.1275,0.2309],[73.1274,0.2305],[73.1272,0.2304],[73.1272,0.2301],[73.1268,0.23],[73.1267,0.2297],[73.1267,0.2293],[73.127,0.2291],[73.1278,0.2297]]],[[[73.2827,0.2327],[73.2826,0.2329],[73.2814,0.2334],[73.2812,0.2335],[73.2804,0.2338],[73.2796,0.234],[73.2776,0.2338],[73.2762,0.2332],[73.2751,0.2328],[73.2745,0.2326],[73.2738,0.2325],[73.2738,0.2325],[73.2735,0.2325],[73.2731,0.2321],[73.2725,0.2319],[73.2711,0.2315],[73.2708,0.2317],[73.2703,0.2311],[73.2697,0.2308],[73.2694,0.2302],[73.2687,0.2297],[73.2682,0.2294],[73.2677,0.229],[73.2674,0.2284],[73.2673,0.2283],[73.2667,0.2275],[73.2662,0.2267],[73.266,0.2265],[73.2656,0.2258],[73.2653,0.2253],[73.2651,0.225],[73.2647,0.2242],[73.2645,0.223],[73.2647,0.2225],[73.2656,0.2223],[73.2662,0.222],[73.2665,0.2219],[73.2665,0.2219],[73.2666,0.2219],[73.2667,0.2216],[73.2669,0.2215],[73.267,0.2214],[73.2674,0.2212],[73.2684,0.2208],[73.2693,0.2205],[73.2703,0.2204],[73.271,0.2206],[73.2719,0.2209],[73.273,0.2214],[73.2741,0.222],[73.2744,0.2221],[73.2751,0.2224],[73.2759,0.223],[73.2769,0.2232],[73.2776,0.2237],[73.2784,0.2247],[73.2784,0.2248],[73.2789,0.2253],[73.2799,0.2264],[73.2807,0.2276],[73.2814,0.2288],[73.2817,0.2293],[73.282,0.2297],[73.2826,0.2305],[73.2829,0.2311],[73.2831,0.2314],[73.2833,0.2318],[73.2828,0.2324],[73.2827,0.2327]]],[[[73.1264,0.2309],[73.1269,0.2311],[73.1276,0.2318],[73.1281,0.2328],[73.1279,0.2332],[73.1266,0.234],[73.1261,0.2347],[73.1261,0.2348],[73.126,0.2343],[73.1251,0.2334],[73.1249,0.233],[73.1248,0.2325],[73.1252,0.2315],[73.1256,0.2309],[73.1264,0.2308],[73.1264,0.2309]]],[[[73.1222,0.2364],[73.1232,0.2371],[73.1232,0.2374],[73.1233,0.2374],[73.1235,0.2379],[73.1233,0.2381],[73.1229,0.2381],[73.1223,0.2378],[73.1216,0.2372],[73.1214,0.237],[73.1215,0.2363],[73.1222,0.2364]]],[[[73.1188,0.2395],[73.1185,0.2396],[73.1184,0.2392],[73.1186,0.2392],[73.1188,0.2395]]],[[[73.1199,0.2379],[73.1202,0.2382],[73.1204,0.2389],[73.1206,0.2395],[73.1204,0.2399],[73.1197,0.2397],[73.1196,0.2395],[73.1195,0.2395],[73.1193,0.239],[73.1192,0.2381],[73.1194,0.2378],[73.1195,0.2379],[73.1197,0.2379],[73.1198,0.2378],[73.1199,0.2379]]],[[[73.1212,0.2377],[73.1213,0.2377],[73.1213,0.2378],[73.122,0.2384],[73.1221,0.2384],[73.1221,0.2385],[73.1223,0.2386],[73.1224,0.2386],[73.1225,0.2387],[73.1226,0.2387],[73.1226,0.2388],[73.1227,0.2388],[73.1227,0.2389],[73.1231,0.2392],[73.1231,0.2395],[73.1234,0.2397],[73.123,0.24],[73.1229,0.2401],[73.1227,0.2403],[73.1225,0.2406],[73.1223,0.2402],[73.1222,0.2399],[73.1215,0.2396],[73.1209,0.2391],[73.1207,0.2384],[73.1205,0.2379],[73.1205,0.2374],[73.1209,0.2373],[73.1212,0.2377]]],[[[73.1176,0.243],[73.1174,0.2432],[73.117,0.2438],[73.1167,0.2439],[73.1166,0.2439],[73.1164,0.2439],[73.1161,0.2434],[73.1156,0.2428],[73.1155,0.2425],[73.1153,0.2422],[73.1154,0.2415],[73.1158,0.2408],[73.1163,0.2406],[73.1164,0.2404],[73.117,0.2403],[73.1171,0.2404],[73.1172,0.2404],[73.1172,0.2406],[73.1174,0.2407],[73.1175,0.2409],[73.1176,0.2409],[73.1179,0.2411],[73.118,0.241],[73.1188,0.2406],[73.1189,0.2405],[73.119,0.2403],[73.119,0.2405],[73.119,0.2405],[73.1191,0.2404],[73.1195,0.2403],[73.1197,0.2405],[73.1201,0.2408],[73.1207,0.2414],[73.1208,0.2416],[73.1208,0.2417],[73.1207,0.2417],[73.1204,0.2418],[73.12,0.2418],[73.1199,0.2419],[73.1192,0.242],[73.1189,0.2422],[73.1186,0.2422],[73.1186,0.2423],[73.1183,0.2425],[73.1182,0.2425],[73.1181,0.2427],[73.1179,0.2427],[73.1179,0.2428],[73.1178,0.2428],[73.1176,0.243]]],[[[73.1133,0.2427],[73.1139,0.2428],[73.1145,0.2431],[73.1149,0.2436],[73.1152,0.2443],[73.1148,0.2448],[73.1144,0.2456],[73.1137,0.2455],[73.1131,0.2447],[73.1128,0.2439],[73.1125,0.2436],[73.1124,0.2432],[73.1127,0.2428],[73.1128,0.2426],[73.1132,0.2425],[73.1133,0.2427]]],[[[73.1143,0.2462],[73.1142,0.2461],[73.1143,0.2461],[73.1143,0.2462]]],[[[73.1121,0.2445],[73.1125,0.245],[73.1128,0.2458],[73.1129,0.2462],[73.113,0.2462],[73.113,0.2465],[73.113,0.2465],[73.1132,0.2468],[73.1132,0.247],[73.1132,0.2472],[73.1125,0.2478],[73.112,0.2479],[73.1118,0.2475],[73.1115,0.2473],[73.1114,0.2468],[73.1114,0.2466],[73.1114,0.2461],[73.1115,0.2453],[73.1114,0.245],[73.1113,0.2447],[73.1112,0.2446],[73.1111,0.2444],[73.111,0.2438],[73.1116,0.2437],[73.1121,0.2445]]],[[[73.1099,0.2457],[73.11,0.2463],[73.1101,0.2463],[73.1101,0.2465],[73.1102,0.2466],[73.1103,0.2466],[73.1103,0.2468],[73.1104,0.2472],[73.1103,0.2483],[73.1098,0.2484],[73.1096,0.248],[73.1095,0.247],[73.1095,0.2468],[73.1094,0.2466],[73.1093,0.2459],[73.1095,0.2454],[73.1099,0.2457]]],[[[73.3302,0.2485],[73.3307,0.2486],[73.3306,0.2491],[73.3303,0.2492],[73.33,0.2488],[73.3301,0.2485],[73.3302,0.2484],[73.3302,0.2485]]],[[[73.1083,0.2488],[73.1084,0.249],[73.1083,0.2492],[73.1084,0.2493],[73.1082,0.2495],[73.1081,0.2489],[73.1082,0.2488],[73.1083,0.2487],[73.1083,0.2488]]],[[[73.3279,0.2498],[73.3278,0.2494],[73.3278,0.2492],[73.3283,0.249],[73.3284,0.2489],[73.329,0.2492],[73.3284,0.2499],[73.3281,0.25],[73.328,0.2498],[73.3279,0.2498]]],[[[73.3361,0.2504],[73.3358,0.2505],[73.3355,0.2504],[73.3356,0.2502],[73.336,0.2501],[73.3361,0.2504]]],[[[73.234,0.2505],[73.2338,0.2506],[73.2339,0.2504],[73.2341,0.2503],[73.234,0.2505]]],[[[73.3417,0.2505],[73.3417,0.2507],[73.3415,0.2508],[73.3413,0.2508],[73.3414,0.2504],[73.3416,0.2503],[73.3417,0.2505]]],[[[73.3348,0.2504],[73.3346,0.2509],[73.3343,0.251],[73.3341,0.2507],[73.3344,0.2501],[73.3345,0.2501],[73.3348,0.2504]]],[[[73.3322,0.2516],[73.332,0.2512],[73.3322,0.251],[73.3325,0.2505],[73.3327,0.2503],[73.3328,0.2501],[73.333,0.25],[73.3331,0.2497],[73.3332,0.2495],[73.3335,0.2494],[73.3336,0.2495],[73.3336,0.2497],[73.334,0.2506],[73.3335,0.2508],[73.3338,0.251],[73.3335,0.2511],[73.3336,0.2513],[73.3335,0.2514],[73.3334,0.2515],[73.3329,0.2514],[73.3322,0.2516]]],[[[73.3337,0.2521],[73.3333,0.2521],[73.3333,0.2518],[73.3336,0.2518],[73.3337,0.2521]]],[[[73.3329,0.2522],[73.3327,0.252],[73.3328,0.2518],[73.333,0.2518],[73.3329,0.2522]]],[[[73.2985,0.2532],[73.2986,0.2534],[73.2981,0.2546],[73.2978,0.2541],[73.2981,0.253],[73.2984,0.2529],[73.2985,0.2532]]],[[[73.327,0.2544],[73.3268,0.2547],[73.3267,0.2543],[73.3269,0.2542],[73.327,0.2544]]],[[[73.3279,0.2498],[73.3279,0.25],[73.328,0.2503],[73.329,0.2508],[73.3302,0.2517],[73.3308,0.252],[73.3314,0.2524],[73.3328,0.2532],[73.3333,0.2535],[73.3337,0.2538],[73.3346,0.2543],[73.3348,0.2549],[73.335,0.2552],[73.3353,0.2554],[73.3356,0.2558],[73.3353,0.2558],[73.3346,0.2554],[73.3344,0.2552],[73.3341,0.2551],[73.3328,0.2545],[73.3314,0.2544],[73.3307,0.2541],[73.3298,0.2536],[73.3292,0.2534],[73.3286,0.2532],[73.3282,0.253],[73.3281,0.2529],[73.328,0.2528],[73.328,0.2532],[73.3277,0.2532],[73.3275,0.2532],[73.3274,0.2529],[73.3275,0.2522],[73.3279,0.2519],[73.3279,0.2517],[73.3277,0.2517],[73.3272,0.2517],[73.327,0.2519],[73.3272,0.2525],[73.327,0.2532],[73.3274,0.2539],[73.327,0.2542],[73.3269,0.254],[73.3269,0.2539],[73.3266,0.2537],[73.3265,0.2531],[73.3261,0.2526],[73.3258,0.252],[73.3257,0.2515],[73.3264,0.2513],[73.3262,0.251],[73.3256,0.251],[73.3256,0.2507],[73.3258,0.2505],[73.326,0.2502],[73.3263,0.2501],[73.3272,0.25],[73.3275,0.2497],[73.3279,0.2498]]],[[[73.1051,0.2493],[73.1053,0.2493],[73.1056,0.2494],[73.1058,0.2496],[73.1063,0.2498],[73.1073,0.25],[73.1078,0.2505],[73.108,0.2516],[73.1082,0.2519],[73.1084,0.2524],[73.1082,0.2527],[73.1074,0.253],[73.1069,0.2533],[73.1064,0.2537],[73.1061,0.2539],[73.1055,0.2543],[73.1054,0.2546],[73.1053,0.2548],[73.1052,0.2551],[73.1048,0.2552],[73.1045,0.2555],[73.104,0.2558],[73.1037,0.2563],[73.1033,0.2564],[73.1031,0.2561],[73.103,0.2561],[73.103,0.256],[73.1028,0.2559],[73.1024,0.2557],[73.1022,0.2555],[73.1019,0.2554],[73.1015,0.2549],[73.1011,0.2536],[73.1019,0.2524],[73.1025,0.2517],[73.1029,0.2513],[73.1035,0.2506],[73.104,0.2497],[73.1043,0.2494],[73.1045,0.2491],[73.1049,0.249],[73.1051,0.2493]]],[[[73.3417,0.256],[73.3415,0.2567],[73.3412,0.2562],[73.3414,0.2557],[73.3415,0.2556],[73.3417,0.256]]],[[[73.3414,0.2542],[73.3413,0.2543],[73.3416,0.2546],[73.3416,0.2548],[73.3417,0.255],[73.3419,0.2553],[73.3412,0.2554],[73.341,0.2558],[73.3411,0.257],[73.3403,0.2569],[73.3399,0.2567],[73.3399,0.2558],[73.3407,0.2551],[73.3409,0.2549],[73.3411,0.2543],[73.3412,0.2541],[73.3414,0.2542]]],[[[73.1003,0.2552],[73.1008,0.2557],[73.1019,0.2563],[73.1023,0.2569],[73.1021,0.257],[73.1019,0.257],[73.1013,0.2567],[73.1006,0.2564],[73.1001,0.2562],[73.1,0.2554],[73.1002,0.2552],[73.1003,0.2552]]],[[[73.3483,0.2541],[73.3491,0.2557],[73.3494,0.2563],[73.3494,0.2577],[73.3485,0.258],[73.348,0.2581],[73.3479,0.257],[73.3476,0.2562],[73.3474,0.2557],[73.3474,0.2549],[73.3471,0.2544],[73.3472,0.2535],[73.3471,0.253],[73.3466,0.2529],[73.3462,0.2532],[73.3457,0.2533],[73.3452,0.2536],[73.3443,0.2539],[73.3443,0.2539],[73.3442,0.2539],[73.3441,0.2539],[73.344,0.2541],[73.3439,0.2539],[73.3441,0.2538],[73.3442,0.2538],[73.3446,0.2534],[73.3452,0.2532],[73.3456,0.2531],[73.3463,0.2526],[73.3466,0.2524],[73.3468,0.2522],[73.3469,0.2517],[73.3476,0.2511],[73.348,0.2512],[73.3482,0.2515],[73.3479,0.2518],[73.3479,0.2519],[73.3478,0.2519],[73.3477,0.2522],[73.3478,0.2522],[73.3478,0.2526],[73.3477,0.2526],[73.3478,0.2528],[73.3477,0.2528],[73.3483,0.2541]]],[[[73.2977,0.2558],[73.2976,0.2563],[73.2976,0.2563],[73.2975,0.2565],[73.2975,0.2566],[73.2976,0.2569],[73.2973,0.2572],[73.2972,0.2575],[73.2971,0.2577],[73.297,0.2579],[73.2969,0.2582],[73.2967,0.2583],[73.2956,0.2577],[73.2949,0.2575],[73.2946,0.2573],[73.2942,0.2573],[73.2939,0.2572],[73.2942,0.257],[73.2944,0.2567],[73.2954,0.2559],[73.2957,0.2558],[73.2958,0.2556],[73.2963,0.2554],[73.2964,0.2552],[73.2965,0.2554],[73.2966,0.2554],[73.2966,0.2553],[73.2967,0.2553],[73.2968,0.2553],[73.2971,0.2549],[73.2975,0.255],[73.2979,0.2549],[73.2978,0.2551],[73.2979,0.2551],[73.2977,0.2558]]],[[[73.0997,0.2567],[73.1003,0.2568],[73.1009,0.2572],[73.1019,0.258],[73.1019,0.2582],[73.1013,0.2585],[73.1003,0.2588],[73.0996,0.2593],[73.0988,0.26],[73.0985,0.2602],[73.0981,0.2602],[73.0977,0.26],[73.0979,0.2591],[73.0976,0.258],[73.0977,0.2574],[73.0981,0.2568],[73.0992,0.2567],[73.0997,0.2566],[73.0997,0.2567]]],[[[73.0967,0.2606],[73.097,0.2609],[73.0971,0.2614],[73.0972,0.2616],[73.0968,0.2616],[73.0966,0.2617],[73.0964,0.2617],[73.0962,0.2617],[73.0961,0.2616],[73.096,0.2616],[73.096,0.2616],[73.0958,0.2615],[73.0957,0.2615],[73.0957,0.2613],[73.0956,0.2613],[73.0956,0.2612],[73.0954,0.2608],[73.0955,0.2602],[73.0955,0.2601],[73.0955,0.26],[73.0956,0.26],[73.0959,0.2599],[73.0967,0.2606]]],[[[73.0939,0.2612],[73.094,0.2613],[73.0948,0.2617],[73.0954,0.2621],[73.0955,0.2622],[73.0957,0.2626],[73.0955,0.263],[73.095,0.2631],[73.0947,0.2631],[73.0943,0.263],[73.0935,0.2621],[73.0934,0.2613],[73.0936,0.2611],[73.0939,0.2612]]],[[[73.3444,0.2589],[73.345,0.2596],[73.3449,0.2601],[73.3451,0.2605],[73.3452,0.2617],[73.3453,0.262],[73.3454,0.2625],[73.345,0.2634],[73.3449,0.2636],[73.3448,0.2625],[73.3448,0.2623],[73.3447,0.2622],[73.3443,0.2607],[73.3437,0.2591],[73.3437,0.2587],[73.3444,0.2589]]],[[[73.0919,0.2625],[73.092,0.2626],[73.0925,0.2627],[73.093,0.2631],[73.0935,0.2635],[73.0936,0.2635],[73.0936,0.2636],[73.0938,0.2638],[73.0938,0.264],[73.0929,0.2645],[73.0925,0.2649],[73.0922,0.2653],[73.0921,0.2654],[73.0918,0.2654],[73.0913,0.265],[73.091,0.2642],[73.0909,0.2636],[73.0916,0.2625],[73.0919,0.2625]]],[[[73.0791,0.266],[73.0789,0.2662],[73.0788,0.266],[73.079,0.2659],[73.0791,0.266]]],[[[73.0791,0.266],[73.0794,0.2661],[73.0792,0.2662],[73.0791,0.266]]],[[[73.0898,0.2665],[73.0891,0.2667],[73.0885,0.2653],[73.0886,0.2644],[73.0892,0.2642],[73.0899,0.2644],[73.0903,0.2649],[73.0904,0.2649],[73.0904,0.265],[73.0905,0.265],[73.0905,0.2652],[73.0908,0.2655],[73.0911,0.2658],[73.0909,0.266],[73.0905,0.2661],[73.0902,0.2662],[73.0902,0.2663],[73.09,0.2663],[73.09,0.2664],[73.0899,0.2664],[73.0898,0.2665]]],[[[73.079,0.2667],[73.0785,0.2667],[73.0783,0.2665],[73.0788,0.2664],[73.079,0.2667]]],[[[73.0878,0.2648],[73.0881,0.2651],[73.0884,0.2659],[73.0885,0.2664],[73.0885,0.2669],[73.0881,0.267],[73.0875,0.2674],[73.0872,0.2674],[73.0871,0.267],[73.0869,0.2666],[73.0871,0.2656],[73.0872,0.2649],[73.0877,0.2648],[73.0878,0.2648]]],[[[73.3769,0.2658],[73.3776,0.2662],[73.3775,0.2672],[73.3777,0.2677],[73.3775,0.2678],[73.3766,0.2674],[73.376,0.2671],[73.3758,0.2666],[73.376,0.2665],[73.376,0.2664],[73.3767,0.2658],[73.3769,0.2658],[73.3769,0.2658]]],[[[73.0841,0.2696],[73.0839,0.2696],[73.0836,0.2696],[73.0832,0.2693],[73.0828,0.2689],[73.0823,0.2679],[73.0823,0.2671],[73.0827,0.2666],[73.0831,0.2668],[73.0837,0.2672],[73.0838,0.2674],[73.0841,0.2675],[73.0841,0.2673],[73.0838,0.2671],[73.0838,0.2669],[73.0841,0.2669],[73.0843,0.2673],[73.0844,0.2675],[73.0851,0.2676],[73.0857,0.2692],[73.0847,0.2694],[73.0847,0.2695],[73.0844,0.2695],[73.0841,0.2696]]],[[[73.0816,0.268],[73.0819,0.2684],[73.082,0.2688],[73.0825,0.2698],[73.0819,0.27],[73.0813,0.2703],[73.081,0.2708],[73.0809,0.2709],[73.0805,0.2708],[73.0802,0.2705],[73.0802,0.2694],[73.0805,0.2689],[73.0805,0.2679],[73.0806,0.2676],[73.0813,0.2676],[73.0816,0.268]]],[[[73.0781,0.2715],[73.0768,0.2717],[73.0767,0.2717],[73.0762,0.2718],[73.0758,0.2719],[73.0753,0.2718],[73.0749,0.2717],[73.0739,0.2709],[73.0734,0.2706],[73.0726,0.27],[73.0721,0.2695],[73.0719,0.269],[73.0717,0.2687],[73.071,0.2682],[73.0707,0.2684],[73.0706,0.2684],[73.0707,0.2678],[73.0706,0.2676],[73.0706,0.2673],[73.0711,0.2673],[73.0712,0.2672],[73.0714,0.2671],[73.0715,0.267],[73.0718,0.2667],[73.0723,0.2665],[73.0728,0.2664],[73.0733,0.2662],[73.0749,0.2661],[73.0761,0.2661],[73.0774,0.2661],[73.0776,0.2669],[73.078,0.267],[73.0784,0.2673],[73.0786,0.2673],[73.079,0.2673],[73.0792,0.2672],[73.0796,0.2676],[73.0799,0.2672],[73.0801,0.2671],[73.0804,0.2677],[73.0802,0.268],[73.0801,0.2682],[73.0803,0.269],[73.0799,0.2692],[73.0798,0.2697],[73.0797,0.27],[73.0793,0.2704],[73.0788,0.27],[73.0782,0.2699],[73.0779,0.2697],[73.0775,0.2697],[73.0773,0.2696],[73.0757,0.2694],[73.075,0.2691],[73.0748,0.2689],[73.0742,0.2687],[73.0741,0.2692],[73.0748,0.2696],[73.0757,0.2697],[73.0761,0.2698],[73.0766,0.27],[73.0771,0.27],[73.0775,0.2701],[73.0784,0.2703],[73.0794,0.2706],[73.0795,0.2713],[73.0782,0.2714],[73.0781,0.2714],[73.0781,0.2715]],[[73.0727,0.2677],[73.073,0.268],[73.0737,0.2681],[73.0736,0.2676],[73.074,0.2675],[73.0743,0.2676],[73.0747,0.2672],[73.0744,0.2669],[73.0741,0.2669],[73.0739,0.2671],[73.0733,0.2672],[73.0731,0.2673],[73.0725,0.2674],[73.0725,0.2676],[73.0727,0.2677]]],[[[73.0657,0.274],[73.0658,0.2742],[73.0664,0.2752],[73.0664,0.2759],[73.0658,0.2764],[73.0654,0.277],[73.065,0.2779],[73.0644,0.278],[73.0641,0.2778],[73.0638,0.2773],[73.0632,0.2766],[73.0633,0.2763],[73.0633,0.2761],[73.0635,0.2754],[73.0636,0.2751],[73.0638,0.2746],[73.0643,0.2737],[73.0647,0.2733],[73.0651,0.2735],[73.0656,0.2739],[73.0657,0.2722],[73.066,0.2717],[73.0664,0.2712],[73.0666,0.2709],[73.0666,0.2708],[73.0667,0.2708],[73.0667,0.2706],[73.0668,0.2706],[73.0669,0.2703],[73.067,0.2703],[73.067,0.2701],[73.0671,0.2701],[73.0672,0.2699],[73.0676,0.2697],[73.0679,0.2698],[73.0679,0.2697],[73.068,0.2698],[73.0683,0.2699],[73.0684,0.2701],[73.0685,0.2701],[73.0685,0.2702],[73.0686,0.2702],[73.0686,0.2703],[73.0689,0.2705],[73.069,0.2705],[73.0698,0.2709],[73.0702,0.2709],[73.0709,0.2707],[73.0714,0.2707],[73.0719,0.271],[73.0723,0.2713],[73.0724,0.2717],[73.0727,0.272],[73.0729,0.2724],[73.0733,0.2729],[73.0716,0.2731],[73.07,0.2731],[73.0699,0.2731],[73.0697,0.2732],[73.0687,0.2735],[73.068,0.274],[73.0669,0.275],[73.066,0.2741],[73.0657,0.274]]],[[[73.3581,0.2756],[73.3583,0.2766],[73.3578,0.2782],[73.3576,0.2784],[73.3575,0.2789],[73.3572,0.2796],[73.3566,0.2797],[73.3562,0.2801],[73.3561,0.2803],[73.3559,0.2802],[73.3559,0.2799],[73.3557,0.2798],[73.3557,0.2779],[73.3558,0.2776],[73.3558,0.2772],[73.3558,0.2764],[73.3562,0.2757],[73.3573,0.2752],[73.3575,0.2751],[73.3581,0.2756]]],[[[73.0608,0.2804],[73.0606,0.2803],[73.0607,0.2802],[73.0608,0.2804]]],[[[73.0626,0.2781],[73.0634,0.2786],[73.0637,0.2791],[73.0638,0.2795],[73.0641,0.2798],[73.0641,0.28],[73.0638,0.2801],[73.0637,0.2803],[73.0636,0.2804],[73.0634,0.2807],[73.0627,0.2816],[73.0625,0.2817],[73.0619,0.2813],[73.0615,0.2802],[73.0614,0.2796],[73.0619,0.2794],[73.062,0.2791],[73.0618,0.279],[73.0618,0.2784],[73.0616,0.2781],[73.0619,0.2779],[73.0626,0.2781]]],[[[73.0606,0.2808],[73.061,0.281],[73.0614,0.2813],[73.0615,0.2818],[73.0611,0.282],[73.0604,0.2818],[73.0599,0.2814],[73.0599,0.2808],[73.0605,0.2808],[73.0606,0.2808]]],[[[73.0595,0.2819],[73.0601,0.2821],[73.0604,0.2824],[73.061,0.2829],[73.0612,0.2833],[73.0604,0.2843],[73.0601,0.2844],[73.0594,0.284],[73.0589,0.2839],[73.0585,0.2829],[73.0586,0.2822],[73.0588,0.2819],[73.0594,0.2819],[73.0595,0.2819]]],[[[73.4465,0.285],[73.4465,0.2853],[73.4463,0.2855],[73.4448,0.2855],[73.4438,0.2852],[73.4424,0.2849],[73.4413,0.2848],[73.4409,0.2848],[73.4398,0.285],[73.4391,0.2851],[73.4386,0.2853],[73.4355,0.2852],[73.4348,0.285],[73.4338,0.285],[73.4328,0.2847],[73.4311,0.284],[73.43,0.2832],[73.429,0.2823],[73.4287,0.2818],[73.4282,0.2812],[73.428,0.2808],[73.4272,0.2796],[73.4268,0.2786],[73.4265,0.278],[73.4262,0.2775],[73.4261,0.2762],[73.4259,0.2747],[73.4253,0.2723],[73.4249,0.2712],[73.4248,0.2705],[73.4252,0.2691],[73.4259,0.2678],[73.426,0.2675],[73.426,0.2667],[73.4258,0.2654],[73.4258,0.2651],[73.4261,0.2646],[73.4263,0.2644],[73.4264,0.2645],[73.4268,0.2649],[73.4269,0.2654],[73.427,0.2657],[73.4283,0.2667],[73.4296,0.2678],[73.4304,0.2686],[73.4308,0.269],[73.4324,0.2703],[73.4341,0.2718],[73.4354,0.2736],[73.4357,0.2742],[73.4359,0.2745],[73.436,0.2748],[73.4363,0.2753],[73.4372,0.2766],[73.4379,0.2774],[73.4389,0.2788],[73.4396,0.2797],[73.4401,0.2803],[73.4416,0.2819],[73.4422,0.2827],[73.4425,0.2832],[73.4435,0.284],[73.4442,0.2843],[73.4452,0.2845],[73.4461,0.2847],[73.4465,0.285]]],[[[73.0574,0.2867],[73.0568,0.2867],[73.0562,0.2863],[73.0559,0.2855],[73.056,0.2847],[73.0564,0.2846],[73.0565,0.2847],[73.0567,0.2848],[73.0579,0.2855],[73.0582,0.2857],[73.0582,0.2861],[73.0577,0.2865],[73.0576,0.2865],[73.0576,0.2866],[73.0576,0.2866],[73.0574,0.2867]]],[[[73.0559,0.2862],[73.0562,0.2869],[73.0559,0.2873],[73.0547,0.2874],[73.0546,0.2875],[73.054,0.2878],[73.0539,0.2879],[73.0535,0.2878],[73.0532,0.2875],[73.0531,0.2864],[73.0545,0.2857],[73.0549,0.2856],[73.0559,0.2862]]],[[[73.0525,0.287],[73.0528,0.2871],[73.053,0.2875],[73.0532,0.2883],[73.0528,0.2885],[73.0523,0.2884],[73.052,0.2876],[73.0522,0.2871],[73.0524,0.287],[73.0525,0.287]]],[[[73.3376,0.2878],[73.338,0.2881],[73.3379,0.2886],[73.3375,0.2889],[73.3371,0.289],[73.3368,0.289],[73.337,0.2883],[73.3372,0.288],[73.3376,0.2878],[73.3376,0.2878]]],[[[73.2007,0.2894],[73.2005,0.2894],[73.2005,0.289],[73.2006,0.289],[73.2007,0.289],[73.2007,0.2887],[73.2007,0.2887],[73.2009,0.2886],[73.201,0.2887],[73.2009,0.2889],[73.2009,0.289],[73.2007,0.289],[73.2007,0.2894]]],[[[73.0505,0.2881],[73.0508,0.2887],[73.0515,0.2894],[73.0504,0.2897],[73.0494,0.2904],[73.0493,0.2905],[73.0496,0.2901],[73.0497,0.2897],[73.0495,0.289],[73.0494,0.2882],[73.05,0.2878],[73.0503,0.2877],[73.0505,0.2881]]],[[[73.0462,0.2903],[73.0464,0.2907],[73.0461,0.2909],[73.046,0.2902],[73.0461,0.2901],[73.0462,0.2903]]],[[[73.4534,0.2848],[73.4539,0.2849],[73.4548,0.2853],[73.4556,0.286],[73.4567,0.2867],[73.4576,0.2876],[73.4581,0.2879],[73.459,0.2888],[73.4594,0.2892],[73.46,0.2899],[73.4617,0.2917],[73.4622,0.2922],[73.4626,0.2923],[73.4628,0.2925],[73.4631,0.2929],[73.4631,0.2934],[73.4635,0.294],[73.4638,0.2943],[73.464,0.295],[73.4639,0.2956],[73.4634,0.2953],[73.4631,0.2951],[73.4619,0.295],[73.4609,0.2944],[73.4603,0.2941],[73.4594,0.2933],[73.4588,0.293],[73.4578,0.2921],[73.4568,0.2915],[73.4564,0.2913],[73.4556,0.2906],[73.4552,0.2905],[73.4549,0.2902],[73.4537,0.2892],[73.453,0.2891],[73.4529,0.2872],[73.4526,0.2854],[73.4528,0.2848],[73.4533,0.2847],[73.4534,0.2848]]],[[[73.0388,0.2967],[73.0384,0.2966],[73.0383,0.2966],[73.0383,0.2965],[73.0382,0.2965],[73.0382,0.2964],[73.0381,0.2962],[73.0381,0.2961],[73.038,0.2961],[73.0381,0.2959],[73.038,0.2958],[73.0379,0.2956],[73.0376,0.295],[73.0374,0.2945],[73.0372,0.2942],[73.0367,0.2934],[73.0366,0.2928],[73.0369,0.2924],[73.0371,0.2922],[73.0377,0.2923],[73.038,0.292],[73.0387,0.2916],[73.0395,0.2911],[73.0401,0.2907],[73.0413,0.2902],[73.0422,0.2898],[73.0425,0.2898],[73.0434,0.2904],[73.0438,0.2911],[73.0443,0.2915],[73.0446,0.2919],[73.0442,0.2923],[73.0449,0.2931],[73.0452,0.2936],[73.0441,0.2938],[73.0438,0.2939],[73.0434,0.2943],[73.0432,0.2947],[73.0427,0.2948],[73.0424,0.295],[73.0422,0.2951],[73.042,0.2951],[73.0419,0.2952],[73.0415,0.2954],[73.041,0.2955],[73.0406,0.2957],[73.0405,0.2957],[73.0404,0.2959],[73.0403,0.296],[73.04,0.2961],[73.039,0.2966],[73.0389,0.2966],[73.0388,0.2967]]],[[[73.0367,0.2974],[73.0363,0.2974],[73.0364,0.2973],[73.0366,0.2972],[73.0367,0.2974]]],[[[73.0367,0.2982],[73.0365,0.2984],[73.0363,0.2981],[73.0365,0.2979],[73.0367,0.2982]]],[[[73.0347,0.2997],[73.0344,0.2996],[73.0341,0.2995],[73.0336,0.2994],[73.0334,0.2991],[73.0333,0.2991],[73.0329,0.2984],[73.0328,0.2975],[73.0328,0.2973],[73.032,0.2964],[73.0319,0.2958],[73.0319,0.2957],[73.032,0.2955],[73.032,0.2954],[73.0321,0.2954],[73.0322,0.2954],[73.0323,0.2952],[73.0323,0.2952],[73.0324,0.2952],[73.0325,0.2948],[73.0327,0.2944],[73.0328,0.2943],[73.0328,0.2943],[73.0329,0.2943],[73.0329,0.2942],[73.0331,0.2942],[73.0335,0.294],[73.0341,0.294],[73.0342,0.2941],[73.0342,0.294],[73.0343,0.2941],[73.0344,0.2941],[73.0344,0.2942],[73.0345,0.2942],[73.0345,0.2943],[73.0346,0.2943],[73.0346,0.2943],[73.0349,0.2946],[73.0351,0.2951],[73.0354,0.2954],[73.0364,0.2959],[73.0367,0.2961],[73.0367,0.2963],[73.0359,0.2962],[73.0354,0.2967],[73.0354,0.2968],[73.0353,0.2968],[73.0353,0.2969],[73.0352,0.2969],[73.035,0.2971],[73.035,0.2973],[73.0349,0.2973],[73.0349,0.298],[73.0347,0.2979],[73.0347,0.2984],[73.0346,0.2986],[73.0348,0.2986],[73.0346,0.2987],[73.0346,0.2988],[73.0344,0.2992],[73.0344,0.2995],[73.0345,0.2993],[73.0347,0.2991],[73.0351,0.2994],[73.0347,0.2997]]],[[[73.0409,0.3004],[73.0406,0.3005],[73.0405,0.3003],[73.0408,0.3002],[73.0409,0.3004]]],[[[73.0401,0.3006],[73.04,0.3009],[73.0393,0.301],[73.0391,0.3008],[73.0397,0.3004],[73.0398,0.3003],[73.0399,0.3003],[73.0401,0.3006]]],[[[73.0319,0.2974],[73.0323,0.2981],[73.0324,0.2988],[73.0325,0.2991],[73.0326,0.2993],[73.0327,0.2994],[73.0329,0.3],[73.0328,0.3001],[73.0332,0.3007],[73.0337,0.3013],[73.0337,0.3015],[73.0328,0.3008],[73.0327,0.3006],[73.0323,0.3004],[73.032,0.2999],[73.0316,0.2993],[73.0313,0.2991],[73.0311,0.2986],[73.0311,0.2983],[73.0311,0.2981],[73.0314,0.2974],[73.0315,0.2972],[73.0319,0.2974]]],[[[73.0348,0.302],[73.0341,0.3022],[73.0342,0.3017],[73.0346,0.3015],[73.0348,0.302]]],[[[73.028,0.3005],[73.0288,0.3009],[73.0294,0.3012],[73.0295,0.3014],[73.0296,0.3014],[73.0296,0.3014],[73.0298,0.3016],[73.0301,0.3022],[73.0299,0.3024],[73.0294,0.3024],[73.029,0.3024],[73.029,0.3023],[73.0285,0.3023],[73.0271,0.3012],[73.0274,0.3005],[73.028,0.3005]]],[[[73.0302,0.2999],[73.0305,0.3001],[73.031,0.3002],[73.0316,0.3006],[73.0321,0.3014],[73.0321,0.3017],[73.0322,0.3018],[73.0321,0.3018],[73.0322,0.3019],[73.0322,0.3022],[73.0323,0.3022],[73.0323,0.3024],[73.0318,0.3026],[73.0317,0.3024],[73.0315,0.3023],[73.0314,0.3017],[73.0311,0.3013],[73.0306,0.3011],[73.0302,0.3009],[73.0299,0.3006],[73.0293,0.3003],[73.0291,0.2996],[73.0295,0.2993],[73.0302,0.2999]]],[[[73.0324,0.303],[73.0323,0.3029],[73.0324,0.3029],[73.0324,0.303]]],[[[73.4163,0.3],[73.4167,0.3003],[73.4169,0.3008],[73.4171,0.301],[73.4173,0.3016],[73.4175,0.3025],[73.4173,0.3026],[73.4173,0.3029],[73.4174,0.3029],[73.4171,0.3037],[73.4165,0.3036],[73.4164,0.3032],[73.4163,0.3031],[73.4162,0.3014],[73.4163,0.3012],[73.4162,0.3002],[73.4161,0.3001],[73.4162,0.2999],[73.4163,0.3]]],[[[73.0265,0.3032],[73.0276,0.3039],[73.0279,0.3042],[73.028,0.3042],[73.028,0.3043],[73.0281,0.3045],[73.0277,0.3045],[73.0275,0.3044],[73.0274,0.3044],[73.027,0.3044],[73.0263,0.3041],[73.0259,0.3038],[73.0257,0.3036],[73.0259,0.3031],[73.0265,0.3032]]],[[[73.4709,0.3066],[73.4708,0.3065],[73.4708,0.3064],[73.4709,0.3066]]],[[[73.4709,0.3066],[73.471,0.3066],[73.4711,0.307],[73.4709,0.3069],[73.4709,0.3066]]],[[[73.0263,0.3047],[73.027,0.3053],[73.0278,0.3055],[73.0284,0.3062],[73.0287,0.3068],[73.0283,0.3074],[73.0273,0.3075],[73.0266,0.3072],[73.0263,0.3062],[73.0259,0.3057],[73.0257,0.3054],[73.0255,0.3051],[73.0254,0.3051],[73.0254,0.3049],[73.0255,0.3048],[73.0257,0.3046],[73.0263,0.3047]]],[[[73.4728,0.3091],[73.4727,0.3092],[73.4726,0.309],[73.4728,0.3089],[73.4728,0.3091]]],[[[73.4729,0.3095],[73.4728,0.3095],[73.4729,0.3094],[73.4729,0.3095]]],[[[73.4142,0.3083],[73.4144,0.3089],[73.4144,0.3094],[73.414,0.3098],[73.4134,0.3097],[73.4128,0.309],[73.4126,0.3084],[73.4126,0.3076],[73.4135,0.3076],[73.4142,0.3083]]],[[[73.0265,0.3096],[73.0268,0.3097],[73.0268,0.3098],[73.0269,0.3099],[73.0266,0.3099],[73.0265,0.3098],[73.0264,0.3098],[73.0262,0.3097],[73.0263,0.3095],[73.0265,0.3096]]],[[[73.026,0.3097],[73.0257,0.31],[73.0254,0.3106],[73.0253,0.3107],[73.025,0.3107],[73.0244,0.3101],[73.0245,0.3097],[73.0261,0.3096],[73.026,0.3097]]],[[[73.4734,0.31],[73.4735,0.3101],[73.4738,0.3104],[73.4747,0.3116],[73.4749,0.312],[73.4748,0.3124],[73.4745,0.3122],[73.4744,0.312],[73.4742,0.312],[73.4739,0.3119],[73.4738,0.3117],[73.4738,0.3114],[73.4737,0.3113],[73.4737,0.3112],[73.4737,0.3112],[73.4735,0.3105],[73.4733,0.3102],[73.4733,0.31],[73.4733,0.3099],[73.4734,0.31]]],[[[73.449,0.3125],[73.449,0.3128],[73.4492,0.3128],[73.4489,0.3129],[73.4486,0.3127],[73.4485,0.3125],[73.4485,0.3124],[73.4486,0.3124],[73.4486,0.3123],[73.449,0.3125]]],[[[73.0258,0.3134],[73.0259,0.3134],[73.0258,0.3135],[73.0257,0.3136],[73.0249,0.3138],[73.024,0.3136],[73.024,0.3136],[73.0239,0.3136],[73.0239,0.3134],[73.0239,0.3133],[73.024,0.3133],[73.0241,0.313],[73.0247,0.3129],[73.0256,0.3132],[73.0258,0.3134]]],[[[73.0248,0.3161],[73.0247,0.316],[73.0249,0.316],[73.0248,0.3161]]],[[[73.4827,0.3176],[73.4825,0.3175],[73.4827,0.3174],[73.4827,0.3176]]],[[[73.4824,0.3179],[73.4822,0.318],[73.4822,0.3177],[73.4823,0.3176],[73.4824,0.3179]]],[[[73.3808,0.3187],[73.3814,0.3197],[73.3813,0.3203],[73.3809,0.3203],[73.3799,0.3191],[73.3798,0.3186],[73.3798,0.3185],[73.3795,0.3185],[73.3796,0.3182],[73.3798,0.3184],[73.3798,0.3184],[73.3803,0.3183],[73.3808,0.3187]]],[[[73.4833,0.3214],[73.4832,0.3218],[73.4831,0.322],[73.4828,0.3215],[73.4829,0.3213],[73.4831,0.3211],[73.4833,0.3214]]],[[[73.4884,0.3214],[73.4883,0.3215],[73.4883,0.3217],[73.4884,0.3217],[73.4884,0.3217],[73.4884,0.3218],[73.4888,0.3222],[73.4887,0.3229],[73.488,0.3232],[73.4879,0.3227],[73.4879,0.3225],[73.4878,0.3223],[73.4876,0.3219],[73.4869,0.3214],[73.4862,0.3214],[73.4859,0.3216],[73.4852,0.3225],[73.4849,0.3224],[73.485,0.3206],[73.4849,0.3202],[73.4847,0.3199],[73.4846,0.3199],[73.4845,0.3194],[73.4849,0.3192],[73.485,0.3193],[73.4851,0.3193],[73.4852,0.3192],[73.4853,0.3191],[73.4853,0.3192],[73.4855,0.3192],[73.4865,0.3192],[73.4865,0.3191],[73.4866,0.3192],[73.487,0.3191],[73.4875,0.3188],[73.488,0.3188],[73.4881,0.3197],[73.4883,0.3203],[73.4884,0.3207],[73.4885,0.3207],[73.4885,0.3211],[73.4884,0.3211],[73.4884,0.3213],[73.4883,0.3214],[73.4884,0.3214]]],[[[73.4894,0.3238],[73.4888,0.3239],[73.4888,0.3237],[73.4893,0.3235],[73.4894,0.3238]]],[[[73.0268,0.3249],[73.0265,0.3256],[73.0259,0.3256],[73.0258,0.3253],[73.0256,0.3253],[73.0256,0.3252],[73.0252,0.3252],[73.0247,0.325],[73.0248,0.3246],[73.025,0.3247],[73.0251,0.3246],[73.0268,0.3247],[73.0268,0.3249]]],[[[73.4932,0.326],[73.4922,0.3258],[73.491,0.326],[73.4908,0.3258],[73.4906,0.325],[73.4902,0.3242],[73.4906,0.3239],[73.4911,0.3236],[73.4917,0.323],[73.492,0.3227],[73.4926,0.3226],[73.4926,0.3227],[73.4929,0.3229],[73.493,0.3232],[73.4928,0.3238],[73.4927,0.3243],[73.4929,0.3248],[73.4937,0.324],[73.4942,0.3239],[73.4948,0.324],[73.4953,0.3244],[73.4949,0.3248],[73.494,0.325],[73.4937,0.3255],[73.4932,0.326]]],[[[73.4916,0.3266],[73.4918,0.3266],[73.4916,0.3275],[73.4912,0.3273],[73.4909,0.3268],[73.4911,0.3266],[73.4915,0.3265],[73.4916,0.3266]]],[[[73.4962,0.3302],[73.4961,0.3301],[73.4962,0.33],[73.4962,0.3302]]],[[[73.0268,0.33],[73.0266,0.3302],[73.0259,0.33],[73.025,0.3301],[73.0248,0.3298],[73.0247,0.3282],[73.0248,0.3281],[73.0257,0.3281],[73.0257,0.328],[73.0258,0.328],[73.0258,0.3279],[73.0259,0.328],[73.0264,0.3278],[73.0268,0.328],[73.0268,0.3292],[73.0268,0.33]]],[[[73.4972,0.3291],[73.4971,0.3294],[73.497,0.3294],[73.4972,0.3297],[73.4973,0.3301],[73.4967,0.3302],[73.4964,0.3298],[73.4956,0.3287],[73.4953,0.3281],[73.4948,0.3278],[73.4949,0.3275],[73.4954,0.3274],[73.4964,0.3276],[73.4968,0.3274],[73.4968,0.3275],[73.497,0.3274],[73.497,0.3274],[73.498,0.3273],[73.4987,0.3271],[73.4991,0.327],[73.4992,0.3262],[73.4995,0.326],[73.4997,0.3264],[73.4997,0.3276],[73.4996,0.3277],[73.4995,0.3282],[73.4992,0.3288],[73.4991,0.3294],[73.4983,0.3293],[73.4976,0.3291],[73.4974,0.329],[73.4972,0.3291]]],[[[73.4962,0.3302],[73.4963,0.3302],[73.4962,0.3304],[73.4962,0.3302]]],[[[73.4862,0.3273],[73.4865,0.3273],[73.4865,0.3274],[73.4869,0.3274],[73.4875,0.3275],[73.4884,0.3277],[73.4898,0.3281],[73.4902,0.3282],[73.4908,0.3288],[73.4907,0.3291],[73.4904,0.3296],[73.4902,0.3305],[73.4903,0.331],[73.4905,0.3314],[73.4901,0.3313],[73.4886,0.3302],[73.488,0.3298],[73.4859,0.3284],[73.4846,0.3271],[73.4829,0.3252],[73.4827,0.3244],[73.4828,0.3238],[73.4832,0.3236],[73.4837,0.3243],[73.4839,0.3248],[73.4845,0.3256],[73.4851,0.3263],[73.4857,0.327],[73.4861,0.3273],[73.4862,0.3272],[73.4862,0.3273]]],[[[73.5048,0.3333],[73.5047,0.3333],[73.5048,0.3332],[73.5048,0.3333]]],[[[73.5048,0.3333],[73.5049,0.3333],[73.5049,0.3334],[73.5048,0.3334],[73.5048,0.3333]]],[[[73.5007,0.3345],[73.5002,0.3345],[73.4993,0.3341],[73.4986,0.3341],[73.4983,0.3341],[73.4972,0.3335],[73.4959,0.3323],[73.4956,0.332],[73.4955,0.332],[73.4955,0.3319],[73.4953,0.3319],[73.4954,0.3318],[73.4954,0.3317],[73.4957,0.3317],[73.4957,0.3318],[73.4961,0.3316],[73.4968,0.331],[73.4979,0.3311],[73.4984,0.331],[73.4999,0.3323],[73.5005,0.3334],[73.5007,0.3345]]],[[[73.5035,0.3353],[73.5033,0.3353],[73.5032,0.3351],[73.5033,0.335],[73.5035,0.3353]]],[[[73.5049,0.3334],[73.505,0.3335],[73.5056,0.3344],[73.5057,0.3355],[73.5054,0.336],[73.505,0.3362],[73.5048,0.3359],[73.5046,0.3358],[73.5045,0.3355],[73.505,0.3349],[73.5053,0.3343],[73.505,0.3336],[73.5049,0.3334]]],[[[73.4368,0.3337],[73.4369,0.3339],[73.4371,0.3342],[73.4374,0.3346],[73.4377,0.3351],[73.4379,0.3356],[73.4378,0.3361],[73.4374,0.3366],[73.4367,0.3364],[73.4362,0.3361],[73.4357,0.3354],[73.4356,0.3343],[73.4358,0.3338],[73.4367,0.3337],[73.4368,0.3337]]],[[[73.0272,0.3407],[73.0268,0.3407],[73.0267,0.3406],[73.0271,0.3405],[73.0272,0.3407]]],[[[73.5196,0.342],[73.5196,0.342],[73.5199,0.3422],[73.5193,0.3424],[73.5187,0.3426],[73.5182,0.3427],[73.5174,0.3422],[73.5167,0.3421],[73.5165,0.342],[73.5162,0.3417],[73.5161,0.3417],[73.5154,0.3418],[73.5149,0.3416],[73.5143,0.3412],[73.5138,0.341],[73.5123,0.3404],[73.5119,0.3402],[73.511,0.3398],[73.5109,0.3397],[73.5102,0.3393],[73.5101,0.3392],[73.5097,0.3391],[73.5093,0.3389],[73.5086,0.3386],[73.5083,0.3383],[73.5081,0.3381],[73.5074,0.3379],[73.5063,0.3375],[73.5051,0.3368],[73.505,0.3366],[73.5054,0.3363],[73.5059,0.3356],[73.5058,0.3345],[73.5059,0.3342],[73.5055,0.3341],[73.5053,0.3336],[73.5053,0.3334],[73.505,0.3329],[73.5045,0.3325],[73.5042,0.3322],[73.5037,0.3317],[73.5031,0.3314],[73.5024,0.3312],[73.5017,0.3314],[73.5014,0.3314],[73.5016,0.3304],[73.5021,0.3298],[73.5022,0.3288],[73.5026,0.3281],[73.5027,0.3276],[73.5029,0.3274],[73.5032,0.3275],[73.5036,0.3277],[73.504,0.3285],[73.5042,0.3298],[73.5045,0.3303],[73.5048,0.3308],[73.5056,0.3317],[73.5058,0.3319],[73.5063,0.3326],[73.5063,0.3329],[73.5066,0.333],[73.5068,0.3332],[73.5069,0.3332],[73.5074,0.3335],[73.5076,0.3336],[73.5077,0.3337],[73.5079,0.3337],[73.5081,0.3338],[73.5083,0.3339],[73.5085,0.334],[73.5092,0.3343],[73.5107,0.3353],[73.5109,0.3354],[73.5112,0.3355],[73.512,0.3362],[73.5124,0.3366],[73.5127,0.3366],[73.5128,0.3368],[73.513,0.3369],[73.5137,0.3373],[73.5139,0.3376],[73.5141,0.3376],[73.5142,0.3377],[73.5143,0.3377],[73.5143,0.3378],[73.5143,0.3378],[73.5145,0.3379],[73.5145,0.338],[73.5147,0.3381],[73.515,0.3381],[73.5153,0.3384],[73.5154,0.3383],[73.5158,0.3385],[73.5159,0.3386],[73.5161,0.3387],[73.5168,0.3393],[73.5171,0.3396],[73.5172,0.3397],[73.5172,0.3397],[73.5173,0.3397],[73.5174,0.3397],[73.5177,0.3399],[73.5178,0.34],[73.5178,0.34],[73.5183,0.34],[73.5191,0.341],[73.5194,0.3413],[73.5197,0.3416],[73.5196,0.342]]],[[[73.0269,0.3428],[73.0271,0.3429],[73.027,0.3431],[73.0265,0.3431],[73.0262,0.343],[73.0263,0.3428],[73.0269,0.3425],[73.0269,0.3428]]],[[[73.0258,0.3432],[73.0255,0.3433],[73.0255,0.3431],[73.0258,0.343],[73.0258,0.3432]]],[[[73.4051,0.3501],[73.4044,0.3504],[73.4048,0.3501],[73.4052,0.35],[73.4051,0.3501]]],[[[73.5389,0.3473],[73.5396,0.3475],[73.5399,0.3478],[73.5399,0.3478],[73.5399,0.3479],[73.54,0.3479],[73.54,0.348],[73.5401,0.3481],[73.5405,0.3486],[73.5407,0.3495],[73.541,0.35],[73.5413,0.3508],[73.5414,0.352],[73.5409,0.3522],[73.5406,0.3529],[73.5397,0.3538],[73.5396,0.3544],[73.5394,0.3544],[73.539,0.3538],[73.5386,0.3533],[73.5384,0.3525],[73.5383,0.3516],[73.5381,0.3509],[73.5376,0.3506],[73.5372,0.35],[73.537,0.3492],[73.5373,0.3478],[73.5376,0.3473],[73.5385,0.3472],[73.5389,0.3473]]],[[[73.5417,0.3525],[73.5419,0.3526],[73.5424,0.3534],[73.5429,0.3547],[73.5429,0.3555],[73.5423,0.3557],[73.5417,0.3554],[73.5416,0.3551],[73.5413,0.3548],[73.5412,0.3543],[73.5416,0.3538],[73.5415,0.3524],[73.5417,0.3525]]],[[[73.3197,0.3565],[73.3196,0.3568],[73.32,0.3568],[73.32,0.357],[73.3204,0.3575],[73.3205,0.3581],[73.32,0.3583],[73.3196,0.3581],[73.3195,0.3578],[73.3193,0.3575],[73.3192,0.3574],[73.3191,0.3571],[73.3192,0.357],[73.3192,0.3569],[73.3193,0.3564],[73.3197,0.3565]]],[[[73.0263,0.36],[73.0258,0.36],[73.0257,0.3601],[73.0255,0.3601],[73.0252,0.3599],[73.0254,0.3598],[73.0257,0.3599],[73.0257,0.3598],[73.0258,0.3598],[73.026,0.3597],[73.0265,0.3598],[73.0263,0.36]]],[[[73.5439,0.361],[73.5447,0.3617],[73.5452,0.3625],[73.5452,0.3627],[73.5453,0.3627],[73.5453,0.3628],[73.5455,0.3629],[73.5455,0.363],[73.5456,0.3632],[73.5457,0.3632],[73.5457,0.3632],[73.5457,0.3634],[73.5458,0.3634],[73.5458,0.3635],[73.5461,0.3638],[73.5467,0.3649],[73.5468,0.3652],[73.5468,0.3653],[73.5469,0.3657],[73.5465,0.3656],[73.5463,0.3652],[73.5462,0.3652],[73.5462,0.3651],[73.546,0.3647],[73.5458,0.3637],[73.5454,0.3634],[73.5453,0.363],[73.5452,0.363],[73.5452,0.3628],[73.5451,0.3628],[73.5451,0.3627],[73.5448,0.3626],[73.5446,0.3624],[73.544,0.362],[73.5436,0.3613],[73.5436,0.3608],[73.5439,0.361]]],[[[73.3914,0.3673],[73.3918,0.3674],[73.3923,0.3676],[73.392,0.3681],[73.3915,0.3683],[73.391,0.3682],[73.3909,0.3679],[73.3912,0.3674],[73.3914,0.3673],[73.3914,0.3673]]],[[[73.0259,0.3676],[73.0261,0.3677],[73.0264,0.3679],[73.0262,0.3684],[73.0253,0.3682],[73.0249,0.368],[73.0248,0.3678],[73.0251,0.3677],[73.0252,0.3676],[73.0258,0.3676],[73.0259,0.3676]]],[[[73.5522,0.3683],[73.5519,0.3685],[73.5517,0.3681],[73.5521,0.368],[73.5522,0.3683]]],[[[73.3928,0.3681],[73.3924,0.3685],[73.3917,0.3686],[73.3918,0.3684],[73.3922,0.3682],[73.3925,0.3681],[73.3927,0.3679],[73.3927,0.3678],[73.3928,0.3681]]],[[[73.0257,0.3699],[73.0257,0.3701],[73.0251,0.3707],[73.0244,0.3705],[73.024,0.3703],[73.0235,0.3699],[73.0236,0.3697],[73.024,0.3698],[73.0253,0.3697],[73.0253,0.3698],[73.0257,0.3699]]],[[[73.5526,0.3665],[73.5537,0.3675],[73.5543,0.3686],[73.5545,0.3693],[73.5541,0.37],[73.5534,0.3709],[73.553,0.3708],[73.5528,0.3699],[73.5525,0.3693],[73.5523,0.3686],[73.5523,0.3685],[73.5523,0.3684],[73.5522,0.3671],[73.552,0.3666],[73.552,0.3662],[73.5526,0.3665]]],[[[73.0238,0.3716],[73.0245,0.372],[73.0247,0.3722],[73.0245,0.3724],[73.0235,0.3719],[73.0234,0.3716],[73.0237,0.3715],[73.0238,0.3716]]],[[[73.023,0.3736],[73.0233,0.3739],[73.0225,0.3737],[73.0224,0.3736],[73.0222,0.3735],[73.0221,0.3733],[73.0222,0.3732],[73.0224,0.3732],[73.023,0.3736]]],[[[73.5552,0.3734],[73.5554,0.3736],[73.5556,0.3739],[73.5555,0.3745],[73.5556,0.3753],[73.5555,0.3755],[73.5551,0.3753],[73.5552,0.3745],[73.5547,0.3744],[73.5548,0.3739],[73.555,0.3735],[73.5551,0.3734],[73.5552,0.3734]]],[[[73.5537,0.3795],[73.553,0.38],[73.5525,0.3801],[73.552,0.3798],[73.5518,0.3788],[73.5514,0.3775],[73.5514,0.377],[73.5513,0.3766],[73.5512,0.3766],[73.5511,0.3761],[73.551,0.376],[73.5509,0.3755],[73.5504,0.3744],[73.5499,0.3735],[73.5496,0.3725],[73.5492,0.372],[73.5488,0.3709],[73.5489,0.3696],[73.55,0.3695],[73.5503,0.3698],[73.5504,0.3698],[73.5504,0.3699],[73.5505,0.37],[73.5508,0.3701],[73.551,0.37],[73.5517,0.3705],[73.551,0.3705],[73.5505,0.3708],[73.5504,0.3715],[73.551,0.3722],[73.5514,0.3728],[73.5517,0.3732],[73.5524,0.3735],[73.5527,0.3739],[73.5525,0.3752],[73.5523,0.3757],[73.5524,0.3757],[73.5524,0.376],[73.5523,0.376],[73.5523,0.3762],[73.5524,0.3762],[73.5524,0.3763],[73.5525,0.3763],[73.5524,0.3764],[73.5527,0.377],[73.5526,0.3774],[73.5524,0.378],[73.5523,0.3786],[73.5524,0.3792],[73.5526,0.3792],[73.5528,0.3791],[73.5532,0.3794],[73.5534,0.3794],[73.5535,0.3794],[73.5536,0.3794],[73.5537,0.3795]]],[[[73.498,0.381],[73.4978,0.3811],[73.4977,0.3808],[73.4978,0.3807],[73.498,0.381]]],[[[73.4975,0.3811],[73.4972,0.3811],[73.4973,0.3807],[73.4975,0.3805],[73.4975,0.3808],[73.4976,0.3808],[73.4976,0.381],[73.4975,0.381],[73.4975,0.3811]]],[[[73.4982,0.3815],[73.4981,0.3815],[73.4981,0.3814],[73.4982,0.3815]]],[[[73.4982,0.3815],[73.4983,0.3815],[73.4982,0.3816],[73.4982,0.3815]]],[[[73.0154,0.3826],[73.0157,0.3831],[73.0165,0.384],[73.0162,0.3848],[73.0156,0.3848],[73.0153,0.3842],[73.0147,0.3835],[73.0145,0.3834],[73.0144,0.383],[73.0145,0.3828],[73.0147,0.3826],[73.0154,0.3826]]],[[[73.5572,0.3771],[73.5573,0.3774],[73.5577,0.3787],[73.558,0.3808],[73.5581,0.3821],[73.5581,0.3824],[73.5579,0.3831],[73.5575,0.3839],[73.5574,0.3851],[73.5573,0.3854],[73.5574,0.3855],[73.5572,0.3857],[73.5572,0.3858],[73.5571,0.3858],[73.5567,0.3857],[73.5566,0.3837],[73.557,0.3822],[73.557,0.3808],[73.5565,0.38],[73.5559,0.3794],[73.5556,0.379],[73.5556,0.3779],[73.5556,0.3777],[73.5551,0.3765],[73.5549,0.3763],[73.555,0.3761],[73.5551,0.376],[73.5552,0.376],[73.5554,0.376],[73.5556,0.3764],[73.5557,0.3765],[73.556,0.3768],[73.5563,0.3767],[73.556,0.3755],[73.5559,0.3743],[73.5565,0.3751],[73.5571,0.3767],[73.5572,0.3771]]],[[[73.0119,0.3846],[73.0121,0.3847],[73.0124,0.3849],[73.0129,0.3857],[73.0133,0.3863],[73.0132,0.3867],[73.0129,0.3871],[73.013,0.3871],[73.013,0.3876],[73.0127,0.3876],[73.0121,0.3875],[73.012,0.3873],[73.0119,0.3873],[73.0118,0.3868],[73.0119,0.3868],[73.0119,0.3858],[73.0118,0.3855],[73.0117,0.3855],[73.0117,0.3854],[73.0114,0.3852],[73.0113,0.3848],[73.0118,0.3845],[73.0119,0.3846]]],[[[73.0107,0.3919],[73.0106,0.3922],[73.0103,0.3921],[73.0101,0.3917],[73.0106,0.3916],[73.0107,0.3919]]],[[[73.5577,0.3905],[73.5583,0.3925],[73.5583,0.3929],[73.5579,0.3928],[73.5577,0.3923],[73.5575,0.3919],[73.5571,0.3911],[73.5567,0.3906],[73.5563,0.3905],[73.5562,0.3905],[73.556,0.3905],[73.5558,0.3899],[73.5555,0.3891],[73.5554,0.3884],[73.5553,0.3879],[73.5552,0.3875],[73.5549,0.387],[73.5542,0.3858],[73.5539,0.3853],[73.5537,0.3852],[73.5531,0.3842],[73.5531,0.3837],[73.5531,0.3833],[73.5534,0.3835],[73.5536,0.3842],[73.5541,0.3848],[73.5544,0.3857],[73.5546,0.3859],[73.5548,0.3861],[73.5552,0.3869],[73.5556,0.3875],[73.556,0.3881],[73.5562,0.3885],[73.5571,0.3895],[73.5577,0.3905]]],[[[73.009,0.3927],[73.0096,0.3931],[73.0097,0.3932],[73.0097,0.3934],[73.0097,0.3935],[73.0091,0.3936],[73.0088,0.3934],[73.0086,0.3933],[73.0084,0.3933],[73.0084,0.3933],[73.0082,0.3932],[73.0081,0.3931],[73.0081,0.3931],[73.0081,0.393],[73.0078,0.3929],[73.0079,0.3926],[73.0083,0.3924],[73.0084,0.3925],[73.0086,0.3925],[73.009,0.3927]]],[[[73.017,0.3918],[73.0166,0.392],[73.0163,0.3923],[73.0163,0.3925],[73.0157,0.3933],[73.0151,0.394],[73.0149,0.3941],[73.0147,0.3941],[73.0147,0.3937],[73.0146,0.3935],[73.014,0.3927],[73.0127,0.3917],[73.0118,0.3912],[73.0115,0.3911],[73.0112,0.3912],[73.0107,0.391],[73.0102,0.3907],[73.0099,0.3906],[73.0094,0.3903],[73.0087,0.3902],[73.0075,0.3893],[73.0076,0.3885],[73.0079,0.388],[73.0082,0.3881],[73.0089,0.3885],[73.0096,0.3884],[73.0102,0.3883],[73.0113,0.3884],[73.0122,0.3882],[73.0124,0.3883],[73.0129,0.3893],[73.0134,0.3897],[73.0134,0.3896],[73.0142,0.3897],[73.015,0.3898],[73.0155,0.3899],[73.0161,0.39],[73.0161,0.39],[73.0163,0.39],[73.0164,0.39],[73.0166,0.3898],[73.0167,0.3898],[73.017,0.39],[73.0171,0.3901],[73.0175,0.3909],[73.017,0.3918]]],[[[73.0056,0.3966],[73.0054,0.3967],[73.0054,0.3968],[73.0053,0.3968],[73.0052,0.3968],[73.0051,0.3968],[73.0051,0.3967],[73.005,0.3966],[73.0051,0.3964],[73.0056,0.3966]]],[[[73.0089,0.3965],[73.0088,0.3967],[73.0086,0.3968],[73.0087,0.3963],[73.0086,0.3962],[73.0085,0.3963],[73.0083,0.3966],[73.0079,0.3969],[73.0076,0.3968],[73.0078,0.3962],[73.0076,0.396],[73.0071,0.3959],[73.007,0.396],[73.0063,0.3959],[73.0053,0.3956],[73.0054,0.3946],[73.0059,0.3943],[73.0061,0.3941],[73.0061,0.394],[73.0062,0.394],[73.0062,0.3938],[73.0063,0.3935],[73.0065,0.3936],[73.0068,0.3937],[73.0075,0.3942],[73.0078,0.3946],[73.0081,0.3947],[73.0091,0.3948],[73.0096,0.3948],[73.0101,0.3948],[73.0106,0.3955],[73.0101,0.3962],[73.01,0.3962],[73.01,0.3963],[73.0099,0.3963],[73.0097,0.3966],[73.0091,0.397],[73.0089,0.3965],[73.0089,0.3965]]],[[[73.3695,0.3991],[73.3694,0.3989],[73.3693,0.3984],[73.3694,0.3983],[73.3695,0.3978],[73.3698,0.3979],[73.37,0.3981],[73.3702,0.3982],[73.3703,0.3985],[73.37,0.399],[73.37,0.3991],[73.3698,0.3991],[73.3696,0.399],[73.3695,0.3991]]],[[[73.3711,0.3984],[73.371,0.3989],[73.3705,0.3993],[73.3696,0.3994],[73.3695,0.3992],[73.3701,0.3991],[73.3707,0.3988],[73.3709,0.3982],[73.371,0.3981],[73.3711,0.3984]]],[[[73.0052,0.4012],[73.0055,0.4014],[73.0047,0.4016],[73.0045,0.4012],[73.0052,0.4012],[73.0052,0.4012]]],[[[73.0072,0.4003],[73.0073,0.4006],[73.007,0.4014],[73.007,0.4014],[73.007,0.4016],[73.007,0.4017],[73.0067,0.4017],[73.0062,0.4014],[73.0059,0.4007],[73.0055,0.4003],[73.0053,0.4002],[73.0048,0.4],[73.0046,0.3997],[73.0045,0.3997],[73.0045,0.3996],[73.0047,0.3994],[73.0055,0.3998],[73.0062,0.3999],[73.0063,0.4],[73.0064,0.4],[73.0064,0.4001],[73.0066,0.4002],[73.0067,0.4001],[73.0072,0.4003]]],[[[73.0052,0.4024],[73.0047,0.4024],[73.0048,0.4023],[73.0052,0.4022],[73.0052,0.4024]]],[[[73.5694,0.407],[73.5693,0.4069],[73.5695,0.4068],[73.5694,0.407]]],[[[73.5663,0.408],[73.5662,0.4079],[73.5664,0.4079],[73.5663,0.408]]],[[[73.57,0.4085],[73.5698,0.4087],[73.57,0.4081],[73.57,0.408],[73.57,0.4085]]],[[[73.5672,0.4078],[73.5674,0.4086],[73.5681,0.4092],[73.5684,0.4097],[73.5682,0.4099],[73.5683,0.4101],[73.5683,0.4104],[73.5679,0.4105],[73.5678,0.4104],[73.5677,0.4103],[73.5672,0.409],[73.5665,0.4078],[73.5667,0.4075],[73.5672,0.4078]]],[[[73.5731,0.4133],[73.5729,0.4134],[73.5729,0.4137],[73.5727,0.4139],[73.572,0.4136],[73.5716,0.4135],[73.5715,0.4123],[73.571,0.4114],[73.5711,0.4112],[73.5717,0.4116],[73.5723,0.4121],[73.5728,0.4125],[73.573,0.4127],[73.5731,0.4127],[73.5732,0.4129],[73.5733,0.413],[73.5732,0.413],[73.5732,0.4131],[73.5731,0.4131],[73.5731,0.4133]]],[[[73.5722,0.4152],[73.5722,0.415],[73.5723,0.415],[73.5722,0.4152]]],[[[73.573,0.4162],[73.5726,0.4162],[73.5723,0.4162],[73.5723,0.4159],[73.5724,0.4159],[73.5724,0.4157],[73.5726,0.4153],[73.5731,0.4157],[73.573,0.4162]]],[[[73.006,0.4215],[73.0056,0.4217],[73.0051,0.4215],[73.0041,0.4215],[73.0037,0.4215],[73.004,0.4213],[73.0043,0.4209],[73.0044,0.421],[73.0046,0.4209],[73.0055,0.4212],[73.0058,0.4212],[73.006,0.4215]]],[[[73.5701,0.4155],[73.5703,0.4166],[73.5706,0.4172],[73.5711,0.4178],[73.5712,0.4184],[73.5716,0.4189],[73.5723,0.4194],[73.5727,0.4198],[73.5728,0.4207],[73.573,0.4217],[73.5733,0.4228],[73.5734,0.4248],[73.5734,0.4256],[73.573,0.4262],[73.5726,0.4265],[73.5712,0.4266],[73.571,0.4267],[73.5708,0.4268],[73.5708,0.4268],[73.5707,0.4269],[73.57,0.4271],[73.5697,0.4261],[73.5697,0.4257],[73.5696,0.4256],[73.5696,0.4253],[73.5693,0.424],[73.5694,0.4235],[73.5696,0.4228],[73.5698,0.4213],[73.5697,0.4197],[73.5695,0.4192],[73.5694,0.4186],[73.5693,0.4178],[73.5691,0.417],[73.5691,0.4161],[73.5691,0.4156],[73.5694,0.4151],[73.5698,0.4153],[73.5698,0.4152],[73.5701,0.4155]]],[[[73.0045,0.4276],[73.0044,0.4278],[73.0043,0.4283],[73.0043,0.4289],[73.0043,0.4293],[73.0035,0.4295],[73.003,0.4293],[73.0031,0.4278],[73.0031,0.4277],[73.0035,0.4274],[73.004,0.4275],[73.0043,0.4274],[73.0045,0.4276]]],[[[73.5702,0.4346],[73.5702,0.4351],[73.5696,0.4355],[73.5695,0.4355],[73.569,0.4356],[73.5689,0.4353],[73.5689,0.4349],[73.5691,0.4342],[73.5692,0.4339],[73.5692,0.4338],[73.5693,0.4338],[73.5695,0.4335],[73.5698,0.4335],[73.5702,0.4346]]],[[[73.0086,0.446],[73.0085,0.4459],[73.0087,0.4459],[73.0086,0.446]]],[[[73.0103,0.4487],[73.0102,0.4486],[73.0104,0.4486],[73.0103,0.4487]]],[[[73.5698,0.4484],[73.5694,0.4487],[73.5691,0.4489],[73.5686,0.4492],[73.568,0.4494],[73.5675,0.4488],[73.5671,0.4485],[73.5669,0.4477],[73.5668,0.4475],[73.5668,0.4469],[73.5669,0.4458],[73.5671,0.4445],[73.5667,0.4436],[73.5666,0.4414],[73.5671,0.4406],[73.567,0.4387],[73.5665,0.4385],[73.5664,0.4383],[73.5661,0.4379],[73.5661,0.4367],[73.5661,0.436],[73.5664,0.4356],[73.5665,0.4355],[73.5668,0.4356],[73.5667,0.436],[73.5668,0.4361],[73.5674,0.4373],[73.5675,0.4374],[73.5677,0.4375],[73.5679,0.4378],[73.568,0.4378],[73.5682,0.4378],[73.569,0.4382],[73.5691,0.4383],[73.5691,0.4383],[73.5691,0.4383],[73.5693,0.4384],[73.5697,0.4387],[73.5709,0.44],[73.5713,0.4405],[73.5713,0.4408],[73.5711,0.4424],[73.5708,0.443],[73.5701,0.445],[73.57,0.4452],[73.5701,0.4452],[73.5701,0.4455],[73.57,0.4455],[73.5701,0.4457],[73.57,0.4462],[73.5699,0.4463],[73.5699,0.4469],[73.5699,0.4469],[73.5698,0.4484]]],[[[72.9996,0.4482],[72.9998,0.4486],[72.9997,0.449],[72.9994,0.45],[72.9992,0.4501],[72.9991,0.4501],[72.9991,0.45],[72.9989,0.4499],[72.9986,0.4496],[72.9983,0.4493],[72.9974,0.449],[72.9971,0.4485],[72.9972,0.448],[72.9991,0.4479],[72.9996,0.4482]]],[[[73.0052,0.4505],[73.0052,0.4506],[73.0051,0.4509],[73.0047,0.4511],[73.0043,0.4515],[73.0042,0.4516],[73.004,0.4517],[73.0039,0.4516],[73.0038,0.4515],[73.0037,0.4515],[73.0032,0.4514],[73.0024,0.4509],[73.0022,0.4507],[73.0021,0.4506],[73.002,0.4506],[73.0018,0.4506],[73.0018,0.4505],[73.0016,0.4505],[73.0011,0.4504],[73.0006,0.4501],[73.0006,0.4497],[73.0004,0.4492],[73.0005,0.4486],[73.001,0.4478],[73.0012,0.4472],[73.0013,0.4458],[73.0012,0.445],[73.0012,0.445],[73.0008,0.4442],[73.0008,0.4441],[73.0002,0.4438],[72.9996,0.4437],[72.9995,0.4436],[72.9995,0.4433],[72.9998,0.443],[73.0,0.4422],[73.0,0.4417],[73.0001,0.4407],[73.0003,0.4401],[73.0006,0.4399],[73.0009,0.4398],[73.0009,0.4397],[73.0005,0.4396],[73.0007,0.4391],[73.0011,0.4381],[73.0013,0.4377],[73.0015,0.4374],[73.0029,0.4375],[73.0032,0.4373],[73.0038,0.4371],[73.0041,0.437],[73.0042,0.4369],[73.0046,0.4366],[73.0049,0.4366],[73.005,0.4372],[73.0049,0.4373],[73.005,0.4376],[73.0052,0.4381],[73.005,0.4394],[73.0051,0.44],[73.0047,0.4401],[73.0049,0.4413],[73.0053,0.4414],[73.0058,0.4421],[73.0065,0.4437],[73.0067,0.4442],[73.0072,0.4454],[73.0074,0.4458],[73.0081,0.4459],[73.0084,0.446],[73.007,0.4465],[73.0069,0.447],[73.0071,0.4476],[73.0071,0.4479],[73.0072,0.4483],[73.0072,0.4484],[73.0072,0.4487],[73.0073,0.4487],[73.0073,0.4488],[73.0078,0.4491],[73.009,0.4488],[73.0096,0.4486],[73.0099,0.4488],[73.01,0.4487],[73.0101,0.4488],[73.0099,0.4489],[73.0099,0.4489],[73.0097,0.4489],[73.0088,0.4493],[73.0084,0.4494],[73.0074,0.4495],[73.0074,0.4496],[73.0073,0.4496],[73.0071,0.4496],[73.007,0.4497],[73.0069,0.4497],[73.0069,0.4498],[73.0067,0.4498],[73.0063,0.4498],[73.0063,0.4498],[73.0061,0.4498],[73.0061,0.4498],[73.006,0.4498],[73.0055,0.4504],[73.0052,0.4505]]],[[[73.5353,0.4513],[73.5358,0.4515],[73.536,0.4521],[73.5358,0.4524],[73.5353,0.4527],[73.5346,0.4526],[73.5344,0.4517],[73.5345,0.4513],[73.5353,0.4513],[73.5353,0.4513]]],[[[72.9993,0.4514],[72.9996,0.4516],[72.9999,0.4517],[73.0003,0.452],[73.0006,0.4521],[73.0008,0.4525],[73.001,0.4527],[73.0009,0.4528],[73.0009,0.4529],[73.0007,0.4529],[73.0006,0.4529],[73.0006,0.4528],[73.0003,0.4528],[73.0,0.4524],[72.9995,0.4523],[72.9994,0.4522],[72.999,0.4521],[72.9985,0.4518],[72.9984,0.4516],[72.9984,0.4512],[72.9993,0.4514]]],[[[72.9971,0.4543],[72.9969,0.4544],[72.9968,0.4542],[72.997,0.4542],[72.9971,0.4543]]],[[[72.9992,0.4556],[72.9991,0.4555],[72.9988,0.4554],[72.9991,0.4546],[73.0,0.4547],[73.0005,0.455],[73.0004,0.4559],[73.0002,0.4561],[72.9999,0.4558],[72.9994,0.4554],[72.9992,0.4556]]],[[[72.9992,0.4556],[72.9992,0.4556],[72.9993,0.4561],[72.9995,0.4563],[73.0004,0.4564],[73.0006,0.4566],[73.0005,0.457],[73.0008,0.4571],[73.0009,0.4563],[73.001,0.4559],[73.0012,0.4555],[73.0021,0.4559],[73.0026,0.4561],[73.0023,0.4567],[73.002,0.457],[73.0022,0.4577],[73.0022,0.4578],[73.0017,0.4578],[73.0014,0.4578],[73.0007,0.4596],[73.001,0.4599],[73.0005,0.4602],[73.0004,0.4605],[72.9998,0.461],[72.9997,0.4614],[72.9994,0.4617],[72.9989,0.4613],[72.9986,0.4612],[72.998,0.4617],[72.9977,0.4625],[72.9976,0.4627],[72.9972,0.4626],[72.997,0.4624],[72.9968,0.4623],[72.9967,0.4628],[72.997,0.4632],[72.9967,0.4633],[72.9964,0.4626],[72.9962,0.462],[72.9963,0.4611],[72.9961,0.4606],[72.9961,0.4603],[72.996,0.4594],[72.9958,0.4584],[72.9959,0.4575],[72.996,0.4565],[72.9972,0.456],[72.9983,0.4559],[72.9988,0.4555],[72.9992,0.4556]]],[[[73.5656,0.4594],[73.5657,0.46],[73.5658,0.4603],[73.5659,0.4607],[73.5652,0.4616],[73.5649,0.4625],[73.5643,0.4634],[73.564,0.4637],[73.5625,0.4638],[73.5624,0.4634],[73.5625,0.4626],[73.5626,0.462],[73.563,0.461],[73.5633,0.4601],[73.5636,0.4597],[73.5648,0.4592],[73.5653,0.459],[73.5656,0.4594]]],[[[73.1551,0.4615],[73.1556,0.4616],[73.1558,0.4617],[73.1562,0.462],[73.1561,0.4621],[73.1561,0.4627],[73.1558,0.4632],[73.1556,0.4633],[73.1555,0.4634],[73.155,0.4637],[73.1544,0.464],[73.1539,0.4638],[73.1537,0.4634],[73.1535,0.4629],[73.1538,0.4622],[73.1542,0.462],[73.1546,0.4617],[73.155,0.4615],[73.1551,0.4614],[73.1551,0.4615]]],[[[73.5623,0.466],[73.5622,0.466],[73.5624,0.4664],[73.5621,0.4671],[73.5618,0.4671],[73.562,0.4664],[73.562,0.4661],[73.5621,0.4658],[73.5623,0.466]]],[[[73.5588,0.4805],[73.5586,0.481],[73.5585,0.4814],[73.5582,0.4817],[73.557,0.4821],[73.5565,0.4826],[73.5535,0.4825],[73.5534,0.4825],[73.5534,0.4824],[73.5531,0.4821],[73.5527,0.4818],[73.5521,0.4817],[73.552,0.4816],[73.5533,0.481],[73.554,0.4805],[73.5541,0.4805],[73.5541,0.4804],[73.5542,0.4804],[73.5545,0.48],[73.5548,0.4799],[73.5548,0.4798],[73.5549,0.4798],[73.555,0.4796],[73.5552,0.4796],[73.5552,0.4794],[73.5553,0.4794],[73.5558,0.4791],[73.5565,0.4784],[73.5576,0.4769],[73.5582,0.4758],[73.5588,0.4745],[73.5595,0.4732],[73.5598,0.4726],[73.5602,0.4717],[73.5604,0.4717],[73.5606,0.4735],[73.5606,0.4739],[73.5606,0.4742],[73.5606,0.475],[73.5602,0.4772],[73.5599,0.4781],[73.5588,0.4805]]],[[[73.1723,0.494],[73.1724,0.4941],[73.1729,0.4948],[73.1728,0.4952],[73.1726,0.4956],[73.1721,0.4954],[73.172,0.4947],[73.1721,0.4942],[73.1722,0.494],[73.1722,0.4939],[73.1723,0.494]]],[[[72.9958,0.4968],[72.9955,0.4968],[72.9952,0.4967],[72.9951,0.4965],[72.9947,0.4962],[72.994,0.4959],[72.9934,0.4959],[72.9934,0.4958],[72.9931,0.4959],[72.9927,0.4961],[72.9924,0.4961],[72.9916,0.4958],[72.9915,0.4954],[72.9912,0.4951],[72.99,0.4935],[72.9895,0.4926],[72.9896,0.4912],[72.9895,0.4904],[72.9894,0.4896],[72.9893,0.4891],[72.9885,0.4885],[72.9885,0.4877],[72.9888,0.4868],[72.989,0.4862],[72.9892,0.4853],[72.9895,0.4842],[72.9899,0.4833],[72.9901,0.4826],[72.9903,0.4819],[72.9913,0.4805],[72.9916,0.4799],[72.9917,0.4794],[72.9919,0.4793],[72.9922,0.4788],[72.9929,0.4783],[72.9936,0.4782],[72.9938,0.4783],[72.9938,0.4783],[72.9943,0.4782],[72.9944,0.4785],[72.9945,0.4785],[72.9945,0.4786],[72.9949,0.4794],[72.9954,0.4799],[72.9959,0.4804],[72.9973,0.4805],[72.9975,0.4804],[72.9982,0.4806],[72.9984,0.4807],[72.9984,0.4807],[72.9984,0.4808],[72.9985,0.4809],[72.9988,0.4812],[72.999,0.4819],[72.9989,0.4827],[72.9988,0.4845],[72.9987,0.4849],[72.9988,0.4849],[72.9987,0.485],[72.9987,0.4851],[72.9987,0.4852],[72.9985,0.4861],[72.9986,0.4862],[72.9987,0.487],[72.9986,0.4888],[72.9989,0.4897],[72.9986,0.4898],[72.9983,0.4896],[72.998,0.4899],[72.9977,0.4902],[72.9979,0.4908],[72.9973,0.4913],[72.9971,0.4915],[72.9968,0.4925],[72.9967,0.493],[72.9966,0.4931],[72.9966,0.4934],[72.9965,0.4949],[72.9966,0.4958],[72.9963,0.496],[72.9962,0.4966],[72.9961,0.4966],[72.9961,0.4967],[72.9959,0.4967],[72.9958,0.4968]]],[[[72.9913,0.4971],[72.9908,0.497],[72.9905,0.4971],[72.9898,0.4969],[72.9882,0.497],[72.9878,0.4969],[72.9879,0.4966],[72.9881,0.4963],[72.9887,0.4961],[72.9892,0.4959],[72.9899,0.4962],[72.9905,0.4962],[72.9908,0.4964],[72.991,0.4968],[72.9912,0.497],[72.9913,0.4971]]],[[[72.9895,0.5007],[72.9894,0.5006],[72.9895,0.5006],[72.9895,0.5007]]],[[[73.4997,0.5061],[73.4993,0.5064],[73.4988,0.5064],[73.4992,0.5061],[73.4996,0.5058],[73.4997,0.5061]]],[[[73.4976,0.5066],[73.4975,0.5067],[73.4975,0.5063],[73.4975,0.5063],[73.4974,0.5063],[73.4973,0.5063],[73.4972,0.5063],[73.4972,0.5062],[73.4971,0.5062],[73.4971,0.5061],[73.4966,0.5059],[73.4965,0.5057],[73.497,0.5056],[73.497,0.5056],[73.4973,0.5055],[73.4974,0.5053],[73.498,0.5049],[73.4994,0.505],[73.4995,0.5056],[73.499,0.5062],[73.4979,0.5065],[73.4975,0.5063],[73.4976,0.5066]]],[[[73.4982,0.5067],[73.4978,0.5067],[73.4979,0.5066],[73.4983,0.5065],[73.4982,0.5067]]],[[[73.4553,0.5046],[73.4556,0.505],[73.4554,0.5057],[73.4548,0.5064],[73.4545,0.5066],[73.4543,0.5067],[73.4538,0.5068],[73.4533,0.5069],[73.4529,0.5068],[73.4525,0.5067],[73.4526,0.506],[73.4527,0.5059],[73.4528,0.5057],[73.453,0.5055],[73.4531,0.5052],[73.4533,0.505],[73.4534,0.5048],[73.4538,0.5047],[73.454,0.5045],[73.4546,0.5044],[73.4553,0.5046]]],[[[73.5534,0.4962],[73.5531,0.4972],[73.5529,0.4977],[73.5527,0.4982],[73.5524,0.4987],[73.5522,0.4988],[73.5519,0.4992],[73.5519,0.4993],[73.5518,0.4995],[73.5516,0.4997],[73.5511,0.5006],[73.5503,0.5018],[73.5493,0.503],[73.5483,0.5045],[73.5478,0.5049],[73.5476,0.5051],[73.5468,0.5056],[73.5454,0.5071],[73.5452,0.5073],[73.5447,0.5077],[73.544,0.5078],[73.5439,0.5056],[73.544,0.5035],[73.5444,0.5022],[73.5446,0.5012],[73.5448,0.5005],[73.5449,0.4994],[73.545,0.4991],[73.5451,0.4988],[73.5452,0.4985],[73.5455,0.498],[73.5456,0.4978],[73.546,0.4975],[73.5467,0.4965],[73.5471,0.4963],[73.5473,0.4962],[73.5473,0.4961],[73.5474,0.4961],[73.5474,0.496],[73.5475,0.4957],[73.5481,0.4947],[73.5488,0.4934],[73.5495,0.4924],[73.5511,0.4916],[73.5526,0.4915],[73.5536,0.4912],[73.5543,0.4914],[73.5549,0.4918],[73.5552,0.4923],[73.5554,0.4927],[73.5548,0.4935],[73.5546,0.4938],[73.5543,0.4945],[73.5537,0.4956],[73.5534,0.4962]]],[[[72.9908,0.5058],[72.9907,0.5059],[72.9906,0.506],[72.9907,0.5061],[72.9906,0.5066],[72.9906,0.5067],[72.9908,0.5068],[72.9906,0.5069],[72.9909,0.5074],[72.9912,0.5078],[72.9912,0.5081],[72.9905,0.5082],[72.9903,0.5078],[72.99,0.5072],[72.9896,0.5057],[72.9897,0.5051],[72.9904,0.5052],[72.9904,0.5053],[72.9904,0.5052],[72.9905,0.5052],[72.9907,0.5051],[72.9908,0.5049],[72.9912,0.5047],[72.9914,0.5051],[72.9912,0.5053],[72.991,0.5056],[72.991,0.5057],[72.9909,0.5057],[72.9908,0.5058]]],[[[73.1475,0.5112],[73.1474,0.5113],[73.1473,0.5114],[73.1473,0.5115],[73.147,0.5116],[73.1469,0.5113],[73.1471,0.5112],[73.1472,0.5112],[73.1472,0.5111],[73.1473,0.5106],[73.1477,0.5101],[73.1478,0.51],[73.148,0.5098],[73.1488,0.51],[73.1489,0.5104],[73.1486,0.5107],[73.148,0.5102],[73.148,0.5106],[73.1478,0.511],[73.1475,0.5112]]],[[[73.543,0.5122],[73.5428,0.5124],[73.5428,0.5125],[73.5429,0.5126],[73.5426,0.514],[73.5425,0.5145],[73.5421,0.5147],[73.542,0.5145],[73.5419,0.5144],[73.5418,0.514],[73.542,0.5132],[73.5421,0.5127],[73.5422,0.5126],[73.5423,0.5123],[73.5425,0.5121],[73.5425,0.512],[73.5428,0.5118],[73.543,0.5122]]],[[[72.9945,0.5162],[72.9947,0.5163],[72.9946,0.5165],[72.9944,0.5166],[72.9943,0.5166],[72.9943,0.5162],[72.9945,0.5162]]],[[[72.9945,0.5178],[72.9943,0.518],[72.9942,0.5176],[72.9945,0.5175],[72.9945,0.5178]]],[[[72.9922,0.517],[72.9925,0.5175],[72.9927,0.5176],[72.9928,0.5179],[72.9927,0.5179],[72.9928,0.5181],[72.9924,0.5181],[72.9922,0.5181],[72.9921,0.518],[72.9918,0.5179],[72.9917,0.5168],[72.9919,0.5162],[72.9923,0.5159],[72.9922,0.517]]],[[[73.2166,0.5195],[73.216,0.5198],[73.2158,0.5195],[73.2159,0.5194],[73.2161,0.5193],[73.2161,0.5192],[73.2159,0.5191],[73.2161,0.5188],[73.2162,0.5186],[73.2163,0.5183],[73.2168,0.5182],[73.217,0.5179],[73.2172,0.5181],[73.2173,0.5184],[73.217,0.5183],[73.217,0.5184],[73.2168,0.5188],[73.2166,0.5191],[73.2166,0.5191],[73.2168,0.5191],[73.217,0.5189],[73.2172,0.519],[73.2166,0.5195]]],[[[73.5407,0.5199],[73.5407,0.5204],[73.5404,0.5216],[73.5402,0.5221],[73.5396,0.5228],[73.5392,0.523],[73.5393,0.5222],[73.5394,0.5221],[73.5394,0.5219],[73.5395,0.5218],[73.5395,0.5217],[73.5397,0.5211],[73.5398,0.5211],[73.5398,0.5209],[73.5401,0.5202],[73.5405,0.5199],[73.5407,0.5199]]],[[[73.0751,0.5222],[73.0752,0.5227],[73.0752,0.5237],[73.0748,0.5245],[73.0741,0.5244],[73.0739,0.524],[73.0738,0.5237],[73.0736,0.5233],[73.0737,0.5223],[73.0743,0.5216],[73.0745,0.5215],[73.0751,0.5222]]],[[[73.5372,0.5309],[73.537,0.5311],[73.5369,0.5311],[73.5368,0.531],[73.5368,0.5308],[73.5372,0.5294],[73.5373,0.529],[73.5377,0.529],[73.5376,0.5297],[73.5374,0.53],[73.5375,0.53],[73.5374,0.5301],[73.5374,0.5303],[73.5373,0.5303],[73.5372,0.5309]]],[[[73.1897,0.5353],[73.1892,0.5354],[73.1892,0.5354],[73.1891,0.5353],[73.1892,0.5343],[73.1893,0.5336],[73.1901,0.5323],[73.1914,0.5319],[73.1918,0.5322],[73.1918,0.5328],[73.1916,0.5334],[73.1911,0.5337],[73.1911,0.534],[73.1908,0.5342],[73.1907,0.5344],[73.1906,0.5345],[73.1905,0.5346],[73.1902,0.5348],[73.1901,0.5349],[73.1901,0.5351],[73.1901,0.5352],[73.19,0.5352],[73.1897,0.5353]]],[[[73.3479,0.5402],[73.3478,0.5405],[73.3475,0.5406],[73.3474,0.54],[73.3477,0.5399],[73.3479,0.5402]]],[[[73.3464,0.541],[73.3462,0.541],[73.3459,0.541],[73.3459,0.5409],[73.3456,0.5409],[73.3456,0.5407],[73.3454,0.5406],[73.3456,0.5405],[73.3458,0.5402],[73.3466,0.54],[73.3473,0.5401],[73.3473,0.5403],[73.3472,0.5405],[73.3471,0.5406],[73.3469,0.5408],[73.3467,0.5408],[73.3467,0.5409],[73.3466,0.5409],[73.3464,0.541]]],[[[73.1245,0.5408],[73.1246,0.5408],[73.1247,0.5409],[73.1248,0.5413],[73.1247,0.5414],[73.1245,0.5416],[73.1235,0.5417],[73.1235,0.5408],[73.1237,0.5407],[73.1245,0.5408]]],[[[72.9994,0.5239],[72.9997,0.5243],[72.9996,0.5245],[72.9991,0.5248],[72.9992,0.5253],[72.9992,0.5257],[72.9994,0.5261],[72.9997,0.527],[72.9996,0.5271],[72.9995,0.5272],[72.9994,0.5273],[72.9992,0.5275],[73.0,0.53],[73.0005,0.5302],[73.001,0.5307],[73.0018,0.5331],[73.0018,0.5336],[73.0021,0.5346],[73.0023,0.5353],[73.0024,0.5356],[73.0025,0.5357],[73.0028,0.5361],[73.0035,0.5369],[73.0049,0.5375],[73.005,0.538],[73.0048,0.5384],[73.004,0.5389],[73.0036,0.5392],[73.0027,0.5396],[73.0017,0.5401],[73.0012,0.5407],[73.0005,0.5408],[72.9997,0.5412],[72.9995,0.5412],[72.999,0.5415],[72.9987,0.5417],[72.998,0.5422],[72.9974,0.5421],[72.996,0.5402],[72.9953,0.5387],[72.995,0.5383],[72.9948,0.5377],[72.994,0.5371],[72.9936,0.5354],[72.9935,0.535],[72.9933,0.5347],[72.993,0.5337],[72.9928,0.5325],[72.9926,0.5318],[72.9926,0.531],[72.9924,0.53],[72.9925,0.5284],[72.9922,0.527],[72.9922,0.5263],[72.9921,0.525],[72.9923,0.5243],[72.9924,0.5235],[72.9929,0.5233],[72.9937,0.5234],[72.9938,0.5234],[72.9938,0.5233],[72.9949,0.5232],[72.9953,0.5231],[72.9956,0.5231],[72.9971,0.5228],[72.9979,0.5227],[72.9987,0.523],[72.9994,0.5239]]],[[[73.0955,0.5388],[73.0956,0.5388],[73.0956,0.5389],[73.0957,0.5389],[73.0958,0.5389],[73.0958,0.539],[73.0959,0.539],[73.0959,0.539],[73.096,0.5392],[73.096,0.5393],[73.0961,0.5396],[73.0962,0.5401],[73.096,0.5411],[73.096,0.5413],[73.0959,0.542],[73.0958,0.5426],[73.0955,0.5427],[73.0948,0.5416],[73.0945,0.5405],[73.0945,0.5396],[73.0945,0.5387],[73.0947,0.5386],[73.0947,0.5385],[73.0945,0.5384],[73.0946,0.5381],[73.0948,0.5378],[73.095,0.5381],[73.0949,0.5382],[73.0951,0.5383],[73.0952,0.5385],[73.0953,0.5386],[73.0954,0.5387],[73.0954,0.5386],[73.0955,0.5388]]],[[[73.534,0.5464],[73.5339,0.5464],[73.5339,0.5466],[73.5336,0.5465],[73.5337,0.5457],[73.5337,0.5453],[73.5337,0.5446],[73.5338,0.5445],[73.5338,0.5443],[73.5339,0.5441],[73.5339,0.544],[73.5339,0.5439],[73.534,0.5438],[73.5341,0.5432],[73.5343,0.5428],[73.5343,0.5427],[73.5344,0.5422],[73.5345,0.5418],[73.5345,0.5417],[73.5345,0.5416],[73.5346,0.541],[73.5347,0.5403],[73.5348,0.5399],[73.5349,0.5395],[73.535,0.5386],[73.5351,0.5381],[73.5352,0.5378],[73.5353,0.5395],[73.5352,0.5396],[73.5352,0.5397],[73.5353,0.5417],[73.5351,0.5436],[73.5349,0.544],[73.535,0.544],[73.5349,0.5441],[73.5348,0.5447],[73.5346,0.545],[73.5348,0.545],[73.5346,0.5451],[73.5346,0.5453],[73.5344,0.5457],[73.5344,0.5458],[73.5344,0.5459],[73.5343,0.5459],[73.534,0.5464]]],[[[73.2421,0.5545],[73.2422,0.5545],[73.2422,0.5546],[73.2424,0.5547],[73.2439,0.5557],[73.2443,0.5559],[73.245,0.5567],[73.2452,0.5573],[73.2449,0.5577],[73.2441,0.5584],[73.2434,0.5588],[73.2422,0.5592],[73.2411,0.5591],[73.2402,0.5589],[73.2396,0.5586],[73.2395,0.5584],[73.24,0.5579],[73.2402,0.557],[73.2404,0.5565],[73.2402,0.5562],[73.2404,0.556],[73.2407,0.5557],[73.241,0.5554],[73.2414,0.5546],[73.2414,0.5546],[73.2416,0.5544],[73.2416,0.5545],[73.2417,0.5544],[73.2419,0.5544],[73.2421,0.5544],[73.2421,0.5545]]],[[[73.5277,0.5594],[73.5286,0.5602],[73.5283,0.5607],[73.5282,0.561],[73.5281,0.5613],[73.528,0.5614],[73.5279,0.5619],[73.5273,0.5631],[73.5265,0.5641],[73.5258,0.5647],[73.5256,0.565],[73.5254,0.565],[73.5253,0.5651],[73.5251,0.5652],[73.5251,0.5653],[73.5247,0.5656],[73.5245,0.5656],[73.5245,0.5657],[73.5235,0.5658],[73.5236,0.5649],[73.524,0.5634],[73.5243,0.5628],[73.5244,0.5625],[73.5245,0.5622],[73.525,0.5618],[73.5252,0.5617],[73.5256,0.5608],[73.5262,0.5599],[73.5266,0.5597],[73.527,0.5594],[73.5277,0.5594]]],[[[73.5191,0.5695],[73.5191,0.5695],[73.5188,0.5698],[73.5188,0.5695],[73.5191,0.5691],[73.5193,0.5691],[73.5193,0.5691],[73.5196,0.5689],[73.5203,0.5687],[73.5207,0.5691],[73.5211,0.5697],[73.5209,0.5702],[73.5202,0.5704],[73.5195,0.5703],[73.519,0.5701],[73.5191,0.5695]]],[[[73.1933,0.5704],[73.1931,0.5704],[73.193,0.5702],[73.1932,0.5701],[73.1933,0.5704]]],[[[73.5206,0.5708],[73.5203,0.5706],[73.5205,0.5706],[73.5206,0.5708]]],[[[73.1928,0.5703],[73.1929,0.5711],[73.1926,0.5717],[73.192,0.5724],[73.1914,0.5725],[73.1909,0.5721],[73.1907,0.5716],[73.191,0.5708],[73.1912,0.5704],[73.1919,0.5703],[73.1923,0.5702],[73.1927,0.5701],[73.1928,0.5703]]],[[[73.5165,0.5814],[73.5162,0.5819],[73.5153,0.582],[73.5148,0.5822],[73.5141,0.5833],[73.5137,0.5838],[73.5133,0.5845],[73.513,0.5854],[73.5125,0.5862],[73.5121,0.5868],[73.5118,0.5872],[73.5113,0.5876],[73.5107,0.588],[73.5105,0.5877],[73.511,0.5871],[73.5111,0.587],[73.5111,0.5869],[73.5112,0.5867],[73.5112,0.5866],[73.5114,0.5863],[73.512,0.5854],[73.5121,0.5853],[73.5121,0.5851],[73.5128,0.5837],[73.5138,0.5816],[73.5141,0.5812],[73.5152,0.5809],[73.5161,0.581],[73.5167,0.5808],[73.5165,0.5814]]],[[[73.0936,0.5856],[73.0938,0.586],[73.0939,0.5862],[73.0941,0.5863],[73.0941,0.5865],[73.0942,0.5865],[73.0942,0.5866],[73.0943,0.5866],[73.0943,0.5867],[73.0944,0.5867],[73.0944,0.5868],[73.0945,0.5871],[73.0943,0.5875],[73.0933,0.5881],[73.0929,0.588],[73.0927,0.5876],[73.0926,0.5864],[73.0928,0.5857],[73.0932,0.5855],[73.0936,0.5856]]],[[[73.5009,0.5948],[73.5016,0.5953],[73.5017,0.5959],[73.5015,0.5964],[73.5009,0.5968],[73.5,0.5966],[73.4996,0.5962],[73.4995,0.5955],[73.4999,0.5948],[73.5008,0.5946],[73.5009,0.5948]]],[[[73.3096,0.6037],[73.3098,0.6038],[73.3102,0.604],[73.3104,0.6047],[73.3101,0.6052],[73.3097,0.6055],[73.309,0.6056],[73.3086,0.605],[73.3087,0.6042],[73.309,0.6037],[73.3095,0.6036],[73.3096,0.6037]]],[[[73.4849,0.6051],[73.484,0.6057],[73.4834,0.6059],[73.4829,0.6062],[73.4824,0.6062],[73.4823,0.6061],[73.4825,0.606],[73.4826,0.6058],[73.4828,0.6057],[73.4829,0.6055],[73.4835,0.6046],[73.484,0.6042],[73.4845,0.604],[73.485,0.6036],[73.4855,0.6034],[73.4862,0.6028],[73.4863,0.6027],[73.4867,0.6025],[73.4873,0.6022],[73.4878,0.6021],[73.488,0.602],[73.4883,0.6019],[73.4886,0.6017],[73.4892,0.6015],[73.4893,0.6018],[73.4894,0.6018],[73.4894,0.6019],[73.4895,0.6019],[73.4895,0.602],[73.4896,0.6021],[73.4896,0.6026],[73.49,0.603],[73.4901,0.6033],[73.4901,0.6035],[73.49,0.6035],[73.49,0.6035],[73.4899,0.6035],[73.4897,0.6036],[73.4893,0.6038],[73.4891,0.6039],[73.4887,0.6041],[73.4885,0.6041],[73.4884,0.6042],[73.4881,0.6043],[73.488,0.6042],[73.488,0.6041],[73.4876,0.6042],[73.4863,0.6047],[73.4859,0.6047],[73.4859,0.6048],[73.4858,0.6048],[73.4849,0.6051]]],[[[73.4627,0.6222],[73.4611,0.6233],[73.4604,0.6236],[73.4595,0.6237],[73.4589,0.6233],[73.4575,0.6227],[73.4573,0.6222],[73.4571,0.6212],[73.4575,0.6207],[73.4584,0.6201],[73.4589,0.6209],[73.4592,0.6213],[73.4593,0.6212],[73.4595,0.6211],[73.4598,0.6208],[73.4601,0.6205],[73.4601,0.6203],[73.4601,0.6201],[73.4605,0.6201],[73.4615,0.6195],[73.4619,0.619],[73.4619,0.6185],[73.4623,0.6184],[73.4627,0.6187],[73.463,0.6186],[73.4633,0.6185],[73.4634,0.6185],[73.4635,0.6184],[73.4639,0.6181],[73.464,0.618],[73.4644,0.6182],[73.465,0.6183],[73.465,0.6189],[73.4649,0.619],[73.4649,0.6199],[73.4645,0.6205],[73.4641,0.6209],[73.4637,0.6213],[73.4627,0.6222]]],[[[73.3447,0.6304],[73.3446,0.6306],[73.344,0.6309],[73.3437,0.6309],[73.3436,0.6308],[73.3439,0.6307],[73.344,0.6306],[73.3441,0.6304],[73.3443,0.6303],[73.3443,0.6302],[73.3444,0.6302],[73.3446,0.6299],[73.3449,0.6296],[73.3449,0.6295],[73.345,0.6295],[73.3452,0.6292],[73.3455,0.6294],[73.3454,0.6298],[73.3447,0.6304]]],[[[73.4423,0.6421],[73.442,0.642],[73.4417,0.6414],[73.4416,0.6408],[73.4422,0.6399],[73.4424,0.6397],[73.4424,0.6397],[73.4425,0.6397],[73.4426,0.6395],[73.4427,0.6394],[73.4427,0.6393],[73.4428,0.6393],[73.4429,0.6391],[73.4431,0.639],[73.4437,0.6383],[73.4439,0.6381],[73.4443,0.6375],[73.4447,0.6366],[73.4448,0.6363],[73.445,0.6358],[73.4451,0.6354],[73.4454,0.6347],[73.4452,0.6343],[73.4457,0.6342],[73.4463,0.633],[73.4465,0.6327],[73.4463,0.6325],[73.4463,0.6321],[73.447,0.6317],[73.4474,0.6313],[73.4476,0.6312],[73.4476,0.6311],[73.4477,0.6311],[73.4479,0.6309],[73.4488,0.6307],[73.4493,0.6308],[73.4494,0.6309],[73.4496,0.6309],[73.4501,0.6312],[73.4503,0.6313],[73.4508,0.6317],[73.451,0.632],[73.4509,0.6328],[73.4507,0.6329],[73.4507,0.6336],[73.4506,0.6336],[73.4506,0.6337],[73.4507,0.6341],[73.4503,0.6346],[73.45,0.6349],[73.4499,0.635],[73.4498,0.6351],[73.4498,0.6352],[73.4497,0.6353],[73.4488,0.6362],[73.4485,0.6366],[73.4483,0.6368],[73.4479,0.6373],[73.4478,0.6374],[73.4476,0.6376],[73.446,0.6394],[73.4456,0.6402],[73.4453,0.6405],[73.4445,0.6414],[73.4443,0.6416],[73.4439,0.6417],[73.4439,0.6418],[73.4438,0.6418],[73.4436,0.642],[73.4435,0.642],[73.4427,0.642],[73.4423,0.6421]]],[[[73.4414,0.6545],[73.4412,0.6549],[73.4408,0.655],[73.441,0.6542],[73.4412,0.654],[73.4414,0.6545]]],[[[73.4397,0.6589],[73.4395,0.6594],[73.4392,0.6596],[73.4388,0.6599],[73.4384,0.6604],[73.4383,0.6604],[73.4383,0.6606],[73.4382,0.6608],[73.438,0.6614],[73.4379,0.6617],[73.4377,0.6618],[73.4378,0.6613],[73.4377,0.6607],[73.4378,0.6605],[73.4378,0.6601],[73.4379,0.66],[73.4379,0.6599],[73.4378,0.6598],[73.4376,0.6593],[73.4376,0.6589],[73.4377,0.6589],[73.4377,0.6587],[73.4378,0.6587],[73.4379,0.6587],[73.4379,0.6582],[73.4382,0.6574],[73.4384,0.6571],[73.4385,0.657],[73.4387,0.6567],[73.4389,0.6566],[73.439,0.6565],[73.4396,0.6565],[73.4396,0.6564],[73.44,0.6563],[73.4403,0.6567],[73.4403,0.6574],[73.4398,0.6583],[73.4397,0.6589]]],[[[73.3684,0.6697],[73.3681,0.6698],[73.3682,0.6694],[73.3685,0.6693],[73.3684,0.6697]]],[[[73.4387,0.6699],[73.4388,0.6706],[73.4389,0.6712],[73.4388,0.6713],[73.4388,0.6714],[73.4389,0.6721],[73.4391,0.673],[73.439,0.6733],[73.4391,0.6734],[73.439,0.6739],[73.4388,0.6739],[73.4387,0.6736],[73.4386,0.6736],[73.4385,0.6734],[73.4382,0.6727],[73.4381,0.6711],[73.4382,0.6709],[73.4382,0.6708],[73.4382,0.6697],[73.4384,0.6694],[73.4387,0.6699]]],[[[73.2017,0.6843],[73.2014,0.6843],[73.2013,0.6841],[73.2016,0.684],[73.2019,0.684],[73.2021,0.684],[73.2021,0.6842],[73.2019,0.6842],[73.2017,0.6843]]],[[[73.2676,0.6887],[73.2674,0.6887],[73.2673,0.6886],[73.2676,0.6885],[73.2676,0.6887]]],[[[73.2666,0.6888],[73.2663,0.6886],[73.2666,0.6883],[73.2666,0.6883],[73.2667,0.6883],[73.2667,0.6882],[73.267,0.6881],[73.2672,0.6883],[73.2671,0.6884],[73.2671,0.6886],[73.267,0.6886],[73.267,0.6887],[73.2669,0.6887],[73.2666,0.6888]]],[[[73.4416,0.6954],[73.4414,0.6961],[73.4413,0.6967],[73.4412,0.6972],[73.4409,0.6973],[73.4411,0.6955],[73.4411,0.6952],[73.4411,0.6945],[73.4411,0.6937],[73.441,0.6932],[73.4411,0.693],[73.4411,0.6929],[73.441,0.6924],[73.4409,0.6909],[73.4409,0.6905],[73.4408,0.6904],[73.4406,0.6899],[73.4407,0.6885],[73.4406,0.6872],[73.4404,0.6854],[73.4405,0.685],[73.4405,0.685],[73.4403,0.6842],[73.4405,0.6837],[73.4413,0.6845],[73.4415,0.6848],[73.4418,0.6854],[73.442,0.6863],[73.4422,0.6875],[73.4421,0.6882],[73.4422,0.6891],[73.4421,0.6892],[73.4422,0.6893],[73.4421,0.6896],[73.442,0.6896],[73.4421,0.6897],[73.4421,0.6904],[73.442,0.6904],[73.4421,0.6906],[73.442,0.6921],[73.4418,0.6933],[73.4418,0.6934],[73.4418,0.6935],[73.4418,0.6936],[73.4418,0.6937],[73.4416,0.6949],[73.4416,0.6949],[73.4416,0.6953],[73.4415,0.6953],[73.4416,0.6954]]],[[[73.4409,0.6978],[73.4408,0.6977],[73.441,0.6977],[73.4409,0.6978]]],[[[73.4409,0.7022],[73.4407,0.7029],[73.4407,0.7035],[73.4406,0.7043],[73.4398,0.705],[73.4396,0.705],[73.4397,0.704],[73.4398,0.7036],[73.4402,0.7019],[73.4407,0.7018],[73.4409,0.7022]]],[[[73.2866,0.7134],[73.2864,0.7134],[73.2865,0.7136],[73.2862,0.7137],[73.2861,0.7138],[73.2859,0.7139],[73.2858,0.714],[73.2858,0.7142],[73.2856,0.7142],[73.2854,0.7142],[73.2849,0.7142],[73.285,0.7137],[73.2855,0.7134],[73.2855,0.7133],[73.2861,0.7132],[73.2864,0.7133],[73.2865,0.7132],[73.2866,0.7134]]],[[[73.44,0.7079],[73.4401,0.7082],[73.4403,0.7083],[73.4409,0.7095],[73.4408,0.7095],[73.4408,0.7097],[73.4409,0.7098],[73.4409,0.7099],[73.4411,0.7102],[73.4414,0.7112],[73.4414,0.7116],[73.4416,0.7127],[73.4416,0.7132],[73.4416,0.7137],[73.4415,0.7151],[73.4415,0.7154],[73.4415,0.7157],[73.4411,0.7167],[73.4406,0.7175],[73.4402,0.7183],[73.44,0.7187],[73.4397,0.7191],[73.4395,0.7193],[73.439,0.7199],[73.4386,0.7198],[73.438,0.7197],[73.4373,0.7194],[73.437,0.719],[73.4368,0.7179],[73.4369,0.7172],[73.4372,0.7166],[73.4374,0.7149],[73.4373,0.7145],[73.4374,0.7138],[73.4377,0.7135],[73.4379,0.7131],[73.4382,0.7117],[73.4385,0.71],[73.4386,0.7099],[73.4387,0.7095],[73.4388,0.7092],[73.4388,0.7089],[73.4389,0.7088],[73.4389,0.7086],[73.4391,0.7084],[73.4392,0.7078],[73.4394,0.7075],[73.44,0.7079]]],[[[73.2858,0.7264],[73.2856,0.7268],[73.2858,0.7269],[73.2855,0.7271],[73.2856,0.7273],[73.2854,0.7276],[73.2848,0.7277],[73.2846,0.7274],[73.2846,0.7273],[73.2846,0.7267],[73.2852,0.7263],[73.2858,0.7264]]],[[[73.4343,0.7417],[73.4342,0.7425],[73.4337,0.7426],[73.4336,0.7428],[73.4335,0.7425],[73.4336,0.7413],[73.4335,0.7411],[73.4334,0.7408],[73.4333,0.7405],[73.433,0.7402],[73.4325,0.7395],[73.432,0.7393],[73.4308,0.7392],[73.4309,0.7388],[73.4306,0.7388],[73.4309,0.738],[73.4306,0.7374],[73.4303,0.7373],[73.4299,0.7371],[73.4301,0.737],[73.4306,0.7365],[73.4309,0.7354],[73.4311,0.7352],[73.4312,0.7352],[73.4312,0.7349],[73.4311,0.733],[73.4314,0.7324],[73.4315,0.7318],[73.4318,0.731],[73.432,0.7305],[73.4323,0.7298],[73.4324,0.7297],[73.4325,0.7294],[73.4327,0.7288],[73.4328,0.7284],[73.4332,0.7275],[73.4334,0.7273],[73.4334,0.7272],[73.4335,0.727],[73.4339,0.7266],[73.4341,0.7263],[73.4341,0.7263],[73.4342,0.7259],[73.4341,0.7252],[73.4342,0.7246],[73.4345,0.7245],[73.4351,0.7248],[73.4352,0.7251],[73.435,0.7256],[73.4349,0.7258],[73.4351,0.7261],[73.4351,0.7263],[73.4352,0.7263],[73.4352,0.7263],[73.4357,0.7264],[73.4363,0.7267],[73.4372,0.7276],[73.438,0.7276],[73.4383,0.7279],[73.4381,0.7284],[73.4374,0.7285],[73.4368,0.7283],[73.4364,0.7283],[73.4358,0.7289],[73.4355,0.7297],[73.4354,0.73],[73.4353,0.7305],[73.4353,0.7312],[73.4354,0.7312],[73.4354,0.7322],[73.4353,0.7322],[73.4354,0.7324],[73.4353,0.7326],[73.4354,0.7327],[73.4353,0.7374],[73.4352,0.7382],[73.4351,0.7385],[73.4352,0.7385],[73.4351,0.7386],[73.4351,0.7387],[73.435,0.739],[73.4347,0.7395],[73.4345,0.7396],[73.4346,0.74],[73.4344,0.7402],[73.4344,0.7403],[73.4342,0.7405],[73.4341,0.7409],[73.4343,0.7408],[73.4344,0.7408],[73.4343,0.7417]]],[[[73.4383,0.7632],[73.4367,0.7633],[73.4367,0.7633],[73.4365,0.7635],[73.4358,0.7638],[73.4354,0.7638],[73.4353,0.764],[73.4351,0.7643],[73.4346,0.7645],[73.4345,0.7641],[73.4342,0.7637],[73.4343,0.7634],[73.4342,0.7631],[73.4341,0.763],[73.4339,0.7626],[73.4334,0.7624],[73.4334,0.7624],[73.4328,0.7626],[73.4325,0.7627],[73.4323,0.7629],[73.4317,0.7632],[73.4314,0.7633],[73.431,0.7624],[73.4313,0.7613],[73.4315,0.7604],[73.432,0.7594],[73.4323,0.7587],[73.4323,0.758],[73.4324,0.7575],[73.4323,0.7573],[73.4322,0.7573],[73.4322,0.7572],[73.4321,0.7565],[73.4323,0.7565],[73.4327,0.7565],[73.4329,0.7562],[73.4331,0.7551],[73.4331,0.7549],[73.4327,0.7543],[73.4329,0.7539],[73.4332,0.7538],[73.4334,0.7535],[73.4337,0.7519],[73.4336,0.7508],[73.433,0.7503],[73.4338,0.7493],[73.4349,0.749],[73.4367,0.7488],[73.437,0.7483],[73.4373,0.7482],[73.4373,0.7476],[73.4377,0.7477],[73.438,0.7481],[73.4383,0.7483],[73.4387,0.749],[73.4389,0.7501],[73.4387,0.7507],[73.4385,0.7512],[73.4384,0.752],[73.4383,0.752],[73.4383,0.7521],[73.4384,0.7522],[73.4385,0.7527],[73.4383,0.7528],[73.4383,0.7529],[73.4384,0.7529],[73.4384,0.7565],[73.4383,0.7565],[73.4384,0.7566],[73.4385,0.7572],[73.4383,0.7585],[73.4382,0.7586],[73.4381,0.7593],[73.4381,0.7616],[73.4383,0.7632]]],[[[73.43,0.7671],[73.4297,0.7677],[73.4296,0.768],[73.4293,0.7684],[73.429,0.7689],[73.4288,0.7691],[73.4285,0.7691],[73.4283,0.7691],[73.4283,0.769],[73.4284,0.7687],[73.4289,0.7676],[73.429,0.7675],[73.4291,0.7674],[73.4292,0.7669],[73.4295,0.7667],[73.4295,0.7666],[73.4295,0.7666],[73.4295,0.7665],[73.4296,0.7665],[73.4296,0.7664],[73.4296,0.7663],[73.4298,0.7663],[73.4299,0.7664],[73.43,0.7671]]],[[[73.2256,0.7944],[73.2251,0.7952],[73.2247,0.7954],[73.2246,0.7949],[73.2249,0.7943],[73.2255,0.7942],[73.2256,0.7944]]],[[[73.2075,0.8121],[73.2075,0.8122],[73.2074,0.8122],[73.2072,0.8122],[73.207,0.8119],[73.2073,0.8117],[73.2075,0.8121]]],[[[73.2039,0.8184],[73.2039,0.8189],[73.2038,0.8193],[73.2035,0.8196],[73.2026,0.8203],[73.2019,0.821],[73.2013,0.8214],[73.2006,0.8217],[73.2001,0.8219],[73.2,0.8212],[73.2011,0.82],[73.2015,0.8195],[73.2027,0.8182],[73.2028,0.8181],[73.2028,0.818],[73.2029,0.818],[73.2029,0.8179],[73.2031,0.8179],[73.2031,0.8178],[73.2039,0.8177],[73.2041,0.8178],[73.2039,0.8184]]],[[[73.1861,0.838],[73.1859,0.8382],[73.1857,0.8387],[73.1856,0.839],[73.1852,0.84],[73.1852,0.84],[73.1858,0.8402],[73.1855,0.8408],[73.1843,0.8418],[73.1836,0.8422],[73.1835,0.8421],[73.1832,0.8418],[73.1829,0.8415],[73.1818,0.8402],[73.1811,0.8393],[73.1812,0.8384],[73.1814,0.8381],[73.1818,0.8374],[73.1824,0.8365],[73.1828,0.8361],[73.1832,0.8357],[73.1838,0.8353],[73.1843,0.8354],[73.1848,0.8358],[73.1862,0.8363],[73.1868,0.8354],[73.187,0.835],[73.1872,0.8345],[73.1874,0.8338],[73.1873,0.833],[73.187,0.8325],[73.1871,0.8323],[73.1874,0.8323],[73.1875,0.8323],[73.1876,0.8324],[73.1877,0.8326],[73.1883,0.8328],[73.189,0.8333],[73.1888,0.8338],[73.1887,0.8343],[73.1883,0.8348],[73.1882,0.835],[73.188,0.8351],[73.1871,0.8357],[73.1869,0.8359],[73.1861,0.838]]],[[[73.1788,0.845],[73.1789,0.8451],[73.1802,0.8453],[73.1809,0.8459],[73.1795,0.8459],[73.1786,0.8456],[73.1785,0.8451],[73.1787,0.8449],[73.1788,0.845]]],[[[73.208,0.8463],[73.2077,0.8462],[73.208,0.8462],[73.208,0.8463]]],[[[73.2079,0.8466],[73.2077,0.8465],[73.2078,0.8464],[73.2079,0.8466]]],[[[73.4094,0.8469],[73.4091,0.8474],[73.4085,0.848],[73.4076,0.8491],[73.4069,0.8496],[73.4062,0.8502],[73.4061,0.8503],[73.406,0.85],[73.4064,0.849],[73.4066,0.8483],[73.4069,0.8475],[73.4071,0.8472],[73.407,0.8472],[73.407,0.8471],[73.4072,0.8465],[73.4073,0.8461],[73.4076,0.8464],[73.4077,0.8465],[73.4079,0.8464],[73.4081,0.8459],[73.4079,0.8455],[73.4077,0.8453],[73.4077,0.8452],[73.4078,0.8449],[73.4079,0.8444],[73.4081,0.8438],[73.4083,0.843],[73.4086,0.8424],[73.4096,0.8435],[73.41,0.8443],[73.4097,0.8452],[73.4096,0.8453],[73.4096,0.8456],[73.4095,0.8456],[73.4096,0.8457],[73.4095,0.8461],[73.4094,0.8461],[73.4095,0.8463],[73.4094,0.8469]]],[[[73.2435,0.8479],[73.2438,0.8484],[73.2435,0.8497],[73.2431,0.8505],[73.2425,0.8506],[73.2414,0.8495],[73.2413,0.8492],[73.2415,0.8485],[73.2416,0.8483],[73.2416,0.8482],[73.2419,0.8478],[73.2421,0.8476],[73.2435,0.8479]]],[[[73.2105,0.8535],[73.2106,0.8539],[73.2102,0.8542],[73.2098,0.8544],[73.209,0.8543],[73.2089,0.8542],[73.2083,0.8541],[73.2082,0.8538],[73.2082,0.8536],[73.2084,0.8535],[73.2087,0.8533],[73.209,0.8533],[73.2093,0.8531],[73.2098,0.853],[73.2105,0.8535]]],[[[73.1797,0.8576],[73.1793,0.8577],[73.1792,0.8574],[73.1795,0.8573],[73.1797,0.8576]]],[[[73.1912,0.8659],[73.191,0.8667],[73.1903,0.867],[73.1897,0.8668],[73.1896,0.8668],[73.1896,0.8668],[73.1895,0.8668],[73.1895,0.8667],[73.1896,0.8663],[73.19,0.8658],[73.1903,0.8657],[73.1909,0.8655],[73.1912,0.8659]]],[[[73.2453,0.8707],[73.2456,0.8709],[73.2457,0.8713],[73.2453,0.8723],[73.2446,0.8738],[73.2442,0.8742],[73.2438,0.874],[73.2441,0.8723],[73.2443,0.8716],[73.2449,0.8707],[73.2453,0.8706],[73.2453,0.8707]]],[[[73.2563,0.8745],[73.2559,0.8747],[73.2558,0.8748],[73.255,0.8745],[73.2549,0.8744],[73.2547,0.8744],[73.2547,0.8742],[73.2547,0.8741],[73.2548,0.8741],[73.2548,0.874],[73.2548,0.8739],[73.255,0.8739],[73.255,0.8738],[73.2552,0.8738],[73.2556,0.8737],[73.2558,0.8737],[73.2562,0.8739],[73.2563,0.8745]]],[[[73.3369,0.8856],[73.3363,0.8858],[73.3355,0.886],[73.3351,0.8859],[73.3349,0.8858],[73.3351,0.8856],[73.3352,0.8855],[73.3352,0.8854],[73.3353,0.8854],[73.3358,0.885],[73.336,0.8848],[73.3364,0.8847],[73.3366,0.8846],[73.3367,0.8845],[73.3368,0.8844],[73.3373,0.8843],[73.3374,0.8844],[73.3377,0.8846],[73.3377,0.885],[73.3369,0.8856]]],[[[73.3501,0.8967],[73.3492,0.8968],[73.349,0.8967],[73.3492,0.8966],[73.3492,0.8967],[73.3498,0.8964],[73.3504,0.8965],[73.3501,0.8967]]],[[[73.3492,0.8971],[73.3491,0.8971],[73.3492,0.897],[73.3492,0.8971]]],[[[73.3522,1.7806],[73.3521,1.7805],[73.3522,1.7804],[73.3522,1.7806]]],[[[73.3552,1.7804],[73.3551,1.7805],[73.3552,1.7807],[73.3552,1.7807],[73.3554,1.7812],[73.3552,1.7813],[73.3551,1.7811],[73.3549,1.781],[73.3547,1.7808],[73.3545,1.7808],[73.3542,1.7807],[73.3537,1.7805],[73.3531,1.7802],[73.3525,1.7803],[73.3525,1.7802],[73.353,1.78],[73.3535,1.7802],[73.3544,1.7803],[73.3549,1.78],[73.3552,1.7804]]],[[[73.3881,1.7848],[73.3883,1.7851],[73.3876,1.7855],[73.3873,1.7856],[73.3872,1.7851],[73.3877,1.7847],[73.3877,1.7847],[73.388,1.7846],[73.3881,1.7848]]],[[[73.3765,1.786],[73.3764,1.7862],[73.376,1.7863],[73.3758,1.7859],[73.3765,1.7858],[73.3765,1.786]]],[[[73.3709,1.7862],[73.3704,1.7863],[73.3701,1.7864],[73.3699,1.7864],[73.3697,1.7865],[73.3693,1.7865],[73.369,1.7864],[73.3691,1.7861],[73.3695,1.7858],[73.37,1.786],[73.3704,1.786],[73.3707,1.7858],[73.3708,1.7857],[73.3707,1.7855],[73.3705,1.7852],[73.3702,1.7851],[73.3699,1.7847],[73.3685,1.7849],[73.368,1.7844],[73.3668,1.7843],[73.3658,1.7841],[73.3653,1.784],[73.3635,1.784],[73.3633,1.7841],[73.3627,1.7841],[73.3626,1.7841],[73.3624,1.7842],[73.3618,1.7843],[73.3611,1.7842],[73.3604,1.784],[73.3602,1.7837],[73.36,1.7833],[73.3596,1.7828],[73.3597,1.7824],[73.36,1.7816],[73.3601,1.7811],[73.3602,1.7808],[73.3604,1.7801],[73.3607,1.7801],[73.361,1.7803],[73.3619,1.7804],[73.363,1.7805],[73.3634,1.7804],[73.3638,1.7805],[73.3648,1.7803],[73.365,1.7802],[73.3653,1.7799],[73.3656,1.7798],[73.3667,1.7797],[73.3673,1.7796],[73.3675,1.7796],[73.3675,1.7795],[73.3695,1.7793],[73.37,1.7791],[73.3712,1.779],[73.3713,1.7795],[73.3717,1.7803],[73.3718,1.7814],[73.3719,1.7818],[73.372,1.782],[73.3723,1.7822],[73.3724,1.7824],[73.3727,1.7825],[73.3734,1.7829],[73.3735,1.783],[73.3738,1.7831],[73.3749,1.7835],[73.376,1.7838],[73.3766,1.7843],[73.3768,1.7846],[73.3769,1.785],[73.3764,1.7855],[73.3754,1.7856],[73.3752,1.786],[73.375,1.7861],[73.3739,1.7857],[73.3732,1.7854],[73.3722,1.7854],[73.3718,1.7854],[73.3716,1.7856],[73.3714,1.7856],[73.3712,1.7857],[73.3712,1.7858],[73.371,1.7859],[73.3709,1.7862]]],[[[73.3757,1.7871],[73.3762,1.7874],[73.3756,1.7881],[73.3754,1.7882],[73.3756,1.7873],[73.3756,1.787],[73.3756,1.787],[73.3757,1.7871]]],[[[73.3533,1.7873],[73.3535,1.7874],[73.3537,1.7875],[73.3538,1.7877],[73.354,1.7879],[73.3541,1.7884],[73.3534,1.7884],[73.3517,1.7885],[73.3498,1.7885],[73.3496,1.7883],[73.3499,1.7881],[73.3509,1.7877],[73.3517,1.7875],[73.3522,1.7873],[73.3533,1.7873]]],[[[73.3398,1.7894],[73.3391,1.7893],[73.3389,1.789],[73.3388,1.7883],[73.3394,1.7887],[73.3399,1.7889],[73.3407,1.7891],[73.3408,1.7891],[73.341,1.7891],[73.3418,1.7891],[73.3422,1.7894],[73.3406,1.7893],[73.3398,1.7894]]],[[[73.3791,1.7899],[73.379,1.7898],[73.3791,1.7897],[73.3791,1.7899]]],[[[73.334,1.7888],[73.3341,1.7891],[73.3341,1.7891],[73.3341,1.7891],[73.3343,1.7895],[73.3341,1.7898],[73.3337,1.79],[73.3334,1.7895],[73.333,1.789],[73.3322,1.7887],[73.3318,1.789],[73.3317,1.7891],[73.3311,1.7896],[73.3306,1.7897],[73.3298,1.7894],[73.3295,1.7893],[73.3295,1.7891],[73.3295,1.789],[73.3296,1.789],[73.3296,1.7889],[73.3297,1.7889],[73.3298,1.7885],[73.3305,1.7878],[73.3314,1.7876],[73.3321,1.787],[73.3325,1.7869],[73.333,1.7872],[73.3335,1.7875],[73.3338,1.788],[73.3338,1.7884],[73.334,1.7888]]],[[[73.3791,1.7899],[73.3792,1.7899],[73.3792,1.7902],[73.3791,1.7902],[73.3791,1.7899]]],[[[73.3792,1.7902],[73.3794,1.7903],[73.3793,1.7908],[73.3792,1.7902]]],[[[73.3348,1.7919],[73.3339,1.7919],[73.3336,1.7919],[73.3337,1.7915],[73.3341,1.7916],[73.3342,1.7915],[73.3345,1.7913],[73.3348,1.7919]]],[[[73.3831,1.7902],[73.3821,1.7911],[73.3817,1.7913],[73.3809,1.7919],[73.3803,1.7925],[73.3795,1.7926],[73.3793,1.7917],[73.3796,1.7905],[73.379,1.7891],[73.3789,1.7881],[73.3795,1.7878],[73.3795,1.7876],[73.3797,1.7871],[73.3798,1.7861],[73.3798,1.786],[73.3797,1.7858],[73.3796,1.7849],[73.379,1.7838],[73.3787,1.7835],[73.3781,1.7831],[73.3778,1.7826],[73.3778,1.7812],[73.3778,1.781],[73.3775,1.7802],[73.3776,1.7797],[73.378,1.7801],[73.3781,1.781],[73.378,1.7811],[73.3781,1.7814],[73.3788,1.7818],[73.3805,1.7825],[73.3818,1.7831],[73.3838,1.7845],[73.3857,1.786],[73.3862,1.7865],[73.3862,1.7867],[73.3862,1.7868],[73.3862,1.7872],[73.386,1.7874],[73.3857,1.7878],[73.3849,1.7884],[73.3846,1.7892],[73.3842,1.7895],[73.3842,1.7896],[73.3841,1.7896],[73.3841,1.7897],[73.384,1.7897],[73.3831,1.7902]]],[[[73.3862,1.7924],[73.3861,1.7928],[73.3857,1.7929],[73.3856,1.7931],[73.3858,1.7935],[73.386,1.7938],[73.3857,1.794],[73.3854,1.7942],[73.385,1.794],[73.3849,1.7937],[73.385,1.793],[73.385,1.7923],[73.3851,1.792],[73.3851,1.7913],[73.3852,1.7911],[73.3859,1.791],[73.3859,1.7911],[73.3863,1.7913],[73.3871,1.792],[73.3873,1.7926],[73.3871,1.7927],[73.3865,1.7921],[73.3862,1.7924]]],[[[73.3008,1.7971],[73.3006,1.7973],[73.3003,1.7972],[73.3005,1.7968],[73.3009,1.7968],[73.3008,1.7971]]],[[[73.2987,1.8005],[73.2984,1.8004],[73.2986,1.8003],[73.2987,1.8005]]],[[[73.3908,1.8011],[73.3892,1.8009],[73.389,1.8009],[73.388,1.801],[73.3879,1.8007],[73.3875,1.8006],[73.3871,1.8002],[73.3868,1.8001],[73.3868,1.8],[73.3859,1.8],[73.3855,1.7997],[73.3852,1.7993],[73.3847,1.7991],[73.3842,1.7982],[73.383,1.7972],[73.3823,1.7964],[73.3814,1.7957],[73.3809,1.7953],[73.38,1.7946],[73.38,1.7942],[73.381,1.7936],[73.3819,1.7933],[73.3837,1.7933],[73.3838,1.7934],[73.3841,1.7932],[73.3841,1.7931],[73.3841,1.793],[73.3842,1.793],[73.3842,1.7928],[73.3845,1.7926],[73.3846,1.793],[73.3845,1.7931],[73.3845,1.7933],[73.3845,1.7935],[73.3844,1.7936],[73.3846,1.7937],[73.3844,1.7937],[73.3845,1.7942],[73.3851,1.7947],[73.3855,1.7948],[73.3858,1.7945],[73.3859,1.7942],[73.3863,1.7941],[73.3864,1.7939],[73.3865,1.7938],[73.3865,1.7939],[73.3867,1.794],[73.3867,1.7939],[73.387,1.7941],[73.3871,1.7942],[73.3872,1.7944],[73.3876,1.7946],[73.3876,1.7945],[73.3877,1.7946],[73.3881,1.7945],[73.3881,1.7942],[73.3876,1.7936],[73.3874,1.793],[73.3875,1.7924],[73.3876,1.7923],[73.3877,1.7924],[73.3881,1.7927],[73.3887,1.7931],[73.3891,1.7934],[73.3902,1.7941],[73.3923,1.7952],[73.3927,1.7955],[73.394,1.7962],[73.3941,1.7962],[73.3943,1.7963],[73.3948,1.7967],[73.3952,1.7969],[73.3955,1.7971],[73.3957,1.7973],[73.3964,1.7977],[73.3967,1.7982],[73.3965,1.7988],[73.3957,1.7997],[73.3946,1.8001],[73.3934,1.8005],[73.3915,1.8006],[73.3913,1.8006],[73.3911,1.8008],[73.3908,1.8011]]],[[[73.2946,1.8017],[73.2943,1.8018],[73.2934,1.8022],[73.2918,1.8031],[73.2913,1.8036],[73.2908,1.8045],[73.2905,1.8038],[73.2904,1.8031],[73.2906,1.8025],[73.2915,1.8017],[73.2921,1.8013],[73.2923,1.8011],[73.2929,1.8008],[73.2934,1.8006],[73.2937,1.8004],[73.2942,1.8002],[73.295,1.7997],[73.2961,1.7989],[73.297,1.7984],[73.2971,1.7983],[73.2973,1.7979],[73.2974,1.7978],[73.2974,1.7976],[73.2977,1.7972],[73.2981,1.7969],[73.2986,1.797],[73.2992,1.7975],[73.2996,1.7974],[73.3,1.7975],[73.3003,1.7974],[73.3008,1.7976],[73.3009,1.7981],[73.3011,1.7985],[73.3012,1.7992],[73.3018,1.7995],[73.3026,1.7999],[73.303,1.8002],[73.3028,1.8005],[73.3021,1.8007],[73.3014,1.8006],[73.2995,1.8009],[73.2992,1.8005],[73.2999,1.8002],[73.3004,1.7997],[73.3005,1.799],[73.3005,1.7987],[73.3005,1.7982],[73.2997,1.7983],[73.2989,1.7981],[73.2982,1.7982],[73.2981,1.7983],[73.2977,1.7998],[73.2967,1.8003],[73.2964,1.8005],[73.2962,1.8008],[73.2959,1.8014],[73.2952,1.8014],[73.2946,1.8017]]],[[[73.2912,1.8054],[73.2911,1.8056],[73.291,1.8057],[73.2909,1.8052],[73.291,1.8051],[73.2912,1.8054]]],[[[73.286,1.8098],[73.2862,1.8099],[73.2863,1.8101],[73.2864,1.8102],[73.2865,1.8104],[73.2861,1.8105],[73.2854,1.8111],[73.2853,1.8108],[73.2854,1.8105],[73.2855,1.8104],[73.2855,1.8101],[73.2856,1.81],[73.2857,1.8097],[73.286,1.8098]]],[[[73.3659,1.8152],[73.3657,1.8151],[73.3659,1.815],[73.3659,1.8152]]],[[[73.2798,1.8176],[73.2795,1.8176],[73.2793,1.8177],[73.2792,1.8178],[73.2791,1.8175],[73.2791,1.8174],[73.279,1.8174],[73.279,1.8176],[73.2788,1.8176],[73.2787,1.8177],[73.2783,1.8177],[73.2783,1.8176],[73.2781,1.8175],[73.278,1.8168],[73.2779,1.8161],[73.278,1.816],[73.2786,1.8162],[73.2787,1.8164],[73.2794,1.8164],[73.28,1.8169],[73.2801,1.8169],[73.2801,1.8171],[73.28,1.8172],[73.2798,1.8176]]],[[[73.4029,1.8196],[73.4026,1.8195],[73.4025,1.8194],[73.4024,1.8193],[73.4022,1.8192],[73.4021,1.8192],[73.4021,1.8191],[73.4021,1.819],[73.402,1.8189],[73.402,1.8186],[73.4023,1.8184],[73.4024,1.8184],[73.4027,1.818],[73.4028,1.818],[73.4028,1.8178],[73.4035,1.8171],[73.4036,1.817],[73.4037,1.8169],[73.404,1.8165],[73.4041,1.8164],[73.405,1.8153],[73.4053,1.8147],[73.4059,1.8144],[73.4064,1.8143],[73.4068,1.8145],[73.4072,1.815],[73.4073,1.8156],[73.4069,1.8161],[73.4065,1.8166],[73.4064,1.8171],[73.4058,1.8181],[73.405,1.8182],[73.405,1.8183],[73.4044,1.8187],[73.4043,1.8186],[73.4041,1.8187],[73.4036,1.8188],[73.4034,1.819],[73.4032,1.8191],[73.4029,1.8196]]],[[[73.3887,1.8211],[73.3889,1.8213],[73.389,1.8214],[73.3888,1.8219],[73.3884,1.8222],[73.3881,1.8215],[73.388,1.8205],[73.3879,1.8191],[73.3878,1.8185],[73.3877,1.8173],[73.3881,1.8161],[73.3888,1.8154],[73.3902,1.8146],[73.3908,1.8143],[73.3914,1.814],[73.392,1.8139],[73.392,1.814],[73.3923,1.8142],[73.3923,1.8146],[73.3913,1.8162],[73.3909,1.817],[73.3902,1.8189],[73.3901,1.8192],[73.3899,1.8194],[73.3894,1.8194],[73.3887,1.8211]]],[[[73.2738,1.8207],[73.2746,1.8214],[73.2747,1.8215],[73.2752,1.8217],[73.2754,1.8219],[73.2755,1.822],[73.2753,1.8221],[73.2753,1.8222],[73.2746,1.8222],[73.2737,1.8218],[73.2734,1.8211],[73.2734,1.8207],[73.2738,1.8207]]],[[[73.3947,1.8219],[73.3952,1.8226],[73.3955,1.8233],[73.3954,1.8237],[73.3951,1.824],[73.3946,1.8239],[73.3938,1.8234],[73.3933,1.823],[73.3931,1.8226],[73.3931,1.8224],[73.3931,1.8222],[73.3929,1.8221],[73.3933,1.8217],[73.3936,1.8216],[73.394,1.8214],[73.3947,1.8219]]],[[[73.2829,1.8235],[73.2827,1.8237],[73.2826,1.824],[73.2817,1.8246],[73.2811,1.8248],[73.2811,1.8248],[73.281,1.8249],[73.2808,1.8248],[73.281,1.8247],[73.281,1.8245],[73.2814,1.8241],[73.2823,1.8237],[73.2825,1.8236],[73.2827,1.8234],[73.2829,1.8235]]],[[[73.4534,1.8207],[73.4537,1.8212],[73.454,1.8221],[73.4546,1.8228],[73.4554,1.8233],[73.4564,1.8236],[73.4565,1.8237],[73.4572,1.8239],[73.4577,1.8241],[73.4585,1.8246],[73.4591,1.8249],[73.4596,1.8255],[73.4599,1.826],[73.4595,1.8264],[73.4585,1.8265],[73.4571,1.8261],[73.4564,1.8259],[73.4558,1.8258],[73.4547,1.8254],[73.4545,1.8253],[73.454,1.8248],[73.4536,1.8244],[73.4532,1.8238],[73.4526,1.8233],[73.4513,1.8222],[73.4511,1.8218],[73.4508,1.8216],[73.4507,1.8216],[73.4502,1.8214],[73.4496,1.821],[73.4485,1.8206],[73.4473,1.8203],[73.4463,1.8204],[73.445,1.8209],[73.4443,1.821],[73.4442,1.8204],[73.4448,1.8196],[73.4454,1.819],[73.4454,1.8178],[73.4455,1.8173],[73.4458,1.8167],[73.447,1.8165],[73.4481,1.8164],[73.4508,1.8165],[73.4524,1.8165],[73.4528,1.8169],[73.4528,1.8173],[73.4523,1.8177],[73.452,1.8182],[73.452,1.8189],[73.4528,1.8198],[73.4534,1.8207]]],[[[73.2781,1.8271],[73.2775,1.8273],[73.2775,1.8271],[73.2775,1.8271],[73.2775,1.8271],[73.2776,1.8269],[73.278,1.8264],[73.2782,1.8264],[73.2782,1.8263],[73.2783,1.8263],[73.2783,1.8262],[73.2784,1.8263],[73.2785,1.8262],[73.2786,1.8261],[73.2788,1.8263],[73.2787,1.8263],[73.2788,1.8265],[73.2786,1.8268],[73.2781,1.8271]]],[[[73.271,1.8265],[73.2717,1.8269],[73.2721,1.8275],[73.272,1.8276],[73.2719,1.8277],[73.2717,1.8279],[73.2714,1.8278],[73.2706,1.8271],[73.2705,1.8264],[73.271,1.8265]]],[[[73.2722,1.8326],[73.2715,1.8332],[73.271,1.8334],[73.2709,1.8331],[73.2712,1.8326],[73.2716,1.8325],[73.2722,1.8324],[73.2722,1.8326]]],[[[73.2584,1.8417],[73.2587,1.8418],[73.2589,1.8421],[73.2586,1.8423],[73.2582,1.8421],[73.258,1.8416],[73.2583,1.8416],[73.2584,1.8417]]],[[[73.2564,1.8437],[73.2572,1.8442],[73.2573,1.8445],[73.2571,1.8447],[73.257,1.8448],[73.2569,1.8449],[73.2565,1.8444],[73.256,1.844],[73.2559,1.8437],[73.2564,1.8437]]],[[[73.5057,1.835],[73.5058,1.835],[73.5058,1.8351],[73.5059,1.8352],[73.5058,1.8352],[73.5061,1.8356],[73.5063,1.8358],[73.5071,1.8371],[73.5085,1.8388],[73.5101,1.8411],[73.5104,1.8422],[73.5105,1.8423],[73.5107,1.8428],[73.511,1.8434],[73.5111,1.8437],[73.5112,1.8439],[73.5114,1.8446],[73.5114,1.8452],[73.5114,1.8455],[73.5114,1.8457],[73.511,1.8466],[73.5108,1.8471],[73.5108,1.8478],[73.5108,1.8481],[73.5108,1.8485],[73.5105,1.8486],[73.5098,1.8477],[73.5087,1.8457],[73.5081,1.8446],[73.5078,1.8442],[73.5077,1.8439],[73.5073,1.8434],[73.506,1.8416],[73.5055,1.841],[73.5053,1.8409],[73.5053,1.8408],[73.5052,1.8408],[73.5052,1.8407],[73.5049,1.8405],[73.5044,1.8399],[73.5037,1.8388],[73.5036,1.8385],[73.5033,1.8383],[73.5029,1.8378],[73.5026,1.8375],[73.5018,1.8371],[73.5018,1.8368],[73.5018,1.8366],[73.5012,1.8355],[73.5006,1.8347],[73.5001,1.8349],[73.4999,1.8354],[73.4999,1.8354],[73.4997,1.835],[73.4999,1.8346],[73.4999,1.8341],[73.4994,1.8332],[73.4991,1.833],[73.4988,1.8326],[73.4987,1.8322],[73.4984,1.8317],[73.4981,1.8313],[73.4981,1.8312],[73.4976,1.8308],[73.4973,1.8305],[73.4969,1.8301],[73.4967,1.8298],[73.4956,1.8286],[73.4946,1.8279],[73.4932,1.8272],[73.4925,1.8266],[73.492,1.8264],[73.4915,1.8261],[73.4913,1.826],[73.491,1.8259],[73.4903,1.8255],[73.4891,1.8247],[73.4881,1.8243],[73.4873,1.8241],[73.4872,1.824],[73.4869,1.824],[73.4869,1.8238],[73.4867,1.8238],[73.4867,1.8235],[73.4868,1.8235],[73.4868,1.823],[73.4874,1.8223],[73.4876,1.8222],[73.4878,1.8222],[73.4878,1.8221],[73.4879,1.822],[73.4881,1.8219],[73.4884,1.8218],[73.4884,1.8218],[73.4886,1.8218],[73.4886,1.8217],[73.4889,1.8216],[73.4891,1.8217],[73.4891,1.8216],[73.4893,1.8217],[73.4894,1.8215],[73.4907,1.8214],[73.4917,1.8218],[73.4919,1.822],[73.4926,1.8224],[73.4931,1.8226],[73.4934,1.8228],[73.4935,1.8227],[73.4947,1.8235],[73.4967,1.825],[73.4976,1.8258],[73.4979,1.8262],[73.4997,1.8278],[73.5008,1.8288],[73.501,1.8291],[73.5014,1.8294],[73.5015,1.8297],[73.5017,1.8298],[73.5019,1.8299],[73.5023,1.8305],[73.5024,1.8305],[73.5024,1.8306],[73.5028,1.8309],[73.503,1.8312],[73.5042,1.8326],[73.5043,1.8332],[73.5052,1.8344],[73.5057,1.835]]],[[[73.2566,1.8489],[73.2561,1.8496],[73.256,1.8496],[73.2558,1.8499],[73.2554,1.8501],[73.255,1.8498],[73.2549,1.8495],[73.2548,1.8495],[73.2545,1.8489],[73.2544,1.8487],[73.2543,1.8485],[73.2548,1.8484],[73.2552,1.8486],[73.2552,1.8485],[73.2557,1.8487],[73.2565,1.8486],[73.2567,1.8486],[73.2566,1.8489]]],[[[73.5242,1.8698],[73.5233,1.8698],[73.523,1.8695],[73.5227,1.8696],[73.5224,1.8689],[73.5222,1.8684],[73.5219,1.8678],[73.5219,1.8677],[73.5216,1.8666],[73.5213,1.8657],[73.5211,1.8648],[73.5209,1.864],[73.5206,1.8634],[73.5205,1.8626],[73.52,1.8615],[73.5194,1.8602],[73.5191,1.8597],[73.519,1.8594],[73.5183,1.8586],[73.518,1.858],[73.5178,1.8576],[73.5177,1.8571],[73.5174,1.8562],[73.5172,1.8556],[73.5169,1.8544],[73.5164,1.8535],[73.5166,1.8528],[73.5173,1.8526],[73.5183,1.8527],[73.519,1.8529],[73.5204,1.8528],[73.5211,1.8525],[73.5214,1.8526],[73.5217,1.8525],[73.5223,1.8526],[73.5224,1.8533],[73.5227,1.8536],[73.5229,1.854],[73.5231,1.8543],[73.5235,1.855],[73.5236,1.8556],[73.5239,1.8566],[73.5245,1.8576],[73.5248,1.8585],[73.5247,1.8586],[73.5247,1.8586],[73.5248,1.8592],[73.5241,1.86],[73.5239,1.8606],[73.5239,1.8614],[73.5246,1.8632],[73.5247,1.8636],[73.5249,1.8641],[73.5249,1.8641],[73.5249,1.8642],[73.525,1.8646],[73.5254,1.8653],[73.5256,1.8659],[73.5257,1.8662],[73.5258,1.8666],[73.5257,1.8669],[73.5255,1.8673],[73.5255,1.8674],[73.5254,1.8684],[73.5248,1.8689],[73.5248,1.8689],[73.5245,1.8694],[73.5242,1.8698]]],[[[73.2464,1.887],[73.2463,1.8877],[73.2462,1.8886],[73.2458,1.889],[73.245,1.8887],[73.2438,1.8876],[73.2436,1.8874],[73.2428,1.8868],[73.2423,1.8869],[73.2417,1.8868],[73.241,1.887],[73.2401,1.8871],[73.2399,1.8872],[73.2396,1.8872],[73.2396,1.8873],[73.2391,1.8873],[73.2386,1.8875],[73.2382,1.8872],[73.2381,1.8869],[73.238,1.8868],[73.2379,1.8864],[73.2382,1.8856],[73.2385,1.8854],[73.2393,1.8856],[73.24,1.8853],[73.2403,1.8852],[73.2404,1.8853],[73.2405,1.8852],[73.2407,1.8851],[73.2413,1.8852],[73.2419,1.8851],[73.242,1.8851],[73.2423,1.8851],[73.2429,1.8847],[73.2438,1.8834],[73.2442,1.8827],[73.2449,1.8819],[73.2456,1.8817],[73.246,1.8821],[73.2462,1.8831],[73.2463,1.8838],[73.247,1.8853],[73.2471,1.8864],[73.2464,1.887]]],[[[73.2552,1.9064],[73.2552,1.9065],[73.2551,1.9066],[73.2552,1.9067],[73.2551,1.9068],[73.2551,1.9071],[73.2549,1.9076],[73.2548,1.9077],[73.2549,1.9078],[73.255,1.9084],[73.2554,1.909],[73.2555,1.9093],[73.2554,1.9094],[73.2554,1.9096],[73.2554,1.9097],[73.2555,1.9097],[73.2554,1.9098],[73.2554,1.91],[73.2554,1.91],[73.2555,1.9113],[73.2554,1.9113],[73.2554,1.9114],[73.2556,1.9115],[73.2554,1.9116],[73.2555,1.9117],[73.2554,1.9119],[73.2556,1.9119],[73.255,1.9119],[73.255,1.9101],[73.2549,1.91],[73.2549,1.9093],[73.2549,1.9092],[73.2548,1.9091],[73.2548,1.9082],[73.2546,1.9074],[73.2546,1.907],[73.2546,1.9069],[73.2546,1.9065],[73.2546,1.9063],[73.2546,1.9062],[73.2546,1.9062],[73.2547,1.905],[73.2548,1.9048],[73.2551,1.9048],[73.2555,1.9048],[73.2556,1.9054],[73.2554,1.9057],[73.2553,1.906],[73.2553,1.9061],[73.2552,1.9064]]],[[[73.2541,1.9186],[73.2539,1.9189],[73.2539,1.9196],[73.2535,1.9201],[73.2532,1.92],[73.2531,1.92],[73.2532,1.9198],[73.2533,1.9194],[73.2534,1.919],[73.2534,1.9187],[73.2537,1.9184],[73.2541,1.9186]]],[[[73.5384,1.8985],[73.5385,1.8985],[73.5386,1.899],[73.5387,1.899],[73.5387,1.8992],[73.5388,1.8992],[73.5388,1.8994],[73.5389,1.8995],[73.539,1.8996],[73.5392,1.8999],[73.5397,1.9013],[73.5399,1.9016],[73.5399,1.9017],[73.5403,1.9025],[73.5407,1.9031],[73.5407,1.9032],[73.5409,1.9034],[73.5415,1.9042],[73.5416,1.9047],[73.5417,1.9047],[73.5417,1.9052],[73.542,1.9054],[73.5424,1.9063],[73.5432,1.9076],[73.5436,1.9082],[73.5436,1.9083],[73.5437,1.9083],[73.5437,1.9085],[73.5441,1.9088],[73.5448,1.9099],[73.545,1.9104],[73.545,1.9105],[73.5452,1.9107],[73.5452,1.9109],[73.5453,1.9109],[73.5455,1.9113],[73.5455,1.9114],[73.5456,1.9115],[73.5457,1.9118],[73.546,1.9121],[73.5466,1.9135],[73.5474,1.9149],[73.5482,1.9171],[73.5482,1.9172],[73.5483,1.9175],[73.5485,1.9176],[73.5488,1.9183],[73.5489,1.9187],[73.5492,1.9193],[73.5494,1.92],[73.5497,1.9205],[73.5503,1.9219],[73.5504,1.922],[73.5505,1.922],[73.5505,1.9222],[73.5505,1.9222],[73.5505,1.9224],[73.5507,1.9226],[73.5511,1.9234],[73.5513,1.924],[73.5514,1.924],[73.5514,1.9242],[73.5515,1.9244],[73.5517,1.9245],[73.5519,1.9253],[73.5521,1.9264],[73.5523,1.9274],[73.5523,1.9275],[73.5523,1.9276],[73.5524,1.9281],[73.5522,1.9285],[73.5522,1.9285],[73.5524,1.9291],[73.5522,1.9293],[73.5522,1.9294],[73.5523,1.9301],[73.5522,1.9302],[73.5523,1.9304],[73.5521,1.9312],[73.552,1.9313],[73.552,1.9314],[73.552,1.9316],[73.5521,1.9317],[73.5519,1.9323],[73.5518,1.933],[73.5517,1.9331],[73.5517,1.9335],[73.5516,1.9336],[73.5517,1.9336],[73.5516,1.9337],[73.5516,1.9338],[73.5514,1.9342],[73.5514,1.9342],[73.5514,1.9344],[73.5513,1.9344],[73.5514,1.9347],[73.5512,1.9355],[73.5507,1.9362],[73.5506,1.9362],[73.5507,1.9363],[73.5506,1.9367],[73.5505,1.9367],[73.5504,1.9369],[73.5499,1.9381],[73.5493,1.9391],[73.549,1.9396],[73.5485,1.9402],[73.5481,1.9405],[73.5481,1.9406],[73.548,1.9406],[73.5479,1.9407],[73.5477,1.9409],[73.5472,1.9411],[73.547,1.9411],[73.547,1.9412],[73.5469,1.9412],[73.5465,1.9413],[73.5464,1.9413],[73.5462,1.9414],[73.546,1.9414],[73.5459,1.9415],[73.5458,1.9415],[73.5456,1.9419],[73.5454,1.9423],[73.5448,1.9425],[73.5448,1.9426],[73.5441,1.9426],[73.5428,1.9427],[73.5423,1.9425],[73.5421,1.9424],[73.5412,1.9424],[73.5406,1.9426],[73.5401,1.9424],[73.54,1.9406],[73.54,1.9398],[73.5398,1.9384],[73.5398,1.9382],[73.5398,1.9377],[73.5395,1.9372],[73.539,1.9367],[73.5392,1.9358],[73.5392,1.9345],[73.5393,1.9341],[73.5394,1.9332],[73.5392,1.9328],[73.5391,1.9324],[73.5394,1.9316],[73.5395,1.9306],[73.5393,1.9292],[73.5394,1.9275],[73.5393,1.9271],[73.5394,1.9268],[73.5393,1.9265],[73.5394,1.9263],[73.5393,1.926],[73.5393,1.9245],[73.5392,1.9237],[73.5391,1.923],[73.5391,1.9225],[73.539,1.9221],[73.539,1.9207],[73.5388,1.9196],[73.5387,1.9187],[73.5386,1.9176],[73.5385,1.9153],[73.5385,1.9152],[73.5384,1.9151],[73.5383,1.9138],[73.5382,1.9132],[73.5382,1.9132],[73.5381,1.9124],[73.5381,1.9122],[73.538,1.9119],[73.5379,1.9114],[73.5379,1.9106],[73.5378,1.9105],[73.5376,1.9097],[73.5375,1.9084],[73.5374,1.908],[73.5373,1.9075],[73.537,1.9057],[73.5368,1.9048],[73.5365,1.9031],[73.5363,1.9023],[73.5361,1.9014],[73.5358,1.9001],[73.5355,1.8995],[73.5352,1.8989],[73.5347,1.8987],[73.5347,1.8982],[73.5344,1.8975],[73.5344,1.897],[73.5344,1.8964],[73.534,1.8948],[73.5338,1.8936],[73.5336,1.8932],[73.5335,1.8928],[73.5333,1.8923],[73.5333,1.8921],[73.5332,1.8921],[73.5332,1.8918],[73.5331,1.8918],[73.5331,1.8914],[73.533,1.8914],[73.533,1.8913],[73.533,1.8911],[73.5329,1.8909],[73.5328,1.8904],[73.5328,1.8903],[73.5327,1.8903],[73.5325,1.8896],[73.5323,1.8891],[73.5323,1.889],[73.5319,1.8882],[73.5319,1.8878],[73.5318,1.8877],[73.5317,1.8876],[73.5316,1.8876],[73.5315,1.8874],[73.5314,1.8871],[73.5313,1.8869],[73.5311,1.8865],[73.531,1.886],[73.531,1.8859],[73.5301,1.8842],[73.53,1.884],[73.5299,1.8835],[73.5298,1.8835],[73.5298,1.8834],[73.5295,1.883],[73.5291,1.883],[73.529,1.8827],[73.5287,1.8827],[73.5286,1.8826],[73.5284,1.8825],[73.5284,1.8824],[73.528,1.8823],[73.5272,1.8821],[73.5267,1.8813],[73.5259,1.8806],[73.525,1.8803],[73.5244,1.8801],[73.5237,1.8792],[73.5236,1.8792],[73.5236,1.8792],[73.5235,1.8792],[73.5235,1.8791],[73.5234,1.879],[73.5233,1.8788],[73.5233,1.8787],[73.523,1.8785],[73.5227,1.8781],[73.5227,1.8777],[73.5226,1.8777],[73.5228,1.8773],[73.5231,1.8775],[73.523,1.8777],[73.5232,1.8778],[73.5238,1.8781],[73.5243,1.8782],[73.5244,1.8781],[73.5248,1.8779],[73.5252,1.8778],[73.5259,1.8775],[73.5259,1.8771],[73.5257,1.8766],[73.5256,1.8759],[73.5252,1.8755],[73.5237,1.8757],[73.5232,1.8758],[73.5226,1.876],[73.5222,1.8761],[73.5216,1.8772],[73.5212,1.8773],[73.521,1.8773],[73.521,1.8769],[73.521,1.8768],[73.5212,1.8763],[73.5217,1.8753],[73.5225,1.8743],[73.5234,1.8733],[73.5236,1.8729],[73.5236,1.8727],[73.5236,1.8725],[73.5237,1.8725],[73.5239,1.8722],[73.5242,1.8721],[73.5245,1.8718],[73.5247,1.8716],[73.5249,1.8713],[73.5251,1.8712],[73.5252,1.871],[73.5253,1.871],[73.5254,1.8708],[73.5256,1.8709],[73.5258,1.8709],[73.5261,1.8711],[73.5262,1.8709],[73.5264,1.8709],[73.5264,1.8708],[73.527,1.8697],[73.5271,1.8687],[73.5275,1.8682],[73.5289,1.8681],[73.5292,1.868],[73.5294,1.8678],[73.5301,1.8676],[73.5306,1.8672],[73.5309,1.8674],[73.5307,1.8676],[73.5306,1.8678],[73.53,1.8683],[73.5299,1.8691],[73.5301,1.8698],[73.5301,1.8699],[73.5304,1.8705],[73.5307,1.8716],[73.5309,1.8726],[73.5311,1.8734],[73.5309,1.8742],[73.5308,1.876],[73.5307,1.8773],[73.5305,1.8779],[73.5301,1.8785],[73.5299,1.879],[73.5301,1.8798],[73.5312,1.8806],[73.5315,1.8809],[73.5318,1.8811],[73.5322,1.8816],[73.5328,1.8828],[73.5333,1.8834],[73.5336,1.884],[73.5341,1.8855],[73.5345,1.8861],[73.5347,1.8867],[73.5351,1.8876],[73.5352,1.8882],[73.5355,1.8889],[73.5361,1.8898],[73.5364,1.8903],[73.5367,1.8908],[73.537,1.8921],[73.5374,1.8932],[73.5376,1.8938],[73.537,1.8943],[73.5369,1.8948],[73.5372,1.8957],[73.5383,1.8983],[73.5383,1.8984],[73.5384,1.8983],[73.5384,1.8985]]],[[[73.5404,1.9461],[73.5403,1.946],[73.5404,1.946],[73.5404,1.9461]]],[[[73.5405,1.9432],[73.5406,1.9436],[73.5408,1.944],[73.541,1.9441],[73.5411,1.9446],[73.5412,1.945],[73.5411,1.9454],[73.5409,1.9463],[73.5406,1.9464],[73.5404,1.9458],[73.5403,1.9454],[73.5403,1.9442],[73.5403,1.9442],[73.5402,1.9433],[73.5406,1.9428],[73.5405,1.9432]]],[[[73.2616,1.9512],[73.2614,1.9511],[73.2616,1.951],[73.2616,1.9512]]],[[[73.5405,1.9512],[73.5405,1.9513],[73.5406,1.9514],[73.5405,1.9523],[73.5403,1.9529],[73.54,1.953],[73.5399,1.9523],[73.5403,1.9514],[73.5403,1.9513],[73.5404,1.9511],[73.5406,1.951],[73.5405,1.9512]]],[[[73.5416,1.9589],[73.5421,1.959],[73.5424,1.9596],[73.5413,1.96],[73.5403,1.9598],[73.5397,1.9597],[73.5395,1.9593],[73.5394,1.9593],[73.5394,1.9587],[73.5396,1.9587],[73.5396,1.9588],[73.5396,1.9588],[73.5398,1.9581],[73.5399,1.9577],[73.5401,1.9577],[73.5404,1.9585],[73.5407,1.9587],[73.5416,1.9589]]],[[[73.5429,1.9615],[73.5431,1.9617],[73.5436,1.962],[73.5435,1.9624],[73.543,1.9625],[73.5422,1.9626],[73.5418,1.9628],[73.5418,1.9642],[73.542,1.9652],[73.5424,1.9671],[73.5426,1.9681],[73.5427,1.9685],[73.5428,1.9693],[73.543,1.9695],[73.5434,1.9698],[73.5437,1.9705],[73.5431,1.9708],[73.5421,1.9712],[73.5411,1.9716],[73.5403,1.9718],[73.54,1.9723],[73.5397,1.9731],[73.5393,1.9737],[73.5388,1.9747],[73.5382,1.9755],[73.5376,1.9758],[73.5368,1.9757],[73.5369,1.9749],[73.5374,1.9728],[73.5375,1.9724],[73.5376,1.9717],[73.5377,1.9712],[73.5379,1.9704],[73.5382,1.969],[73.5385,1.9679],[73.5386,1.9656],[73.5388,1.9643],[73.5389,1.9609],[73.5395,1.9612],[73.5404,1.9613],[73.5413,1.9609],[73.5416,1.9609],[73.5416,1.9609],[73.5423,1.9611],[73.5429,1.9615]]],[[[73.5377,1.9776],[73.5381,1.978],[73.538,1.9794],[73.5376,1.9801],[73.5368,1.9804],[73.5371,1.9781],[73.5372,1.9776],[73.5376,1.9775],[73.5377,1.9776]]],[[[73.5382,1.9892],[73.5381,1.9894],[73.5375,1.9892],[73.5367,1.9891],[73.5365,1.989],[73.5361,1.9891],[73.5357,1.9892],[73.5356,1.9889],[73.5355,1.9889],[73.5355,1.9886],[73.5355,1.9884],[73.5354,1.9882],[73.5352,1.9874],[73.5353,1.9867],[73.5354,1.9866],[73.5353,1.9865],[73.5354,1.9858],[73.5354,1.9856],[73.5356,1.9852],[73.5359,1.9845],[73.536,1.9843],[73.5362,1.9842],[73.5368,1.9846],[73.5375,1.9857],[73.538,1.9862],[73.5384,1.9863],[73.539,1.986],[73.5392,1.986],[73.5395,1.986],[73.5398,1.9861],[73.5401,1.9864],[73.5402,1.987],[73.5399,1.9873],[73.5394,1.9874],[73.5388,1.9879],[73.5384,1.9887],[73.5382,1.9892]]],[[[73.5358,1.9902],[73.5359,1.9906],[73.5362,1.9911],[73.5361,1.9913],[73.5362,1.9916],[73.5361,1.9919],[73.5361,1.9921],[73.5361,1.9923],[73.5361,1.9924],[73.5361,1.9924],[73.5361,1.9926],[73.5361,1.9933],[73.5354,1.9933],[73.5354,1.9908],[73.5355,1.9906],[73.5357,1.9902],[73.5358,1.9902]]],[[[73.5355,1.9995],[73.5354,2.0004],[73.5352,2.0009],[73.5347,2.001],[73.5344,1.9998],[73.5345,1.9996],[73.5344,1.9996],[73.5344,1.9993],[73.5345,1.9993],[73.5344,1.9991],[73.5344,1.9986],[73.5348,1.9972],[73.5349,1.9963],[73.5353,1.9966],[73.5357,1.9974],[73.5355,1.9987],[73.5355,1.9988],[73.5355,1.9989],[73.5356,1.999],[73.5355,1.9991],[73.5355,1.9992],[73.5354,1.9992],[73.5354,1.9993],[73.5355,1.9995]]],[[[73.5349,2.0068],[73.5348,2.0071],[73.5348,2.0072],[73.5349,2.0072],[73.535,2.0084],[73.5349,2.0085],[73.535,2.0088],[73.5351,2.0101],[73.5352,2.0144],[73.5349,2.0164],[73.5346,2.017],[73.5333,2.0176],[73.5327,2.0174],[73.5328,2.0156],[73.533,2.0148],[73.5331,2.0141],[73.5335,2.013],[73.5337,2.0123],[73.5339,2.0102],[73.534,2.0096],[73.5341,2.0091],[73.5341,2.0089],[73.5342,2.0077],[73.5344,2.007],[73.5346,2.0069],[73.5347,2.0065],[73.5349,2.0068]]],[[[73.3605,2.0176],[73.3601,2.0182],[73.3598,2.0184],[73.359,2.0183],[73.3582,2.018],[73.3581,2.0179],[73.3578,2.0178],[73.3576,2.0178],[73.3574,2.0177],[73.3573,2.0176],[73.3573,2.0176],[73.3572,2.0174],[73.3573,2.0172],[73.3573,2.0173],[73.3576,2.0172],[73.358,2.0171],[73.3582,2.0169],[73.3593,2.0168],[73.36,2.0169],[73.3603,2.0171],[73.3605,2.0176]]],[[[73.5322,2.0295],[73.5318,2.0297],[73.5316,2.0291],[73.5319,2.029],[73.5322,2.0295]]],[[[73.5305,2.0291],[73.5306,2.0291],[73.5306,2.0292],[73.5308,2.0295],[73.5307,2.0296],[73.5308,2.0297],[73.5309,2.03],[73.5304,2.0299],[73.5302,2.0297],[73.5303,2.0292],[73.5304,2.029],[73.5305,2.0291]]],[[[73.5333,2.0314],[73.5326,2.0322],[73.5325,2.0326],[73.5321,2.033],[73.5318,2.0332],[73.5315,2.0326],[73.5314,2.032],[73.5313,2.032],[73.531,2.0319],[73.531,2.0317],[73.5311,2.0313],[73.5312,2.0312],[73.5313,2.0308],[73.5317,2.0313],[73.5318,2.0309],[73.5319,2.0306],[73.5322,2.0305],[73.5324,2.0305],[73.5324,2.0306],[73.5327,2.0305],[73.533,2.0303],[73.533,2.0303],[73.5332,2.0303],[73.5332,2.0301],[73.5334,2.0301],[73.5335,2.03],[73.5336,2.0299],[73.5333,2.0299],[73.5332,2.0298],[73.5332,2.03],[73.533,2.03],[73.533,2.0296],[73.5331,2.0296],[73.5332,2.0296],[73.533,2.0289],[73.5327,2.0287],[73.5326,2.0285],[73.5324,2.0285],[73.5319,2.028],[73.5314,2.0279],[73.531,2.0281],[73.5306,2.0286],[73.5303,2.0287],[73.5304,2.0279],[73.5307,2.0268],[73.531,2.0266],[73.5311,2.0256],[73.5311,2.0249],[73.5313,2.0245],[73.5315,2.0242],[73.5318,2.0235],[73.5321,2.0231],[73.533,2.0228],[73.5335,2.0235],[73.5343,2.0237],[73.5344,2.0238],[73.5347,2.0237],[73.5348,2.0236],[73.535,2.0237],[73.5351,2.0237],[73.5351,2.0238],[73.5352,2.0238],[73.5351,2.0239],[73.5354,2.0247],[73.5358,2.0255],[73.5353,2.026],[73.5351,2.0263],[73.5347,2.0266],[73.5346,2.0271],[73.5344,2.0275],[73.5345,2.0275],[73.5343,2.0279],[73.5343,2.0283],[73.5342,2.0284],[73.5343,2.0285],[73.5342,2.0286],[73.5343,2.0287],[73.5343,2.0294],[73.5339,2.0301],[73.5337,2.0302],[73.5334,2.0309],[73.5333,2.0314]]],[[[73.5333,2.0349],[73.534,2.035],[73.5342,2.0352],[73.534,2.0356],[73.5333,2.0361],[73.5328,2.0361],[73.5325,2.036],[73.5322,2.0359],[73.5313,2.0355],[73.5312,2.0352],[73.5311,2.0351],[73.5311,2.0349],[73.5309,2.0349],[73.5309,2.0347],[73.5308,2.0347],[73.5308,2.0346],[73.5307,2.034],[73.5303,2.0334],[73.5301,2.0332],[73.5301,2.0327],[73.5301,2.0319],[73.5303,2.0318],[73.5309,2.0322],[73.5311,2.0328],[73.5311,2.0329],[73.5311,2.033],[73.5312,2.0331],[73.5311,2.0335],[73.5312,2.0335],[73.5312,2.0338],[73.5313,2.0338],[73.5312,2.0338],[73.5314,2.0341],[73.5315,2.0341],[73.5315,2.0343],[73.5319,2.0344],[73.5327,2.0344],[73.5333,2.0349]]],[[[73.5325,2.0432],[73.5324,2.0431],[73.5325,2.0431],[73.5325,2.0432]]],[[[73.5328,2.0458],[73.5327,2.0464],[73.5322,2.0463],[73.5324,2.0456],[73.5328,2.0455],[73.5328,2.0458]]],[[[73.5314,2.0488],[73.5313,2.0486],[73.5314,2.0486],[73.5314,2.0488]]],[[[73.5324,2.0485],[73.5327,2.0488],[73.5328,2.0491],[73.533,2.0495],[73.5328,2.0498],[73.5329,2.05],[73.5328,2.0501],[73.5319,2.0506],[73.5319,2.0492],[73.5317,2.0491],[73.5317,2.0486],[73.5318,2.0484],[73.5324,2.0485]]],[[[73.534,2.0529],[73.5346,2.0532],[73.535,2.0537],[73.5356,2.0544],[73.5357,2.0545],[73.5349,2.0548],[73.5344,2.0552],[73.5337,2.0562],[73.5335,2.0564],[73.5334,2.0542],[73.5332,2.0533],[73.5333,2.0529],[73.5339,2.0529],[73.534,2.0529]]],[[[73.5367,2.0552],[73.537,2.0557],[73.537,2.0559],[73.5368,2.0563],[73.5364,2.0566],[73.5362,2.0569],[73.536,2.0572],[73.5352,2.058],[73.535,2.0581],[73.5355,2.0572],[73.5358,2.0569],[73.5358,2.0567],[73.5357,2.0564],[73.5356,2.0559],[73.536,2.0555],[73.5362,2.055],[73.5367,2.0552]]],[[[73.5369,2.0577],[73.5371,2.0578],[73.5372,2.0578],[73.5372,2.0579],[73.5376,2.0581],[73.5373,2.0583],[73.537,2.0588],[73.5368,2.0588],[73.5367,2.0589],[73.5366,2.0588],[73.5365,2.0588],[73.5364,2.0586],[73.5363,2.0586],[73.5358,2.0582],[73.536,2.0577],[73.5368,2.0576],[73.5369,2.0577]]],[[[73.5338,2.0586],[73.5336,2.059],[73.5336,2.059],[73.5335,2.059],[73.5335,2.0585],[73.5336,2.0585],[73.5335,2.0574],[73.5336,2.0573],[73.5336,2.0571],[73.5339,2.0573],[73.5341,2.0575],[73.5342,2.0578],[73.5339,2.0584],[73.5338,2.0585],[73.5338,2.0586]]],[[[73.5354,2.0611],[73.5351,2.0607],[73.5353,2.0606],[73.5354,2.0611]]],[[[73.5377,2.0604],[73.5377,2.0608],[73.5364,2.0615],[73.5359,2.0616],[73.5356,2.0612],[73.5355,2.0605],[73.5363,2.0603],[73.5376,2.0603],[73.5377,2.0604]]],[[[73.5356,2.0617],[73.5355,2.0614],[73.5356,2.0613],[73.5356,2.0617]]],[[[73.5372,2.0647],[73.537,2.0652],[73.5364,2.0655],[73.5362,2.0651],[73.5364,2.0644],[73.537,2.0644],[73.5372,2.0647]]],[[[73.5384,2.069],[73.5382,2.0691],[73.5381,2.0688],[73.5382,2.0687],[73.5384,2.069]]],[[[73.5397,2.0687],[73.5391,2.0691],[73.5386,2.069],[73.5385,2.0682],[73.5388,2.068],[73.5388,2.0681],[73.5393,2.0682],[73.5398,2.0682],[73.5397,2.0687]]],[[[73.5386,2.0741],[73.5385,2.0739],[73.5386,2.0738],[73.5386,2.0741]]],[[[73.5397,2.0765],[73.5397,2.0765],[73.5398,2.0764],[73.5397,2.0765]]],[[[73.5385,2.0773],[73.5384,2.0769],[73.5385,2.0768],[73.5385,2.0773]]],[[[73.5421,2.0771],[73.5417,2.078],[73.5413,2.0781],[73.5412,2.0772],[73.541,2.0768],[73.5404,2.0765],[73.5396,2.0763],[73.5389,2.0764],[73.5388,2.0759],[73.5392,2.075],[73.5394,2.0745],[73.5396,2.0741],[73.5395,2.0736],[73.539,2.0739],[73.5387,2.0734],[73.5387,2.073],[73.5389,2.0727],[73.5394,2.0722],[73.5402,2.072],[73.5404,2.0719],[73.5407,2.0718],[73.5408,2.0722],[73.5409,2.0725],[73.5411,2.073],[73.5415,2.0735],[73.542,2.0737],[73.5423,2.074],[73.5423,2.0744],[73.5418,2.0749],[73.5416,2.0755],[73.5421,2.0771]]],[[[73.5396,2.0783],[73.5395,2.0785],[73.5394,2.0783],[73.5397,2.0781],[73.5396,2.0783]]],[[[73.5412,2.0782],[73.5418,2.0787],[73.5422,2.0789],[73.5423,2.079],[73.5428,2.0794],[73.5434,2.0795],[73.5443,2.0798],[73.5448,2.0803],[73.5447,2.0806],[73.5441,2.0811],[73.5424,2.0818],[73.5418,2.0821],[73.5416,2.0822],[73.5413,2.0824],[73.5401,2.0836],[73.5397,2.0837],[73.5396,2.0833],[73.5398,2.0822],[73.5399,2.0801],[73.5399,2.0789],[73.5399,2.0784],[73.5405,2.0783],[73.5407,2.0782],[73.5411,2.0781],[73.5412,2.0782]]],[[[73.5416,2.0865],[73.5415,2.0864],[73.5417,2.0864],[73.5416,2.0865]]],[[[73.5423,2.0848],[73.543,2.0854],[73.5436,2.0867],[73.5435,2.0868],[73.5435,2.0868],[73.5436,2.0868],[73.5436,2.0869],[73.5438,2.0873],[73.5439,2.0873],[73.5438,2.0874],[73.5439,2.0876],[73.544,2.0877],[73.5441,2.088],[73.5442,2.0881],[73.5443,2.0885],[73.5443,2.0886],[73.5443,2.0887],[73.5445,2.0889],[73.5448,2.0895],[73.5449,2.09],[73.5452,2.0905],[73.5458,2.0918],[73.5457,2.0919],[73.546,2.0923],[73.5465,2.0933],[73.5468,2.0939],[73.5472,2.0947],[73.5474,2.0953],[73.5476,2.096],[73.5478,2.0965],[73.5479,2.0975],[73.5477,2.0983],[73.5476,2.0988],[73.5476,2.0993],[73.5474,2.1001],[73.5473,2.1004],[73.5471,2.1008],[73.5466,2.1016],[73.5451,2.1024],[73.5447,2.1025],[73.5444,2.1024],[73.5443,2.1022],[73.5444,2.1014],[73.5446,2.1006],[73.5445,2.1005],[73.5445,2.1],[73.5445,2.0982],[73.5443,2.0978],[73.5445,2.0974],[73.5445,2.0964],[73.5447,2.0961],[73.5445,2.0946],[73.5444,2.0943],[73.5441,2.0939],[73.5442,2.093],[73.5441,2.0924],[73.5441,2.0923],[73.5439,2.0911],[73.5436,2.0902],[73.5435,2.0899],[73.5435,2.0899],[73.5434,2.0895],[73.5431,2.0891],[73.543,2.0886],[73.543,2.0885],[73.5427,2.0876],[73.5425,2.0872],[73.5419,2.0863],[73.5413,2.0855],[73.5412,2.0849],[73.5415,2.0848],[73.5416,2.0847],[73.5417,2.0848],[73.5418,2.0847],[73.5423,2.0848]]],[[[73.5423,2.1161],[73.5417,2.1163],[73.5413,2.1163],[73.5405,2.1156],[73.5403,2.1152],[73.5411,2.1146],[73.5425,2.1145],[73.5427,2.115],[73.5428,2.1152],[73.5432,2.1154],[73.5447,2.1153],[73.5449,2.1156],[73.5447,2.1159],[73.544,2.1161],[73.5428,2.1159],[73.5423,2.1161]]],[[[73.5857,2.1269],[73.5858,2.1285],[73.5857,2.1286],[73.5857,2.1287],[73.5858,2.1299],[73.5857,2.1301],[73.5857,2.1302],[73.5858,2.1304],[73.5856,2.1318],[73.5855,2.1319],[73.5854,2.1321],[73.5853,2.1325],[73.5847,2.1326],[73.5841,2.1325],[73.5836,2.1319],[73.583,2.1313],[73.5824,2.1307],[73.582,2.1304],[73.5816,2.1297],[73.5813,2.1294],[73.5812,2.1291],[73.581,2.1288],[73.5809,2.1284],[73.5806,2.1279],[73.5798,2.1273],[73.5795,2.1269],[73.5793,2.1268],[73.5788,2.1267],[73.5788,2.1268],[73.5786,2.1269],[73.5778,2.1264],[73.5772,2.1261],[73.5771,2.1257],[73.5766,2.1254],[73.5755,2.1248],[73.5747,2.1244],[73.5738,2.1238],[73.5731,2.1234],[73.573,2.1233],[73.5729,2.1232],[73.5727,2.1232],[73.5722,2.123],[73.5717,2.1227],[73.5717,2.1227],[73.5712,2.1226],[73.5699,2.1223],[73.5693,2.1221],[73.5688,2.122],[73.5683,2.122],[73.5682,2.1219],[73.5673,2.1218],[73.566,2.1215],[73.5656,2.1214],[73.5652,2.1214],[73.5645,2.1214],[73.5626,2.121],[73.5614,2.1208],[73.5599,2.1205],[73.5583,2.1204],[73.5569,2.1203],[73.5562,2.1201],[73.5547,2.1194],[73.5535,2.1188],[73.5527,2.1182],[73.5522,2.118],[73.5517,2.1177],[73.5514,2.1171],[73.5514,2.1165],[73.5519,2.116],[73.5528,2.1159],[73.5534,2.1152],[73.5538,2.1146],[73.5541,2.1142],[73.5544,2.1137],[73.5548,2.1128],[73.5547,2.1123],[73.5545,2.112],[73.5545,2.1119],[73.5544,2.1117],[73.5544,2.1114],[73.5543,2.1107],[73.5539,2.1104],[73.5541,2.1103],[73.5549,2.11],[73.555,2.1084],[73.5551,2.1079],[73.5551,2.1073],[73.555,2.1065],[73.5545,2.1058],[73.5546,2.1055],[73.5549,2.1054],[73.5551,2.1052],[73.5554,2.1053],[73.556,2.1055],[73.5564,2.1056],[73.5574,2.1061],[73.5577,2.1062],[73.558,2.1064],[73.5583,2.1065],[73.559,2.1065],[73.5593,2.1065],[73.5596,2.107],[73.5601,2.1075],[73.5602,2.1079],[73.5605,2.1081],[73.561,2.1088],[73.5612,2.1091],[73.5612,2.1092],[73.5613,2.1092],[73.5615,2.1093],[73.5619,2.1098],[73.5619,2.1099],[73.5625,2.1104],[73.5627,2.1106],[73.5631,2.1113],[73.5633,2.1116],[73.5637,2.112],[73.5638,2.1123],[73.5646,2.1129],[73.5652,2.1133],[73.5656,2.1136],[73.5665,2.1142],[73.5669,2.1145],[73.5673,2.1147],[73.5676,2.1149],[73.5678,2.1151],[73.5681,2.1153],[73.5683,2.1155],[73.5691,2.116],[73.5699,2.1163],[73.5708,2.1168],[73.5714,2.1171],[73.5722,2.1174],[73.5729,2.1178],[73.5733,2.1179],[73.5738,2.1182],[73.5739,2.1183],[73.574,2.1183],[73.5743,2.1184],[73.5747,2.1186],[73.5748,2.1187],[73.5749,2.1187],[73.5752,2.1188],[73.5752,2.1188],[73.5754,2.1189],[73.5757,2.119],[73.5758,2.119],[73.5761,2.1191],[73.5765,2.1194],[73.5768,2.1195],[73.5769,2.1196],[73.5769,2.1197],[73.577,2.1197],[73.577,2.1197],[73.5776,2.12],[73.5777,2.1201],[73.5778,2.1201],[73.5778,2.1202],[73.578,2.1203],[73.5784,2.1204],[73.5785,2.1204],[73.5787,2.1205],[73.5798,2.1209],[73.5802,2.1211],[73.5807,2.1214],[73.5811,2.1216],[73.5814,2.1217],[73.5817,2.1218],[73.5824,2.1221],[73.5826,2.1221],[73.5832,2.1223],[73.5842,2.1232],[73.5843,2.1235],[73.5846,2.1237],[73.5847,2.124],[73.5848,2.1241],[73.5854,2.1259],[73.5857,2.1269]]],[[[73.0633,2.1641],[73.0635,2.1646],[73.0633,2.1649],[73.0627,2.1644],[73.0628,2.1639],[73.063,2.1638],[73.0633,2.1641]]],[[[73.0336,2.1681],[73.0334,2.1682],[73.0333,2.1682],[73.0332,2.1683],[73.0322,2.1688],[73.0321,2.1683],[73.0323,2.1678],[73.0326,2.1676],[73.0326,2.1674],[73.0327,2.1671],[73.0328,2.1666],[73.0332,2.1664],[73.0335,2.1661],[73.0337,2.1663],[73.034,2.1664],[73.0345,2.167],[73.0346,2.1672],[73.0347,2.1673],[73.035,2.1678],[73.0355,2.1682],[73.0347,2.1681],[73.0339,2.168],[73.0336,2.1681]]],[[[73.0548,2.1688],[73.0553,2.1695],[73.0549,2.1695],[73.053,2.1687],[73.0525,2.1685],[73.0517,2.1683],[73.0511,2.1682],[73.0503,2.1683],[73.0502,2.1681],[73.0511,2.1677],[73.0513,2.1679],[73.0516,2.1677],[73.0523,2.1676],[73.0528,2.1677],[73.0538,2.1679],[73.0548,2.1688]]],[[[73.027,2.1697],[73.0259,2.1699],[73.0258,2.1699],[73.0259,2.1701],[73.026,2.1702],[73.026,2.1705],[73.0258,2.1704],[73.0258,2.17],[73.0257,2.17],[73.0255,2.1697],[73.0237,2.1692],[73.023,2.169],[73.0227,2.1688],[73.0224,2.1686],[73.0215,2.1685],[73.0213,2.1684],[73.0212,2.1685],[73.0205,2.1687],[73.0199,2.1692],[73.0195,2.1694],[73.019,2.1698],[73.0191,2.1694],[73.0191,2.1693],[73.0192,2.1693],[73.0192,2.1692],[73.0193,2.1692],[73.0193,2.1691],[73.0195,2.1688],[73.0196,2.1688],[73.02,2.1683],[73.0204,2.1681],[73.0204,2.168],[73.0204,2.1677],[73.0204,2.1668],[73.0202,2.1665],[73.0201,2.1663],[73.02,2.1659],[73.0201,2.1653],[73.0204,2.1645],[73.0205,2.1643],[73.0212,2.1641],[73.0213,2.1643],[73.0213,2.1643],[73.0213,2.1644],[73.0216,2.1645],[73.0217,2.1645],[73.0217,2.1646],[73.0218,2.1646],[73.0218,2.1647],[73.0219,2.1647],[73.0219,2.1648],[73.022,2.1648],[73.0224,2.1652],[73.0224,2.1654],[73.0225,2.1654],[73.0225,2.1655],[73.0226,2.1655],[73.0226,2.1657],[73.0231,2.1661],[73.0237,2.1664],[73.0244,2.1665],[73.0254,2.1669],[73.0265,2.167],[73.0271,2.1673],[73.0273,2.1674],[73.0273,2.1673],[73.0277,2.1676],[73.0278,2.1675],[73.0283,2.1679],[73.0286,2.168],[73.0287,2.1683],[73.0288,2.1683],[73.0288,2.1686],[73.0287,2.1686],[73.0287,2.1688],[73.0284,2.1689],[73.0282,2.1695],[73.0282,2.1697],[73.0281,2.17],[73.0275,2.1698],[73.0274,2.1697],[73.027,2.1697]]],[[[73.0131,2.1695],[73.0126,2.1698],[73.0123,2.1699],[73.0122,2.1701],[73.0115,2.1704],[73.0109,2.1709],[73.0108,2.1705],[73.0109,2.1702],[73.011,2.1701],[73.0111,2.1697],[73.0112,2.1697],[73.0112,2.1696],[73.0119,2.1687],[73.0118,2.1683],[73.0117,2.1679],[73.0116,2.1673],[73.0118,2.1667],[73.0123,2.1665],[73.0125,2.1666],[73.0127,2.1666],[73.0128,2.1667],[73.0129,2.1666],[73.0131,2.1668],[73.0132,2.1673],[73.0131,2.1673],[73.0132,2.1677],[73.0133,2.1678],[73.0134,2.1681],[73.0136,2.1686],[73.0134,2.1688],[73.0133,2.1688],[73.0126,2.1688],[73.0124,2.1691],[73.0125,2.1693],[73.0132,2.1692],[73.0131,2.1695]]],[[[73.017,2.171],[73.0158,2.1707],[73.0154,2.1707],[73.0152,2.1707],[73.0146,2.1708],[73.0145,2.1707],[73.0147,2.1701],[73.0149,2.1697],[73.0155,2.1693],[73.0155,2.1694],[73.0158,2.1693],[73.0164,2.1695],[73.017,2.1702],[73.017,2.171]]],[[[73.0696,2.1722],[73.0697,2.1723],[73.0692,2.1725],[73.069,2.1722],[73.0689,2.1722],[73.0689,2.1721],[73.0685,2.1719],[73.0677,2.1721],[73.0675,2.1715],[73.0672,2.1712],[73.0671,2.1711],[73.0669,2.1709],[73.0663,2.1707],[73.066,2.171],[73.0658,2.1708],[73.0653,2.17],[73.0649,2.1695],[73.0644,2.1693],[73.064,2.1691],[73.0639,2.169],[73.0631,2.1688],[73.0625,2.1686],[73.0623,2.1681],[73.0625,2.1671],[73.063,2.1665],[73.0636,2.1663],[73.0637,2.1663],[73.0638,2.1663],[73.0649,2.166],[73.0654,2.166],[73.0659,2.1652],[73.0662,2.1649],[73.0664,2.1647],[73.0666,2.1641],[73.0669,2.1638],[73.0673,2.1641],[73.0673,2.1653],[73.0676,2.1658],[73.0677,2.1671],[73.0679,2.1679],[73.068,2.1686],[73.0686,2.1692],[73.0691,2.1702],[73.0693,2.1704],[73.0698,2.171],[73.07,2.1714],[73.0699,2.1717],[73.07,2.1718],[73.0698,2.1719],[73.0698,2.172],[73.0697,2.172],[73.0696,2.1722]]],[[[73.0799,2.1679],[73.0807,2.1683],[73.0809,2.1685],[73.0813,2.1688],[73.0818,2.1696],[73.0819,2.1706],[73.0821,2.1713],[73.0818,2.1721],[73.0816,2.1725],[73.0814,2.1728],[73.0815,2.1736],[73.082,2.1743],[73.0822,2.1751],[73.0822,2.1758],[73.082,2.1759],[73.0818,2.1756],[73.0812,2.1749],[73.0803,2.1738],[73.0792,2.1732],[73.0789,2.1726],[73.0779,2.1715],[73.0773,2.1711],[73.0761,2.1709],[73.0761,2.1706],[73.0764,2.1703],[73.0772,2.1702],[73.0775,2.1701],[73.0778,2.1695],[73.0782,2.1691],[73.0783,2.1689],[73.0785,2.1686],[73.0788,2.1683],[73.0792,2.1681],[73.0798,2.1679],[73.0799,2.1679]]],[[[72.9755,2.1874],[72.9747,2.1881],[72.9743,2.1882],[72.9742,2.1877],[72.9746,2.1873],[72.9755,2.1867],[72.9759,2.1866],[72.9759,2.1866],[72.976,2.1866],[72.9761,2.1864],[72.9766,2.1863],[72.9769,2.1865],[72.9755,2.1874]]],[[[73.0962,2.1902],[73.0958,2.19],[73.0942,2.1901],[73.0928,2.1902],[73.093,2.1893],[73.093,2.189],[73.0927,2.1884],[73.0927,2.1878],[73.0927,2.1875],[73.0923,2.1864],[73.0922,2.1863],[73.0917,2.1859],[73.0913,2.1853],[73.0912,2.1846],[73.0912,2.1845],[73.0913,2.1845],[73.0913,2.1843],[73.0915,2.1843],[73.0934,2.1844],[73.0938,2.1846],[73.0938,2.1845],[73.0942,2.1846],[73.0955,2.1844],[73.0967,2.1845],[73.0968,2.1846],[73.0977,2.1841],[73.0982,2.1836],[73.0984,2.1837],[73.0984,2.1846],[73.0986,2.1849],[73.0987,2.1851],[73.0988,2.1852],[73.0987,2.1862],[73.0985,2.1866],[73.0986,2.1867],[73.0983,2.1875],[73.0981,2.1879],[73.098,2.1881],[73.0977,2.1886],[73.0977,2.1888],[73.0973,2.1893],[73.0964,2.1899],[73.0962,2.1902]]],[[[72.9702,2.1921],[72.9705,2.1923],[72.9694,2.1931],[72.9681,2.1941],[72.9677,2.1942],[72.9676,2.1936],[72.9682,2.1928],[72.9693,2.1921],[72.9701,2.192],[72.9702,2.1921]]],[[[73.1164,2.1901],[73.1171,2.1905],[73.1174,2.1907],[73.1175,2.1914],[73.1184,2.1923],[73.1183,2.1928],[73.1173,2.1929],[73.1165,2.1933],[73.1158,2.1943],[73.1154,2.1948],[73.1148,2.1953],[73.1138,2.1958],[73.1128,2.1964],[73.1106,2.1985],[73.1091,2.1986],[73.108,2.199],[73.1071,2.1995],[73.1064,2.2],[73.106,2.2003],[73.1057,2.2005],[73.1053,2.2008],[73.105,2.2009],[73.1048,2.2005],[73.105,2.1998],[73.1051,2.1994],[73.1058,2.198],[73.108,2.1957],[73.1088,2.1949],[73.1099,2.194],[73.1118,2.1929],[73.1126,2.1924],[73.1136,2.1917],[73.1142,2.1915],[73.1146,2.1912],[73.1149,2.1905],[73.1155,2.1901],[73.1163,2.1901],[73.1164,2.1901]]],[[[73.1285,2.2006],[73.1278,2.2008],[73.1277,2.2009],[73.1273,2.201],[73.1271,2.2006],[73.127,2.2005],[73.1269,2.2001],[73.1268,2.1999],[73.1268,2.1998],[73.1266,2.1995],[73.1266,2.1994],[73.1264,2.1987],[73.1266,2.1982],[73.1274,2.1975],[73.1277,2.1971],[73.1279,2.1967],[73.128,2.196],[73.1282,2.1956],[73.1288,2.1955],[73.1293,2.1954],[73.1306,2.1958],[73.131,2.1959],[73.1313,2.1961],[73.1317,2.1967],[73.1316,2.1968],[73.1315,2.1972],[73.1313,2.1973],[73.1314,2.1975],[73.1312,2.1981],[73.1306,2.1989],[73.1304,2.1991],[73.1304,2.1995],[73.1298,2.2],[73.1297,2.2001],[73.1296,2.2002],[73.1294,2.2005],[73.1292,2.2006],[73.1292,2.2007],[73.1291,2.2008],[73.1286,2.2004],[73.1285,2.2006]]],[[[73.1418,2.2079],[73.1417,2.2079],[73.1418,2.2078],[73.1418,2.2079]]],[[[73.1418,2.2079],[73.1419,2.208],[73.1418,2.208],[73.1418,2.2079]]],[[[73.1506,2.2119],[73.1507,2.2119],[73.1509,2.2122],[73.1506,2.2124],[73.1501,2.2122],[73.1501,2.2122],[73.1498,2.2121],[73.1494,2.2119],[73.1493,2.212],[73.1492,2.2118],[73.1492,2.2117],[73.1491,2.2117],[73.1491,2.2116],[73.149,2.2116],[73.1489,2.2114],[73.1487,2.2114],[73.1485,2.2111],[73.1483,2.211],[73.1484,2.2106],[73.1488,2.2107],[73.1488,2.2108],[73.1491,2.2108],[73.1498,2.211],[73.1501,2.2112],[73.1503,2.2115],[73.1504,2.2116],[73.1505,2.2118],[73.1506,2.2118],[73.1506,2.2119]]],[[[73.1515,2.2082],[73.1518,2.2087],[73.1522,2.2091],[73.1523,2.2092],[73.1525,2.2093],[73.1526,2.2093],[73.1526,2.2094],[73.1527,2.2095],[73.1537,2.2105],[73.1539,2.2109],[73.154,2.2109],[73.154,2.211],[73.1541,2.211],[73.1541,2.2111],[73.1542,2.2111],[73.1542,2.2112],[73.1543,2.2112],[73.1543,2.2113],[73.1545,2.2113],[73.1567,2.2134],[73.1571,2.2139],[73.1576,2.2142],[73.1582,2.2149],[73.1582,2.2156],[73.1572,2.2157],[73.1563,2.2149],[73.1553,2.2144],[73.1553,2.2141],[73.1551,2.2141],[73.1551,2.214],[73.1548,2.2139],[73.1543,2.2138],[73.1539,2.2137],[73.153,2.2136],[73.1528,2.2135],[73.1522,2.2133],[73.1517,2.213],[73.1513,2.2128],[73.1511,2.2127],[73.1513,2.2107],[73.1506,2.2099],[73.1483,2.2075],[73.1483,2.2075],[73.1482,2.2075],[73.1482,2.2074],[73.1479,2.2075],[73.1472,2.2079],[73.1467,2.2083],[73.1466,2.2083],[73.1464,2.2085],[73.1462,2.2086],[73.1461,2.2087],[73.1452,2.2093],[73.1449,2.2093],[73.1445,2.2091],[73.1444,2.2089],[73.1443,2.2089],[73.1441,2.2088],[73.1432,2.2084],[73.1432,2.2079],[73.1423,2.2069],[73.1419,2.2067],[73.1414,2.2073],[73.1413,2.2066],[73.1412,2.2064],[73.1412,2.2061],[73.1409,2.2053],[73.1408,2.2046],[73.1412,2.2032],[73.1416,2.2026],[73.1425,2.2025],[73.1428,2.2025],[73.1432,2.2027],[73.1433,2.2036],[73.1435,2.204],[73.1447,2.2048],[73.1451,2.2051],[73.1454,2.2053],[73.146,2.2057],[73.1468,2.2062],[73.1469,2.2063],[73.1473,2.2065],[73.1476,2.2064],[73.1486,2.2055],[73.1489,2.2056],[73.1493,2.2058],[73.1495,2.2064],[73.1497,2.2067],[73.1502,2.2069],[73.1505,2.2071],[73.1515,2.2082]]],[[[73.2151,2.2521],[73.2151,2.2529],[73.2145,2.2537],[73.2143,2.2538],[73.2142,2.2546],[73.2137,2.2547],[73.213,2.2543],[73.2127,2.254],[73.2122,2.2537],[73.2118,2.2531],[73.2116,2.2527],[73.2108,2.2517],[73.2104,2.2513],[73.2101,2.251],[73.21,2.2509],[73.2113,2.2509],[73.2114,2.2509],[73.2131,2.2515],[73.2133,2.2516],[73.2135,2.2517],[73.2146,2.2513],[73.2148,2.2515],[73.2151,2.2521]]],[[[73.2184,2.2584],[73.2186,2.2587],[73.2188,2.2589],[73.2187,2.2591],[73.2181,2.2585],[73.218,2.2581],[73.2182,2.2581],[73.2184,2.2584]]],[[[73.2269,2.2653],[73.227,2.2661],[73.2265,2.2661],[73.2261,2.2656],[73.2265,2.2653],[73.2269,2.2653],[73.2269,2.2653]]],[[[72.9354,2.2663],[72.9351,2.2664],[72.9351,2.2665],[72.9348,2.2666],[72.9346,2.2669],[72.9335,2.2678],[72.9331,2.2683],[72.9329,2.2687],[72.9327,2.2686],[72.933,2.2679],[72.9333,2.2676],[72.9335,2.2674],[72.9337,2.2673],[72.9342,2.2669],[72.9345,2.2665],[72.9348,2.2664],[72.9348,2.2663],[72.9349,2.2662],[72.9352,2.2659],[72.9358,2.2656],[72.9362,2.2653],[72.9364,2.2652],[72.9368,2.2657],[72.9362,2.2661],[72.9358,2.2661],[72.9358,2.2662],[72.9356,2.2662],[72.9354,2.2663]]],[[[73.2335,2.2703],[73.2332,2.2701],[73.2334,2.27],[73.2335,2.2703]]],[[[72.931,2.2739],[72.9299,2.2738],[72.9297,2.2739],[72.9293,2.2739],[72.9293,2.2738],[72.9288,2.2729],[72.9287,2.2723],[72.9285,2.2716],[72.9286,2.2705],[72.931,2.2701],[72.9313,2.2698],[72.9316,2.2696],[72.9323,2.2695],[72.9324,2.2692],[72.9327,2.2691],[72.9325,2.2699],[72.9327,2.2704],[72.9332,2.2715],[72.9334,2.2719],[72.9342,2.272],[72.9345,2.2723],[72.9345,2.2725],[72.9336,2.2734],[72.9327,2.2735],[72.9325,2.2736],[72.931,2.2739]]],[[[73.2553,2.2812],[73.2553,2.2813],[73.2554,2.2816],[73.2555,2.2816],[73.2554,2.2817],[73.2554,2.2817],[73.2555,2.2822],[73.2553,2.2825],[73.2549,2.2824],[73.254,2.2817],[73.2541,2.2816],[73.2545,2.2813],[73.2546,2.2812],[73.2549,2.2809],[73.2552,2.2808],[73.2553,2.2812]]],[[[72.9438,2.2942],[72.9435,2.2944],[72.9432,2.2941],[72.9427,2.294],[72.9422,2.2943],[72.9421,2.2943],[72.9418,2.2943],[72.9416,2.2942],[72.9414,2.2942],[72.9408,2.2943],[72.9407,2.2941],[72.9405,2.2937],[72.9405,2.2933],[72.9405,2.2932],[72.94,2.2924],[72.9398,2.2916],[72.94,2.2906],[72.9405,2.2898],[72.941,2.2894],[72.9412,2.2891],[72.9419,2.2887],[72.9431,2.2887],[72.9437,2.2892],[72.9439,2.2899],[72.944,2.2904],[72.944,2.2908],[72.9441,2.2909],[72.944,2.291],[72.9441,2.2913],[72.9437,2.2923],[72.9436,2.2934],[72.9438,2.2939],[72.9438,2.2942]]],[[[73.2771,2.2943],[73.2773,2.2947],[73.2774,2.2959],[73.277,2.296],[73.2766,2.2955],[73.2758,2.2949],[73.2756,2.2943],[73.2761,2.2941],[73.2768,2.294],[73.2771,2.2943]]],[[[73.285,2.3002],[73.2853,2.3004],[73.2854,2.3008],[73.2852,2.301],[73.2847,2.3007],[73.2846,2.3003],[73.2849,2.3002],[73.285,2.3002]]],[[[73.2916,2.3052],[73.2922,2.3056],[73.2924,2.3063],[73.2921,2.3064],[73.2918,2.306],[73.2913,2.3057],[73.2909,2.3054],[73.2908,2.3053],[73.2906,2.3051],[73.2908,2.305],[73.2909,2.3049],[73.2916,2.3052]]],[[[73.2984,2.3113],[73.2984,2.3116],[73.2985,2.3117],[73.2982,2.3116],[73.298,2.3112],[73.2984,2.3113]]],[[[73.2984,2.3113],[73.2984,2.3112],[73.2978,2.3109],[73.2973,2.3103],[73.2972,2.3103],[73.2972,2.3103],[73.2971,2.3101],[73.2964,2.3095],[73.2963,2.3095],[73.2963,2.3094],[73.2962,2.3094],[73.2963,2.3093],[73.2964,2.3092],[73.2963,2.3087],[73.2967,2.3089],[73.2969,2.3089],[73.2969,2.309],[73.2972,2.3089],[73.2986,2.3098],[73.299,2.3104],[73.2992,2.3107],[73.2993,2.3109],[73.2994,2.311],[73.2995,2.311],[73.2995,2.3111],[73.2995,2.3111],[73.2997,2.3112],[73.2997,2.3114],[73.2998,2.3114],[73.2998,2.3115],[73.2999,2.3115],[73.2999,2.3116],[73.3003,2.3119],[73.3004,2.3122],[73.3005,2.3122],[73.3005,2.3123],[73.3006,2.3124],[73.3007,2.3126],[73.3001,2.3125],[73.2994,2.3126],[73.2992,2.3123],[73.2991,2.3122],[73.2988,2.3119],[73.2986,2.3118],[73.2985,2.3117],[73.2987,2.3117],[73.2987,2.3116],[73.2987,2.3114],[73.2986,2.3114],[73.2986,2.3113],[73.2984,2.3113]]],[[[72.9435,2.313],[72.9437,2.3131],[72.9441,2.3134],[72.9447,2.314],[72.945,2.3148],[72.9458,2.3162],[72.946,2.3174],[72.946,2.3178],[72.9451,2.3178],[72.9448,2.3175],[72.9439,2.317],[72.9426,2.3159],[72.9425,2.3155],[72.9426,2.3144],[72.9428,2.3137],[72.9429,2.313],[72.9435,2.313],[72.9435,2.313]]],[[[72.9619,2.326],[72.9624,2.3263],[72.9627,2.3267],[72.9626,2.3269],[72.9622,2.327],[72.9617,2.3267],[72.9616,2.3261],[72.9619,2.326],[72.9619,2.326]]],[[[73.3211,2.3271],[73.3204,2.3273],[73.3187,2.3275],[73.3177,2.3271],[73.3173,2.3271],[73.3175,2.3266],[73.3161,2.3251],[73.3157,2.325],[73.3155,2.325],[73.3155,2.3248],[73.3153,2.3243],[73.3152,2.3239],[73.315,2.3235],[73.315,2.3234],[73.315,2.3231],[73.3151,2.3231],[73.3152,2.3227],[73.3152,2.3226],[73.3152,2.3224],[73.3153,2.3224],[73.3155,2.3224],[73.3157,2.3224],[73.3162,2.3226],[73.3168,2.3227],[73.3173,2.3228],[73.3177,2.323],[73.3186,2.3234],[73.3199,2.3241],[73.3209,2.3247],[73.3217,2.3249],[73.322,2.3244],[73.3223,2.324],[73.3228,2.3238],[73.323,2.3238],[73.3238,2.3246],[73.3238,2.325],[73.3238,2.3252],[73.3238,2.3253],[73.3233,2.3262],[73.3223,2.327],[73.3211,2.3271]]],[[[72.9181,2.326],[72.9176,2.3271],[72.9169,2.3279],[72.9167,2.328],[72.9166,2.3283],[72.9165,2.3283],[72.9163,2.3284],[72.9163,2.3285],[72.9162,2.3288],[72.9151,2.3286],[72.9152,2.3275],[72.9151,2.3272],[72.9146,2.3264],[72.9146,2.326],[72.9145,2.3259],[72.9143,2.326],[72.9141,2.3256],[72.9142,2.324],[72.9143,2.3231],[72.9144,2.3218],[72.9147,2.3214],[72.9148,2.3211],[72.9149,2.3206],[72.915,2.3196],[72.9153,2.3177],[72.9148,2.317],[72.9147,2.3159],[72.9147,2.3156],[72.9148,2.3155],[72.9149,2.3152],[72.9153,2.3144],[72.9153,2.3143],[72.9153,2.3143],[72.9153,2.3142],[72.9154,2.3142],[72.9156,2.314],[72.9161,2.3139],[72.9162,2.314],[72.9166,2.3141],[72.9167,2.3143],[72.9176,2.3143],[72.9176,2.3142],[72.918,2.314],[72.9186,2.3139],[72.9189,2.3143],[72.919,2.3144],[72.9191,2.3149],[72.9192,2.315],[72.9191,2.315],[72.9192,2.3152],[72.9193,2.316],[72.9194,2.3161],[72.9193,2.3162],[72.9193,2.3164],[72.9194,2.3164],[72.9192,2.3167],[72.9191,2.3172],[72.919,2.3173],[72.9192,2.3177],[72.9191,2.3189],[72.9193,2.319],[72.9193,2.3203],[72.9192,2.3203],[72.9193,2.3206],[72.9194,2.322],[72.9189,2.3234],[72.9187,2.3246],[72.9184,2.3255],[72.9181,2.326]]],[[[73.3397,2.3419],[73.3396,2.3421],[73.3397,2.3422],[73.3397,2.3426],[73.3398,2.3427],[73.34,2.3429],[73.3399,2.344],[73.3396,2.3437],[73.3392,2.3424],[73.3386,2.342],[73.3374,2.3414],[73.3372,2.3417],[73.337,2.3417],[73.3365,2.3415],[73.3363,2.3413],[73.3365,2.3409],[73.3366,2.3408],[73.3355,2.3396],[73.3348,2.3399],[73.3341,2.3379],[73.3339,2.3372],[73.334,2.3365],[73.3343,2.336],[73.3348,2.3358],[73.3357,2.3359],[73.3368,2.3372],[73.3375,2.3379],[73.3379,2.3381],[73.3383,2.3386],[73.3386,2.3387],[73.3391,2.3393],[73.3394,2.3396],[73.3399,2.3401],[73.34,2.341],[73.3397,2.3419]]],[[[73.3419,2.3421],[73.342,2.3425],[73.342,2.3427],[73.3417,2.343],[73.3416,2.3433],[73.3413,2.3441],[73.3406,2.3448],[73.3404,2.3431],[73.3406,2.3425],[73.3407,2.3424],[73.3414,2.3419],[73.3419,2.3421]]],[[[73.344,2.3447],[73.3439,2.3452],[73.3438,2.3453],[73.3435,2.3461],[73.3434,2.3472],[73.3433,2.3478],[73.3418,2.3462],[73.3418,2.3457],[73.342,2.3455],[73.3425,2.3453],[73.3433,2.3447],[73.344,2.3447]]],[[[73.3559,2.3572],[73.3562,2.358],[73.3569,2.3592],[73.357,2.3603],[73.3572,2.3605],[73.3573,2.3606],[73.3566,2.3608],[73.3559,2.3602],[73.3556,2.36],[73.3555,2.3599],[73.3546,2.3592],[73.3541,2.3584],[73.3541,2.358],[73.3541,2.3578],[73.354,2.3578],[73.354,2.3577],[73.3539,2.3577],[73.3539,2.3576],[73.3536,2.357],[73.353,2.3571],[73.3525,2.3554],[73.3525,2.3548],[73.3527,2.3545],[73.353,2.3544],[73.3538,2.3541],[73.3541,2.3538],[73.3544,2.3534],[73.3544,2.3532],[73.3544,2.3532],[73.3545,2.3528],[73.3549,2.3525],[73.355,2.3526],[73.3554,2.3527],[73.3555,2.3532],[73.3557,2.3536],[73.3555,2.3543],[73.3554,2.3558],[73.3556,2.3566],[73.3559,2.3572]]],[[[73.361,2.3599],[73.3624,2.36],[73.3629,2.3602],[73.3631,2.3606],[73.3627,2.3611],[73.3627,2.3613],[73.3621,2.3624],[73.3624,2.3632],[73.3625,2.3635],[73.3623,2.3637],[73.3622,2.3638],[73.362,2.3637],[73.362,2.3635],[73.3619,2.3625],[73.3615,2.3613],[73.3611,2.3608],[73.3606,2.3603],[73.3604,2.3602],[73.3602,2.3601],[73.3602,2.36],[73.3599,2.36],[73.3598,2.3598],[73.3603,2.3597],[73.3605,2.3598],[73.3606,2.3598],[73.361,2.3599]]],[[[73.3641,2.3647],[73.3639,2.3647],[73.3633,2.365],[73.3628,2.3656],[73.3625,2.3655],[73.3624,2.3652],[73.3624,2.365],[73.3624,2.3648],[73.3624,2.3647],[73.3625,2.3647],[73.3625,2.3646],[73.363,2.3646],[73.363,2.3645],[73.3632,2.3645],[73.3632,2.3645],[73.3636,2.3644],[73.364,2.3644],[73.3648,2.3642],[73.3647,2.3645],[73.3641,2.3647]]],[[[73.3611,2.3795],[73.361,2.3795],[73.3611,2.3794],[73.3611,2.3795]]],[[[73.361,2.3803],[73.3609,2.3801],[73.361,2.3801],[73.361,2.3803]]],[[[73.3611,2.381],[73.361,2.3808],[73.3611,2.3808],[73.3611,2.381]]],[[[73.3611,2.3815],[73.361,2.3814],[73.3611,2.3813],[73.3611,2.3815]]],[[[73.3614,2.382],[73.3613,2.382],[73.3613,2.3821],[73.3614,2.3821],[73.3614,2.3822],[73.3616,2.3828],[73.3617,2.3839],[73.3615,2.384],[73.3615,2.3842],[73.3615,2.3844],[73.3615,2.3844],[73.3616,2.3846],[73.3616,2.385],[73.3616,2.3855],[73.3618,2.3867],[73.3619,2.3876],[73.3621,2.3885],[73.3622,2.3888],[73.3623,2.3892],[73.3625,2.3908],[73.3626,2.3917],[73.3627,2.3937],[73.3631,2.395],[73.3637,2.3954],[73.3642,2.3958],[73.3643,2.3975],[73.3641,2.3982],[73.364,2.3986],[73.3639,2.3989],[73.3634,2.3991],[73.3631,2.3991],[73.3627,2.3998],[73.3621,2.4015],[73.3616,2.403],[73.3615,2.4041],[73.3614,2.4049],[73.3613,2.4057],[73.3612,2.4063],[73.361,2.4079],[73.361,2.4085],[73.3609,2.4092],[73.3607,2.4104],[73.3604,2.412],[73.3602,2.4134],[73.3599,2.4154],[73.3595,2.4173],[73.3594,2.418],[73.3589,2.4198],[73.3585,2.4209],[73.3582,2.4219],[73.358,2.4224],[73.3578,2.4229],[73.3577,2.4228],[73.358,2.4208],[73.3582,2.4203],[73.3583,2.4197],[73.3585,2.4184],[73.3586,2.4177],[73.3587,2.4173],[73.3588,2.4168],[73.3589,2.4164],[73.359,2.4158],[73.3592,2.4143],[73.3593,2.4135],[73.3594,2.413],[73.3596,2.4119],[73.3599,2.4106],[73.3601,2.4091],[73.3603,2.4064],[73.3607,2.4026],[73.3608,2.4016],[73.3609,2.4009],[73.361,2.3985],[73.3611,2.3941],[73.3611,2.3937],[73.3611,2.3933],[73.3612,2.386],[73.3612,2.3849],[73.3611,2.3821],[73.3612,2.382],[73.3612,2.3819],[73.3614,2.382]]],[[[73.3545,2.4324],[73.3542,2.4329],[73.3539,2.4336],[73.3537,2.4339],[73.3537,2.434],[73.3536,2.4342],[73.3536,2.4344],[73.3536,2.4347],[73.3532,2.435],[73.3533,2.4343],[73.3535,2.434],[73.3535,2.434],[73.3535,2.4339],[73.3534,2.4338],[73.3538,2.4331],[73.3538,2.4331],[73.3539,2.4329],[73.354,2.4329],[73.354,2.4328],[73.3542,2.4323],[73.3545,2.4318],[73.3546,2.4318],[73.3545,2.4324]]],[[[73.3499,2.442],[73.3498,2.4423],[73.349,2.4433],[73.3486,2.4434],[73.349,2.4427],[73.3496,2.4419],[73.3499,2.4419],[73.3499,2.442]]],[[[73.2536,2.5064],[73.2536,2.5065],[73.2533,2.5065],[73.2533,2.5064],[73.2536,2.5064]]],[[[73.2577,2.5062],[73.2571,2.5066],[73.2557,2.5065],[73.2549,2.5064],[73.2547,2.5063],[73.2545,2.5063],[73.2538,2.5063],[73.2538,2.5062],[73.2538,2.5061],[73.2539,2.5061],[73.2539,2.506],[73.254,2.506],[73.2541,2.5059],[73.2543,2.5058],[73.2543,2.5057],[73.2544,2.5057],[73.2545,2.5056],[73.2554,2.5051],[73.2559,2.5048],[73.2563,2.5046],[73.2573,2.5051],[73.2579,2.5056],[73.2577,2.5062]]],[[[73.3071,2.5077],[73.307,2.5076],[73.3062,2.5076],[73.3059,2.5073],[73.3058,2.5073],[73.3058,2.5072],[73.3056,2.5071],[73.3055,2.507],[73.3054,2.507],[73.3054,2.5068],[73.3053,2.5068],[73.305,2.5065],[73.3047,2.5064],[73.3046,2.5061],[73.3048,2.5052],[73.305,2.504],[73.3052,2.5036],[73.3058,2.5037],[73.3059,2.5036],[73.3061,2.5034],[73.3065,2.5028],[73.3073,2.5013],[73.3073,2.5011],[73.307,2.5008],[73.3069,2.5006],[73.3075,2.5002],[73.3083,2.4991],[73.3086,2.4987],[73.3094,2.498],[73.311,2.4979],[73.3113,2.4979],[73.3111,2.4982],[73.3114,2.4989],[73.3117,2.4999],[73.3118,2.5017],[73.3117,2.5027],[73.3112,2.5039],[73.311,2.5051],[73.3106,2.5059],[73.3105,2.5061],[73.3099,2.5068],[73.3093,2.5072],[73.3089,2.5073],[73.3085,2.5074],[73.3082,2.5076],[73.3077,2.5076],[73.3075,2.5076],[73.3071,2.5077]]],[[[73.2328,2.5136],[73.2327,2.5141],[73.2329,2.5143],[73.2328,2.5144],[73.2329,2.5147],[73.2331,2.5152],[73.2329,2.5157],[73.2325,2.5156],[73.2322,2.5145],[73.232,2.5143],[73.232,2.5141],[73.2322,2.5137],[73.2326,2.5136],[73.2328,2.5136]]],[[[73.2276,2.5203],[73.2268,2.5209],[73.226,2.5209],[73.226,2.5202],[73.2263,2.5201],[73.2264,2.52],[73.2265,2.5201],[73.2266,2.5201],[73.2273,2.5199],[73.2276,2.5203]]],[[[72.9881,2.5309],[72.9882,2.5309],[72.9882,2.531],[72.9883,2.5313],[72.9878,2.5316],[72.987,2.5315],[72.987,2.5312],[72.9871,2.5309],[72.9873,2.5309],[72.9873,2.5308],[72.9874,2.5309],[72.9876,2.5309],[72.9876,2.5308],[72.9877,2.5309],[72.9878,2.5308],[72.988,2.5309],[72.9881,2.5308],[72.9881,2.5309]]],[[[73.1801,2.5391],[73.1792,2.539],[73.1788,2.5387],[73.1789,2.5382],[73.1793,2.5377],[73.18,2.5378],[73.1801,2.5381],[73.1803,2.5383],[73.1805,2.5387],[73.1803,2.5389],[73.1803,2.539],[73.1802,2.539],[73.1801,2.5391]]],[[[73.1762,2.5387],[73.1767,2.5392],[73.1765,2.5399],[73.176,2.5399],[73.1755,2.5394],[73.1754,2.539],[73.1758,2.5386],[73.176,2.5385],[73.1762,2.5387]]],[[[73.1546,2.5459],[73.1546,2.5461],[73.1546,2.5461],[73.1547,2.5463],[73.1551,2.5468],[73.1554,2.5474],[73.1552,2.548],[73.1552,2.5485],[73.155,2.5487],[73.1538,2.5484],[73.1536,2.548],[73.1536,2.5473],[73.1539,2.5464],[73.1541,2.5462],[73.1545,2.5457],[73.1546,2.5459]]],[[[73.1007,2.558],[73.0997,2.558],[73.0992,2.558],[73.099,2.5573],[73.1004,2.5573],[73.1008,2.5578],[73.1007,2.558]]],[[[73.1033,2.5601],[73.1026,2.5601],[73.1013,2.5596],[73.1013,2.5596],[73.1011,2.5596],[73.0998,2.5591],[73.0997,2.5589],[73.1,2.5585],[73.1001,2.5583],[73.1008,2.5583],[73.1012,2.5583],[73.1027,2.5584],[73.1032,2.5582],[73.104,2.5581],[73.1041,2.5582],[73.1041,2.5581],[73.105,2.5579],[73.1054,2.5576],[73.1055,2.5578],[73.1064,2.5577],[73.1069,2.5575],[73.1073,2.5575],[73.1086,2.5575],[73.1098,2.5573],[73.1104,2.5574],[73.1112,2.5575],[73.1114,2.5577],[73.1115,2.5577],[73.1119,2.5579],[73.1122,2.5581],[73.1121,2.559],[73.112,2.5591],[73.112,2.5591],[73.112,2.5596],[73.1114,2.5599],[73.1096,2.56],[73.1079,2.5601],[73.1064,2.5601],[73.1054,2.5601],[73.1039,2.5601],[73.1034,2.5601],[73.1033,2.5601]]],[[[73.0746,2.5628],[73.0745,2.5627],[73.0746,2.5627],[73.0746,2.5628]]],[[[73.0752,2.5628],[73.0751,2.5627],[73.0752,2.5627],[73.0752,2.5628]]],[[[73.0814,2.563],[73.0795,2.5629],[73.0785,2.5629],[73.0768,2.5629],[73.0766,2.5627],[73.0792,2.5625],[73.079,2.5624],[73.0789,2.5622],[73.0793,2.5621],[73.0796,2.5625],[73.081,2.5627],[73.0822,2.5626],[73.083,2.5626],[73.0831,2.5629],[73.0814,2.563]]],[[[72.893,2.6762],[72.8925,2.6757],[72.8921,2.6755],[72.8916,2.675],[72.8915,2.6746],[72.8914,2.6746],[72.8912,2.6743],[72.8905,2.6735],[72.8898,2.673],[72.8897,2.673],[72.8891,2.6729],[72.8883,2.6726],[72.8856,2.6725],[72.8843,2.6725],[72.8837,2.6725],[72.8836,2.6719],[72.8833,2.6712],[72.8832,2.671],[72.8835,2.6699],[72.8836,2.6686],[72.8837,2.6683],[72.8843,2.6682],[72.8848,2.668],[72.8853,2.668],[72.8853,2.6679],[72.8857,2.6678],[72.8863,2.6676],[72.8877,2.6674],[72.8885,2.6672],[72.8891,2.6674],[72.8894,2.6671],[72.8893,2.6665],[72.8889,2.6665],[72.8884,2.6665],[72.888,2.6665],[72.8866,2.6666],[72.8861,2.6667],[72.885,2.6667],[72.8847,2.6668],[72.8831,2.6668],[72.8827,2.6669],[72.8807,2.667],[72.8799,2.6672],[72.8789,2.6674],[72.8786,2.6674],[72.8782,2.6676],[72.8778,2.6676],[72.8776,2.6678],[72.8768,2.6677],[72.8766,2.6669],[72.8768,2.6665],[72.8786,2.6664],[72.8794,2.6662],[72.8804,2.666],[72.8817,2.6659],[72.8827,2.6659],[72.8842,2.6658],[72.8853,2.6657],[72.8865,2.6656],[72.8866,2.6655],[72.8866,2.6656],[72.8867,2.6656],[72.8872,2.6655],[72.8872,2.6654],[72.8875,2.6654],[72.8875,2.6655],[72.8876,2.6655],[72.8881,2.6654],[72.8882,2.6653],[72.8883,2.6654],[72.8884,2.6654],[72.8892,2.6654],[72.8893,2.6653],[72.8907,2.6651],[72.8908,2.6653],[72.8912,2.6651],[72.8922,2.665],[72.8924,2.6651],[72.8925,2.665],[72.8949,2.6648],[72.895,2.6649],[72.8952,2.6649],[72.8953,2.6651],[72.8954,2.6654],[72.8953,2.6655],[72.8955,2.6658],[72.8955,2.6662],[72.8956,2.6666],[72.8964,2.6674],[72.8978,2.6672],[72.8984,2.6672],[72.8983,2.6683],[72.8981,2.669],[72.898,2.6705],[72.8979,2.671],[72.8978,2.6723],[72.8977,2.673],[72.8975,2.6733],[72.8977,2.6737],[72.8977,2.6738],[72.8968,2.6737],[72.8956,2.6747],[72.895,2.6751],[72.8946,2.6756],[72.8945,2.6755],[72.8943,2.6755],[72.8945,2.676],[72.894,2.6762],[72.8935,2.6762],[72.893,2.6762]]],[[[72.9295,2.6791],[72.9293,2.6791],[72.9289,2.6793],[72.9288,2.6792],[72.9286,2.6792],[72.9281,2.6795],[72.9281,2.6795],[72.9278,2.6797],[72.9274,2.6798],[72.9271,2.6791],[72.9266,2.679],[72.9267,2.6785],[72.9268,2.6772],[72.9269,2.6765],[72.927,2.6764],[72.9271,2.6747],[72.9273,2.6745],[72.9275,2.6745],[72.9279,2.6754],[72.9291,2.6777],[72.9298,2.6784],[72.93,2.6789],[72.9293,2.679],[72.9293,2.679],[72.9295,2.679],[72.9295,2.6791]]],[[[72.9295,2.6791],[72.9295,2.6791],[72.9296,2.679],[72.9299,2.6791],[72.9301,2.6792],[72.9306,2.6797],[72.9305,2.6798],[72.93,2.6794],[72.9295,2.6792],[72.9295,2.6791]]],[[[72.9363,2.684],[72.9361,2.6839],[72.9357,2.6837],[72.9356,2.6835],[72.9348,2.6832],[72.9344,2.6825],[72.9343,2.6822],[72.9342,2.6822],[72.9343,2.6821],[72.9342,2.6819],[72.9339,2.6818],[72.9327,2.6811],[72.9326,2.681],[72.9324,2.681],[72.9324,2.6809],[72.9321,2.6808],[72.9319,2.6808],[72.9321,2.6807],[72.932,2.6805],[72.9318,2.6805],[72.932,2.6805],[72.932,2.6804],[72.9328,2.6801],[72.9328,2.68],[72.9329,2.6801],[72.9332,2.68],[72.9341,2.6806],[72.9342,2.6813],[72.9344,2.6817],[72.9346,2.6819],[72.9349,2.6823],[72.9354,2.6827],[72.9359,2.683],[72.9361,2.6832],[72.9363,2.6834],[72.9365,2.6837],[72.9367,2.6838],[72.9368,2.6837],[72.9371,2.6839],[72.9372,2.684],[72.9374,2.684],[72.9374,2.6841],[72.9374,2.6841],[72.9374,2.6842],[72.9376,2.6842],[72.9376,2.6843],[72.9378,2.6844],[72.9376,2.6846],[72.9372,2.6845],[72.9371,2.6843],[72.9369,2.6843],[72.937,2.6842],[72.9369,2.6841],[72.9368,2.684],[72.9365,2.684],[72.9366,2.6842],[72.9364,2.6842],[72.9363,2.684]]],[[[72.8599,2.6887],[72.8591,2.6891],[72.8585,2.6894],[72.8582,2.6897],[72.8578,2.6898],[72.8577,2.6899],[72.8568,2.69],[72.8566,2.6901],[72.8564,2.6902],[72.8561,2.6901],[72.856,2.6899],[72.8563,2.6898],[72.8564,2.6896],[72.8568,2.6894],[72.8569,2.6891],[72.8574,2.6887],[72.8576,2.6884],[72.8579,2.6884],[72.8581,2.6882],[72.8589,2.6878],[72.859,2.6878],[72.8593,2.6877],[72.8595,2.6876],[72.86,2.6874],[72.8604,2.6871],[72.861,2.6868],[72.8623,2.6859],[72.8625,2.6859],[72.8624,2.6862],[72.8623,2.6863],[72.8623,2.6864],[72.8623,2.6864],[72.8623,2.6865],[72.8622,2.6865],[72.8621,2.6867],[72.8619,2.6868],[72.8616,2.6871],[72.8599,2.6887]]],[[[72.9655,2.6975],[72.9647,2.6977],[72.9646,2.6976],[72.9642,2.6974],[72.9631,2.6975],[72.9623,2.6975],[72.9621,2.6965],[72.9616,2.6957],[72.9612,2.6956],[72.9608,2.6953],[72.9601,2.695],[72.9599,2.6947],[72.9593,2.694],[72.9593,2.6937],[72.9608,2.6936],[72.9617,2.694],[72.9625,2.6942],[72.9626,2.6943],[72.9627,2.6945],[72.9642,2.6948],[72.9645,2.6949],[72.9662,2.6952],[72.9671,2.6954],[72.9673,2.6955],[72.9675,2.6954],[72.9679,2.6959],[72.9677,2.6962],[72.9672,2.6964],[72.967,2.6965],[72.9667,2.6969],[72.9664,2.697],[72.9663,2.697],[72.9661,2.6971],[72.9658,2.6974],[72.9656,2.6974],[72.9655,2.6975]]],[[[72.8521,2.6956],[72.8519,2.6958],[72.8518,2.696],[72.852,2.696],[72.8518,2.6961],[72.8518,2.6962],[72.8508,2.6974],[72.8501,2.6979],[72.8504,2.6971],[72.8509,2.6962],[72.851,2.696],[72.8515,2.6954],[72.8519,2.6953],[72.852,2.6952],[72.8521,2.6951],[72.8523,2.6951],[72.8523,2.6953],[72.8521,2.6953],[72.8521,2.6956]]],[[[72.8827,2.7046],[72.8826,2.7047],[72.8824,2.7049],[72.8822,2.7048],[72.8826,2.7041],[72.8828,2.7039],[72.8829,2.7041],[72.8831,2.7041],[72.8831,2.7042],[72.8832,2.7042],[72.883,2.7045],[72.8828,2.7045],[72.8827,2.7045],[72.8827,2.7046]]],[[[72.9829,2.7058],[72.9826,2.7059],[72.9825,2.7055],[72.9827,2.7054],[72.9829,2.7058]]],[[[72.9864,2.7097],[72.9867,2.7098],[72.987,2.7104],[72.9874,2.7111],[72.9884,2.7119],[72.9892,2.7127],[72.989,2.7128],[72.988,2.7124],[72.9874,2.7121],[72.9863,2.7109],[72.9858,2.7101],[72.986,2.7097],[72.9863,2.7096],[72.9864,2.7097]]],[[[73.0019,2.7235],[73.0019,2.7236],[73.0021,2.7236],[73.0022,2.7237],[73.003,2.7241],[73.0032,2.7242],[73.0033,2.7242],[73.0033,2.7243],[73.0035,2.7244],[73.0037,2.7246],[73.0042,2.7249],[73.0046,2.7255],[73.0046,2.726],[73.0041,2.7266],[73.0033,2.7272],[73.0026,2.7274],[73.0021,2.7276],[73.0021,2.7273],[73.0022,2.7263],[73.0019,2.7251],[73.0016,2.7242],[73.0014,2.7235],[73.0019,2.7235]]],[[[72.8887,2.7302],[72.8884,2.7309],[72.8878,2.731],[72.8876,2.7305],[72.888,2.7299],[72.8885,2.7299],[72.8887,2.7302]]],[[[73.0143,2.735],[73.0141,2.7349],[73.0143,2.7348],[73.0143,2.735]]],[[[73.0145,2.7352],[73.0144,2.7352],[73.0145,2.7351],[73.0145,2.7352]]],[[[73.0145,2.7352],[73.0147,2.7352],[73.0145,2.7349],[73.0143,2.7346],[73.0141,2.7345],[73.0139,2.7342],[73.0137,2.7341],[73.0136,2.7341],[73.0136,2.7343],[73.0131,2.7337],[73.0129,2.7337],[73.0125,2.7333],[73.0119,2.7331],[73.0115,2.7333],[73.0114,2.7334],[73.0113,2.7335],[73.0108,2.7337],[73.0107,2.7335],[73.0105,2.7335],[73.0099,2.7334],[73.0098,2.7331],[73.0096,2.7331],[73.0093,2.7329],[73.0092,2.7328],[73.0092,2.7328],[73.0091,2.7327],[73.0093,2.7325],[73.0094,2.7322],[73.0092,2.7317],[73.0091,2.7315],[73.0096,2.7313],[73.0098,2.7312],[73.0105,2.7309],[73.0117,2.7308],[73.0124,2.7314],[73.0127,2.7318],[73.0131,2.7326],[73.0132,2.7327],[73.0135,2.7329],[73.0136,2.7332],[73.0137,2.7335],[73.0139,2.7339],[73.0144,2.7345],[73.0154,2.7356],[73.0157,2.736],[73.0158,2.7365],[73.0162,2.7368],[73.0167,2.7378],[73.017,2.7383],[73.017,2.7385],[73.0171,2.7385],[73.0171,2.7386],[73.0173,2.7392],[73.0181,2.7407],[73.0184,2.7409],[73.0186,2.7411],[73.0187,2.7416],[73.0188,2.7419],[73.0191,2.7424],[73.0196,2.7433],[73.0198,2.7439],[73.0193,2.7448],[73.019,2.745],[73.019,2.7452],[73.0187,2.7452],[73.0187,2.745],[73.0187,2.745],[73.0184,2.7449],[73.0183,2.7441],[73.018,2.7431],[73.0179,2.7428],[73.0178,2.7426],[73.0175,2.7419],[73.0172,2.7407],[73.0169,2.7401],[73.0168,2.74],[73.0165,2.7393],[73.0164,2.739],[73.0163,2.7389],[73.016,2.7386],[73.0158,2.7379],[73.0156,2.7375],[73.0154,2.7369],[73.0151,2.7362],[73.0146,2.7356],[73.0145,2.7352]]],[[[73.0212,2.7481],[73.0213,2.7488],[73.0216,2.7494],[73.0212,2.7502],[73.0204,2.7505],[73.02,2.7494],[73.0199,2.7484],[73.0198,2.7483],[73.0197,2.7482],[73.0195,2.7478],[73.0197,2.7477],[73.0198,2.7477],[73.02,2.7474],[73.0199,2.7471],[73.0197,2.7464],[73.0196,2.7463],[73.0196,2.7463],[73.0196,2.746],[73.0196,2.7455],[73.02,2.7454],[73.0204,2.7456],[73.0208,2.7466],[73.0207,2.7472],[73.0206,2.7473],[73.0207,2.7475],[73.0208,2.7475],[73.0209,2.7477],[73.0212,2.7481]]],[[[72.8876,2.7493],[72.8881,2.7496],[72.8885,2.7503],[72.8882,2.7508],[72.8875,2.7509],[72.8871,2.7506],[72.8869,2.7499],[72.8871,2.7495],[72.8875,2.7492],[72.8876,2.7493]]],[[[73.0226,2.7542],[73.0229,2.7544],[73.0232,2.7547],[73.0232,2.7553],[73.0229,2.7558],[73.022,2.7557],[73.0217,2.7547],[73.0218,2.7542],[73.0225,2.7541],[73.0226,2.7542]]],[[[73.0232,2.7565],[73.0233,2.7565],[73.0233,2.7566],[73.0234,2.7567],[73.0233,2.7567],[73.0233,2.7568],[73.0231,2.7568],[73.0231,2.7567],[73.0231,2.7564],[73.0232,2.7565]]],[[[73.4208,2.7637],[73.4209,2.7638],[73.4217,2.7639],[73.422,2.7641],[73.4224,2.7646],[73.4224,2.7653],[73.4221,2.7662],[73.4217,2.7669],[73.4214,2.7677],[73.4211,2.7678],[73.4209,2.7661],[73.4207,2.7652],[73.42,2.7642],[73.4201,2.7637],[73.4207,2.7636],[73.4208,2.7637]]],[[[73.0244,2.7658],[73.0247,2.766],[73.0248,2.7676],[73.0246,2.7679],[73.0239,2.7682],[73.0235,2.768],[73.0236,2.766],[73.0242,2.7658],[73.0243,2.7658],[73.0244,2.7658]]],[[[73.4206,2.7714],[73.4205,2.7716],[73.4202,2.7714],[73.4203,2.771],[73.4205,2.771],[73.4206,2.7714]]],[[[73.025,2.7784],[73.025,2.7785],[73.0248,2.7785],[73.0248,2.7778],[73.025,2.7774],[73.0254,2.7776],[73.0255,2.7774],[73.0258,2.7776],[73.0256,2.7779],[73.0256,2.7779],[73.0256,2.778],[73.0255,2.778],[73.0255,2.7781],[73.0254,2.7781],[73.0254,2.7782],[73.0253,2.7782],[73.0253,2.7783],[73.0252,2.7783],[73.025,2.7784]]],[[[73.0268,2.7816],[73.0265,2.7818],[73.0262,2.7815],[73.0267,2.7814],[73.0268,2.7816]]],[[[73.0282,2.7816],[73.0274,2.7819],[73.027,2.7817],[73.0269,2.7815],[73.0283,2.7814],[73.0282,2.7816]]],[[[73.3712,2.7823],[73.3711,2.7825],[73.3705,2.7826],[73.3704,2.7825],[73.3701,2.7825],[73.3702,2.7822],[73.3703,2.7822],[73.3704,2.7821],[73.3704,2.782],[73.3704,2.7819],[73.3705,2.7813],[73.3708,2.7812],[73.3708,2.7812],[73.3712,2.7811],[73.3714,2.7804],[73.3721,2.7809],[73.3722,2.7808],[73.3729,2.7806],[73.3732,2.7801],[73.3732,2.7801],[73.3732,2.7798],[73.3729,2.7796],[73.3728,2.7795],[73.3725,2.7797],[73.3725,2.7798],[73.3724,2.7798],[73.3723,2.7798],[73.3723,2.7799],[73.3722,2.7799],[73.3717,2.78],[73.3712,2.7797],[73.3712,2.7796],[73.3709,2.7795],[73.371,2.7792],[73.371,2.7791],[73.3711,2.7792],[73.3711,2.7794],[73.3713,2.7794],[73.3716,2.7792],[73.372,2.779],[73.3723,2.7785],[73.3725,2.7784],[73.3727,2.7781],[73.373,2.7783],[73.3732,2.7783],[73.3734,2.7785],[73.3735,2.7785],[73.3738,2.7787],[73.3738,2.7789],[73.3739,2.7789],[73.3739,2.7792],[73.374,2.7793],[73.374,2.7794],[73.3741,2.7795],[73.374,2.7795],[73.3741,2.7796],[73.3741,2.7801],[73.374,2.7803],[73.3735,2.7805],[73.3724,2.7812],[73.3723,2.7814],[73.3716,2.782],[73.3715,2.7822],[73.3712,2.7823]]],[[[73.0262,2.7797],[73.0261,2.7807],[73.0252,2.7812],[73.0252,2.7814],[73.0252,2.7816],[73.0251,2.7823],[73.0255,2.7824],[73.0262,2.7825],[73.0261,2.7828],[73.0257,2.7833],[73.0248,2.7833],[73.0247,2.782],[73.0249,2.7794],[73.0252,2.7795],[73.0254,2.7795],[73.0254,2.7796],[73.0259,2.7792],[73.0262,2.7797]]],[[[73.4278,2.7837],[73.427,2.7836],[73.4271,2.7832],[73.4274,2.7831],[73.4278,2.7837]]],[[[73.4268,2.7829],[73.4266,2.7831],[73.426,2.7833],[73.4258,2.7834],[73.4257,2.7836],[73.4257,2.7838],[73.4254,2.7838],[73.4254,2.7837],[73.4251,2.7835],[73.4251,2.7834],[73.425,2.7834],[73.4248,2.7831],[73.4245,2.7828],[73.4243,2.7825],[73.4243,2.7819],[73.4243,2.7816],[73.424,2.7811],[73.4241,2.7806],[73.4239,2.7802],[73.4236,2.7798],[73.4235,2.7796],[73.4238,2.7792],[73.4236,2.7782],[73.4235,2.7777],[73.423,2.7776],[73.4232,2.7769],[73.4231,2.776],[73.4226,2.775],[73.4223,2.7748],[73.422,2.7745],[73.4221,2.7741],[73.4222,2.7737],[73.4221,2.7737],[73.4221,2.7736],[73.4221,2.7734],[73.4219,2.7731],[73.4218,2.7727],[73.4216,2.7725],[73.4211,2.7719],[73.4207,2.7712],[73.4206,2.7706],[73.4213,2.7701],[73.422,2.7701],[73.4223,2.7703],[73.4227,2.7703],[73.4229,2.7704],[73.4231,2.7703],[73.4234,2.7704],[73.4234,2.7707],[73.4235,2.7708],[73.4238,2.7711],[73.424,2.7715],[73.4243,2.7715],[73.4243,2.7716],[73.4246,2.7715],[73.425,2.7717],[73.4252,2.7717],[73.4252,2.7719],[73.4254,2.7719],[73.4254,2.7723],[73.4253,2.7723],[73.4256,2.7728],[73.4261,2.7744],[73.4262,2.7753],[73.4264,2.7758],[73.4265,2.7764],[73.4267,2.7768],[73.4271,2.7784],[73.4273,2.7788],[73.4276,2.7798],[73.4275,2.7799],[73.4277,2.7802],[73.4276,2.7805],[73.4279,2.7808],[73.4282,2.7819],[73.4281,2.782],[73.4283,2.7823],[73.4281,2.7831],[73.428,2.7833],[73.4274,2.7829],[73.4268,2.7829]],[[73.4228,2.7713],[73.4228,2.7715],[73.4232,2.7714],[73.423,2.7712],[73.4228,2.7713]]],[[[73.4252,2.785],[73.4251,2.785],[73.4252,2.7849],[73.4252,2.785]]],[[[73.4253,2.7855],[73.4252,2.7854],[73.4253,2.7854],[73.4253,2.7855]]],[[[73.4274,2.7849],[73.4277,2.7851],[73.4275,2.7855],[73.4273,2.7854],[73.4272,2.7849],[73.4274,2.7848],[73.4274,2.7849]]],[[[73.0257,2.7887],[73.0253,2.7888],[73.0251,2.7875],[73.0252,2.7872],[73.0252,2.787],[73.0251,2.7869],[73.025,2.7868],[73.0249,2.7864],[73.025,2.7858],[73.0258,2.7859],[73.0261,2.786],[73.0262,2.7859],[73.0262,2.786],[73.0265,2.7861],[73.0266,2.7875],[73.0266,2.7875],[73.0266,2.7877],[73.0267,2.7877],[73.0267,2.788],[73.0266,2.788],[73.0266,2.7881],[73.0266,2.7881],[73.0266,2.7882],[73.0265,2.7882],[73.0263,2.7882],[73.0262,2.7882],[73.0262,2.7883],[73.0261,2.7883],[73.0257,2.7887]]],[[[73.0268,2.7906],[73.0264,2.7908],[73.0259,2.7909],[73.0257,2.7909],[73.0257,2.7908],[73.0254,2.7907],[73.0256,2.7906],[73.0256,2.7905],[73.0261,2.7904],[73.0266,2.7903],[73.0268,2.7906]]],[[[73.4279,2.7858],[73.4281,2.7863],[73.4282,2.7868],[73.4285,2.788],[73.4287,2.7889],[73.4286,2.7898],[73.4284,2.79],[73.4283,2.79],[73.4284,2.7903],[73.4283,2.7909],[73.4281,2.791],[73.428,2.7912],[73.4277,2.7913],[73.427,2.791],[73.4264,2.7909],[73.4263,2.7889],[73.4262,2.7883],[73.4262,2.7878],[73.4261,2.7872],[73.426,2.7864],[73.426,2.7863],[73.4255,2.7854],[73.4255,2.7848],[73.4259,2.7846],[73.4264,2.7853],[73.4265,2.7853],[73.427,2.7856],[73.4272,2.7857],[73.4275,2.7858],[73.4275,2.7858],[73.4277,2.7856],[73.4279,2.7853],[73.4279,2.7858]]],[[[73.4274,2.7939],[73.4273,2.7941],[73.4271,2.7937],[73.4272,2.7936],[73.4274,2.7939]]],[[[73.4288,2.7941],[73.4286,2.7942],[73.4286,2.7942],[73.4284,2.7944],[73.428,2.7945],[73.4275,2.7939],[73.4274,2.7934],[73.4275,2.7931],[73.4278,2.793],[73.428,2.7929],[73.4281,2.7928],[73.4291,2.7926],[73.4295,2.7928],[73.4292,2.7933],[73.4291,2.7937],[73.4289,2.7939],[73.4289,2.794],[73.4288,2.794],[73.4288,2.7941]]],[[[73.0266,2.7931],[73.027,2.7932],[73.0271,2.7937],[73.0266,2.7942],[73.0257,2.7946],[73.0251,2.7947],[73.025,2.7945],[73.0251,2.7942],[73.0252,2.7932],[73.0255,2.7928],[73.0262,2.793],[73.0265,2.7931],[73.0265,2.793],[73.0266,2.7931]]],[[[73.0256,2.7966],[73.0258,2.797],[73.0259,2.797],[73.0259,2.7973],[73.026,2.7974],[73.026,2.7976],[73.0261,2.7976],[73.0264,2.7981],[73.0263,2.7985],[73.0258,2.7988],[73.0257,2.7988],[73.0252,2.7991],[73.0249,2.7988],[73.0249,2.7971],[73.025,2.7965],[73.0252,2.7963],[73.0256,2.7966]]],[[[73.4316,2.7961],[73.4317,2.7963],[73.4326,2.7967],[73.4329,2.797],[73.4333,2.7979],[73.4333,2.7999],[73.433,2.8004],[73.4325,2.8005],[73.4322,2.7996],[73.4318,2.7983],[73.4315,2.7978],[73.4312,2.7972],[73.4308,2.7965],[73.4308,2.7961],[73.4315,2.7961],[73.4316,2.7961]]],[[[73.0262,2.8004],[73.0267,2.8007],[73.0271,2.801],[73.0258,2.8017],[73.0254,2.8018],[73.0254,2.8004],[73.0261,2.8004],[73.0262,2.8004]]],[[[73.0269,2.8033],[73.0271,2.8034],[73.0273,2.8036],[73.0271,2.8037],[73.0271,2.8038],[73.0263,2.804],[73.0257,2.8041],[73.0257,2.8034],[73.0263,2.8033],[73.0264,2.8032],[73.0265,2.8033],[73.0266,2.8033],[73.0268,2.8033],[73.0269,2.8032],[73.0269,2.8033]]],[[[73.4331,2.8017],[73.4334,2.8019],[73.4337,2.802],[73.434,2.8023],[73.4346,2.8035],[73.435,2.8046],[73.435,2.8052],[73.4348,2.806],[73.4347,2.8067],[73.4344,2.8068],[73.4339,2.8058],[73.4337,2.8046],[73.4332,2.8037],[73.4331,2.8035],[73.4327,2.8029],[73.4327,2.8026],[73.4325,2.8025],[73.4324,2.8023],[73.4323,2.8022],[73.4322,2.8017],[73.4331,2.8017]]],[[[73.4431,2.8162],[73.4432,2.8165],[73.4435,2.8168],[73.4436,2.8168],[73.4436,2.8169],[73.4436,2.8171],[73.4438,2.8171],[73.4436,2.8172],[73.4438,2.8174],[73.4436,2.8176],[73.4438,2.8177],[73.4436,2.8177],[73.4436,2.8178],[73.4436,2.8179],[73.4437,2.8179],[73.4437,2.818],[73.4438,2.818],[73.444,2.8185],[73.4442,2.8188],[73.4444,2.8191],[73.4447,2.8195],[73.4449,2.8199],[73.4452,2.8205],[73.4453,2.8206],[73.4455,2.821],[73.4453,2.8211],[73.4444,2.8206],[73.4443,2.8199],[73.4436,2.8187],[73.4435,2.8183],[73.4434,2.818],[73.4433,2.8177],[73.4432,2.8174],[73.4431,2.8174],[73.4428,2.817],[73.4427,2.8166],[73.4427,2.8165],[73.4427,2.8165],[73.4427,2.8162],[73.4428,2.816],[73.4431,2.8162]]],[[[73.4514,2.8241],[73.4519,2.8246],[73.4525,2.8258],[73.4537,2.827],[73.4538,2.8274],[73.4533,2.8274],[73.4529,2.8265],[73.4511,2.8245],[73.4509,2.8241],[73.4514,2.8241],[73.4514,2.8241]]],[[[73.5352,2.8529],[73.5351,2.853],[73.535,2.8531],[73.5346,2.853],[73.5345,2.8521],[73.5347,2.8517],[73.535,2.8519],[73.5352,2.8519],[73.5352,2.8523],[73.5354,2.8524],[73.5354,2.8526],[73.5354,2.8527],[73.5353,2.8527],[73.5352,2.8529]]],[[[73.5403,2.8546],[73.54,2.8547],[73.54,2.8548],[73.5393,2.8548],[73.5386,2.8545],[73.5369,2.8546],[73.5368,2.8544],[73.5371,2.8538],[73.5376,2.8536],[73.5376,2.8535],[73.5379,2.8535],[73.5379,2.8536],[73.5382,2.8536],[73.5383,2.8536],[73.5383,2.8534],[73.5385,2.8534],[73.5385,2.8533],[73.5387,2.8533],[73.5387,2.8532],[73.5393,2.8531],[73.54,2.8532],[73.5404,2.8537],[73.5403,2.8546]]],[[[73.0257,2.8558],[73.0258,2.8558],[73.0258,2.8559],[73.0258,2.8559],[73.0258,2.856],[73.0259,2.856],[73.0259,2.8561],[73.0261,2.8563],[73.0259,2.8566],[73.0259,2.8568],[73.0257,2.857],[73.0255,2.8573],[73.0252,2.8572],[73.025,2.8567],[73.025,2.8567],[73.0249,2.8565],[73.0247,2.8561],[73.0244,2.8557],[73.0239,2.8556],[73.0242,2.8553],[73.0247,2.8554],[73.0248,2.8555],[73.0251,2.8557],[73.0252,2.8556],[73.0252,2.8557],[73.0254,2.8557],[73.0255,2.8558],[73.0256,2.8557],[73.0257,2.8558]]],[[[72.8473,2.8601],[72.8468,2.8602],[72.8461,2.8599],[72.8456,2.8598],[72.8451,2.8597],[72.8448,2.8595],[72.8446,2.8594],[72.8435,2.8589],[72.8429,2.858],[72.8428,2.858],[72.8428,2.858],[72.8428,2.8577],[72.843,2.8574],[72.8431,2.8571],[72.8433,2.857],[72.8435,2.8569],[72.8435,2.8568],[72.8436,2.8568],[72.8436,2.8567],[72.8438,2.8567],[72.8438,2.8568],[72.8443,2.8567],[72.8448,2.8569],[72.8455,2.8573],[72.8461,2.8574],[72.8468,2.8575],[72.8481,2.8578],[72.8494,2.8579],[72.8502,2.8582],[72.8508,2.8587],[72.8509,2.8587],[72.8508,2.859],[72.8507,2.859],[72.8506,2.8591],[72.8505,2.8591],[72.85,2.8593],[72.8496,2.8592],[72.8494,2.8594],[72.849,2.8595],[72.8486,2.8596],[72.8485,2.8598],[72.8481,2.8598],[72.8473,2.8601]]],[[[73.5544,2.86],[73.5545,2.8601],[73.5542,2.8602],[73.554,2.8601],[73.5541,2.8599],[73.5544,2.86]]],[[[73.5545,2.8606],[73.5541,2.8607],[73.5541,2.8604],[73.5544,2.8604],[73.5545,2.8606]]],[[[72.9348,2.8781],[72.9341,2.8782],[72.934,2.8782],[72.9346,2.8778],[72.9348,2.8781]]],[[[72.9335,2.8789],[72.9332,2.8793],[72.9328,2.8798],[72.9321,2.8803],[72.9311,2.8803],[72.9314,2.8801],[72.9321,2.8798],[72.9325,2.8794],[72.9328,2.8792],[72.9332,2.8789],[72.9335,2.8788],[72.9335,2.8789]]],[[[73.0259,2.8817],[73.026,2.8819],[73.0259,2.8822],[73.0257,2.8822],[73.0254,2.8822],[73.0256,2.8817],[73.0258,2.8817],[73.0258,2.8815],[73.0259,2.8817]]],[[[72.838,2.8866],[72.8379,2.8867],[72.8378,2.8869],[72.8371,2.8871],[72.8363,2.887],[72.8362,2.8864],[72.8364,2.8851],[72.8366,2.8844],[72.8362,2.8835],[72.8361,2.8818],[72.8363,2.8811],[72.8381,2.881],[72.8387,2.8815],[72.8389,2.8822],[72.8389,2.8825],[72.839,2.8831],[72.8387,2.8837],[72.8387,2.8843],[72.839,2.8851],[72.8392,2.8857],[72.8392,2.8857],[72.8392,2.8858],[72.8393,2.8863],[72.8387,2.8866],[72.8383,2.8866],[72.838,2.8866]]],[[[73.5758,2.8835],[73.5759,2.8841],[73.5758,2.8842],[73.5759,2.8844],[73.576,2.885],[73.5761,2.8853],[73.5763,2.8861],[73.5762,2.8863],[73.5764,2.8864],[73.5765,2.8877],[73.5764,2.8893],[73.5762,2.89],[73.5757,2.8902],[73.5754,2.8898],[73.5756,2.8877],[73.5756,2.8866],[73.5755,2.8858],[73.5754,2.8854],[73.5753,2.8853],[73.5751,2.8844],[73.5752,2.8841],[73.5751,2.8838],[73.5749,2.8829],[73.575,2.8828],[73.5758,2.8835]]],[[[72.9069,2.8944],[72.9069,2.8946],[72.9061,2.8955],[72.9045,2.8961],[72.9051,2.8955],[72.9059,2.895],[72.9066,2.8943],[72.9068,2.8943],[72.9069,2.8944]]],[[[73.5774,2.8916],[73.5777,2.8918],[73.5781,2.8921],[73.5785,2.8932],[73.5784,2.8948],[73.5779,2.8959],[73.5778,2.8974],[73.5777,2.898],[73.5777,2.8988],[73.5776,2.8994],[73.5771,2.8994],[73.577,2.8991],[73.577,2.8978],[73.5769,2.8973],[73.5768,2.8959],[73.577,2.8953],[73.5767,2.8949],[73.5765,2.8926],[73.5766,2.892],[73.5768,2.8916],[73.5774,2.8916],[73.5774,2.8916]]],[[[73.3809,2.8966],[73.381,2.8973],[73.3804,2.8986],[73.3802,2.8993],[73.3801,2.8994],[73.3802,2.8996],[73.3799,2.9],[73.3797,2.9004],[73.3792,2.9005],[73.3791,2.9002],[73.379,2.9001],[73.379,2.8999],[73.3786,2.8996],[73.3785,2.8994],[73.3784,2.8993],[73.3783,2.8991],[73.3782,2.899],[73.3779,2.8985],[73.378,2.8977],[73.3782,2.8976],[73.3783,2.8975],[73.3784,2.8974],[73.3787,2.8969],[73.3788,2.8967],[73.3794,2.8964],[73.3806,2.8963],[73.3809,2.8966]]],[[[72.8677,2.9101],[72.8679,2.9108],[72.868,2.911],[72.8681,2.9113],[72.8667,2.9122],[72.8658,2.9124],[72.8647,2.9122],[72.8645,2.9115],[72.8642,2.9114],[72.8641,2.9112],[72.8644,2.9111],[72.8648,2.911],[72.8648,2.9109],[72.8649,2.9108],[72.8653,2.9106],[72.8654,2.9106],[72.8654,2.9106],[72.8656,2.9104],[72.8666,2.9102],[72.8673,2.9099],[72.8677,2.9101]]],[[[73.5805,2.9149],[73.5805,2.9149],[73.5805,2.9152],[73.5805,2.9152],[73.5805,2.9149]]],[[[72.8825,2.9184],[72.8824,2.9185],[72.8819,2.9184],[72.8819,2.9183],[72.8825,2.9179],[72.8825,2.9178],[72.8826,2.9178],[72.8826,2.9177],[72.8827,2.9177],[72.8828,2.9176],[72.8831,2.9175],[72.8834,2.9169],[72.8842,2.9165],[72.8848,2.9163],[72.8854,2.9165],[72.8855,2.9171],[72.8852,2.9175],[72.8843,2.9181],[72.8838,2.9182],[72.8837,2.9185],[72.8834,2.9183],[72.8833,2.9183],[72.8833,2.9184],[72.8828,2.9184],[72.8827,2.9184],[72.8826,2.9183],[72.8825,2.9184]]],[[[73.0278,2.9239],[73.0277,2.9239],[73.0277,2.9241],[73.0268,2.924],[73.027,2.9236],[73.0276,2.9238],[73.0276,2.9238],[73.0277,2.9237],[73.0278,2.9239]]],[[[73.5805,2.9152],[73.5806,2.9152],[73.5809,2.916],[73.5812,2.9165],[73.5814,2.9172],[73.5814,2.9174],[73.5814,2.9174],[73.5814,2.9175],[73.5815,2.9177],[73.5815,2.918],[73.5816,2.918],[73.5816,2.9181],[73.582,2.919],[73.5822,2.92],[73.5826,2.9202],[73.5827,2.9202],[73.5827,2.9203],[73.5827,2.9217],[73.5831,2.9222],[73.5835,2.9225],[73.5836,2.9226],[73.5837,2.9226],[73.5837,2.9227],[73.5838,2.9227],[73.5838,2.9229],[73.5839,2.9229],[73.5839,2.923],[73.5839,2.9232],[73.5838,2.9232],[73.5839,2.9234],[73.5843,2.9238],[73.5846,2.9246],[73.5845,2.9253],[73.584,2.9253],[73.5835,2.9253],[73.5832,2.9253],[73.5825,2.9254],[73.5821,2.9255],[73.5816,2.9256],[73.5812,2.9259],[73.5809,2.9256],[73.5806,2.9249],[73.5801,2.9243],[73.5798,2.9241],[73.5796,2.924],[73.58,2.9235],[73.5799,2.9209],[73.5802,2.9196],[73.5801,2.9184],[73.5799,2.9179],[73.5799,2.9173],[73.5798,2.917],[73.5797,2.9167],[73.5796,2.9164],[73.5794,2.9155],[73.5793,2.9154],[73.5793,2.9152],[73.5792,2.9152],[73.5792,2.915],[73.5791,2.9149],[73.5785,2.914],[73.5781,2.9134],[73.5776,2.9124],[73.5776,2.912],[73.5782,2.9118],[73.5789,2.9118],[73.5794,2.9124],[73.5799,2.9132],[73.5804,2.9144],[73.5805,2.9149],[73.5804,2.9149],[73.5802,2.9145],[73.58,2.9138],[73.5798,2.9137],[73.5797,2.9137],[73.5801,2.9146],[73.5802,2.9149],[73.5804,2.9154],[73.5805,2.9155],[73.5805,2.9155],[73.5805,2.9152]]],[[[72.8982,2.9236],[72.8979,2.9244],[72.8972,2.925],[72.897,2.9252],[72.8966,2.9255],[72.896,2.9257],[72.8956,2.9258],[72.8948,2.9261],[72.893,2.9262],[72.8928,2.9254],[72.893,2.925],[72.8933,2.9246],[72.8936,2.9239],[72.8938,2.9236],[72.894,2.9235],[72.8942,2.9234],[72.8946,2.9234],[72.8953,2.9231],[72.8957,2.9228],[72.8963,2.9228],[72.8965,2.9229],[72.8968,2.923],[72.8968,2.9229],[72.8973,2.9228],[72.8974,2.9227],[72.898,2.9228],[72.8982,2.9233],[72.8982,2.9236]]],[[[73.5861,2.9256],[73.5864,2.9262],[73.5863,2.9265],[73.5857,2.9264],[73.5854,2.9261],[73.5855,2.9254],[73.5858,2.9253],[73.5861,2.9256]]],[[[72.9602,2.9314],[72.9601,2.9314],[72.9601,2.9313],[72.9602,2.9314]]],[[[72.961,2.9346],[72.9609,2.9345],[72.961,2.9345],[72.961,2.9346]]],[[[72.9602,2.9314],[72.9605,2.9315],[72.9605,2.9316],[72.9609,2.9319],[72.9608,2.9322],[72.9609,2.9325],[72.961,2.9328],[72.9611,2.9328],[72.9611,2.933],[72.9613,2.9331],[72.9612,2.9332],[72.9612,2.9333],[72.9613,2.9337],[72.9612,2.934],[72.9613,2.9345],[72.961,2.9346],[72.9611,2.9342],[72.9611,2.934],[72.9609,2.934],[72.9609,2.9333],[72.9608,2.9331],[72.9605,2.933],[72.9604,2.9324],[72.9604,2.9322],[72.9603,2.9322],[72.9603,2.932],[72.9603,2.9318],[72.9602,2.9318],[72.9602,2.9317],[72.9602,2.9314]]],[[[72.9612,2.9351],[72.961,2.9353],[72.9609,2.9349],[72.961,2.9349],[72.9612,2.9351]]],[[[72.9911,2.9386],[72.99,2.9387],[72.9894,2.9389],[72.9892,2.9391],[72.989,2.9392],[72.9892,2.9385],[72.9889,2.938],[72.9887,2.9377],[72.9883,2.9374],[72.9879,2.9368],[72.9878,2.9358],[72.9882,2.9352],[72.9885,2.9348],[72.9891,2.9345],[72.9899,2.9343],[72.9905,2.9344],[72.9919,2.9347],[72.9928,2.9355],[72.9931,2.9362],[72.9931,2.9371],[72.9927,2.9377],[72.9922,2.9382],[72.9921,2.9384],[72.9915,2.9386],[72.9914,2.9384],[72.9911,2.9386]]],[[[72.9161,2.9469],[72.9162,2.9473],[72.9162,2.9473],[72.9162,2.9475],[72.9162,2.9478],[72.9159,2.948],[72.9155,2.9483],[72.9155,2.9484],[72.9154,2.9484],[72.9153,2.9484],[72.9149,2.9484],[72.9141,2.9484],[72.9138,2.9484],[72.9138,2.9483],[72.9133,2.9481],[72.9134,2.9475],[72.9136,2.9472],[72.914,2.9471],[72.9141,2.947],[72.9148,2.9468],[72.9161,2.9469]]],[[[73.5701,2.9503],[73.5698,2.9504],[73.5699,2.9501],[73.5701,2.95],[73.5701,2.9503]]],[[[73.5696,2.9506],[73.5695,2.9505],[73.5697,2.9504],[73.5696,2.9506]]],[[[73.5888,2.946],[73.5883,2.9471],[73.5868,2.9481],[73.5864,2.9483],[73.5857,2.9487],[73.5851,2.9494],[73.5848,2.9498],[73.5844,2.9504],[73.5839,2.9508],[73.5838,2.951],[73.5831,2.9518],[73.5826,2.952],[73.5819,2.9518],[73.5813,2.951],[73.5811,2.9507],[73.581,2.9505],[73.5806,2.95],[73.5806,2.9497],[73.5805,2.9497],[73.5799,2.9491],[73.5795,2.9485],[73.5795,2.9477],[73.5798,2.9473],[73.5802,2.9471],[73.581,2.9469],[73.5816,2.9465],[73.5819,2.9463],[73.5823,2.9459],[73.5823,2.9456],[73.5825,2.9457],[73.5827,2.9457],[73.5828,2.9457],[73.5829,2.9456],[73.5832,2.9455],[73.5832,2.9455],[73.5841,2.9449],[73.5843,2.9446],[73.5842,2.944],[73.5851,2.9435],[73.5853,2.9435],[73.5858,2.9429],[73.5864,2.9419],[73.587,2.9411],[73.5879,2.9408],[73.5884,2.941],[73.589,2.9419],[73.5892,2.9424],[73.5893,2.9436],[73.5892,2.9445],[73.589,2.9448],[73.589,2.9452],[73.5889,2.9456],[73.5888,2.946]]],[[[72.986,2.9561],[72.9863,2.9562],[72.9867,2.9565],[72.9868,2.957],[72.9864,2.9576],[72.986,2.9577],[72.9856,2.9577],[72.9852,2.9575],[72.9849,2.9575],[72.9844,2.9572],[72.9842,2.9569],[72.9845,2.9564],[72.9851,2.9562],[72.9857,2.9561],[72.986,2.9561],[72.986,2.9561]]],[[[73.5983,2.9503],[73.6001,2.9522],[73.6011,2.9543],[73.6012,2.9552],[73.6016,2.9563],[73.6017,2.9566],[73.6017,2.9567],[73.6018,2.9569],[73.6018,2.9571],[73.6019,2.9571],[73.6019,2.9574],[73.6023,2.958],[73.6024,2.9586],[73.6026,2.959],[73.6028,2.9599],[73.6026,2.96],[73.6029,2.9608],[73.603,2.9618],[73.6028,2.9624],[73.6024,2.9626],[73.602,2.9622],[73.6017,2.962],[73.6016,2.9619],[73.6013,2.9618],[73.601,2.9614],[73.6008,2.9614],[73.6008,2.9613],[73.6004,2.9607],[73.5993,2.9594],[73.5995,2.959],[73.5992,2.9578],[73.599,2.9571],[73.5987,2.9563],[73.5983,2.9553],[73.5985,2.9552],[73.5986,2.9551],[73.5984,2.9547],[73.598,2.9541],[73.5972,2.9524],[73.597,2.9519],[73.5974,2.951],[73.598,2.9501],[73.5983,2.9503]]],[[[72.9476,2.9625],[72.9474,2.9631],[72.9463,2.9635],[72.9462,2.9634],[72.9462,2.9634],[72.9462,2.9631],[72.9462,2.9629],[72.9462,2.9626],[72.9461,2.9625],[72.9462,2.962],[72.9465,2.9618],[72.9467,2.9619],[72.9469,2.9617],[72.9475,2.9618],[72.9476,2.9625]]],[[[72.9476,2.9634],[72.9471,2.9637],[72.946,2.9638],[72.9459,2.9637],[72.9466,2.9636],[72.9473,2.9634],[72.9475,2.9632],[72.9476,2.9634]]],[[[72.9922,2.972],[72.992,2.972],[72.9916,2.9719],[72.9911,2.9714],[72.991,2.9713],[72.9908,2.9713],[72.9908,2.9712],[72.9906,2.9712],[72.9906,2.9711],[72.9902,2.9709],[72.9897,2.9704],[72.9896,2.9702],[72.9896,2.9701],[72.9895,2.97],[72.9896,2.9693],[72.99,2.969],[72.9916,2.9697],[72.9919,2.9703],[72.992,2.9706],[72.9924,2.9712],[72.9923,2.9718],[72.9923,2.9719],[72.9922,2.9719],[72.9922,2.972]]],[[[73.0169,2.981],[73.0166,2.9812],[73.0158,2.9811],[73.0157,2.9806],[73.0156,2.9805],[73.0153,2.9801],[73.0152,2.9799],[73.0151,2.9799],[73.0151,2.9798],[73.015,2.9796],[73.0149,2.9795],[73.0148,2.9791],[73.0147,2.979],[73.0147,2.9789],[73.0146,2.9788],[73.0144,2.9784],[73.0146,2.9782],[73.0148,2.9785],[73.0149,2.9785],[73.0149,2.9784],[73.0152,2.9785],[73.0154,2.9787],[73.0155,2.9786],[73.0161,2.9789],[73.0168,2.9794],[73.017,2.9802],[73.017,2.9803],[73.0172,2.9804],[73.017,2.9804],[73.017,2.9807],[73.0169,2.9807],[73.0169,2.981]]],[[[73.0053,2.9963],[73.006,2.9964],[73.0068,2.9967],[73.0077,2.9973],[73.0083,2.9978],[73.0085,2.9983],[73.0086,2.9991],[73.0083,2.9998],[73.0071,3.0005],[73.0055,2.9991],[73.0054,2.9987],[73.0049,2.9974],[73.0045,2.9969],[73.0044,2.9967],[73.0046,2.9963],[73.0052,2.9962],[73.0053,2.9963]]],[[[73.0001,3.002],[73.0002,3.002],[73.0002,3.0021],[73.0004,3.0021],[73.0009,3.0024],[73.0011,3.0027],[73.0013,3.003],[73.0014,3.0034],[73.0016,3.0042],[73.0017,3.0048],[73.0012,3.0048],[73.0006,3.0044],[73.0005,3.0042],[73.0,3.0036],[72.9997,3.0031],[72.9997,3.0021],[72.9996,3.002],[72.9997,3.0016],[73.0001,3.002]]],[[[73.6188,3.0259],[73.6187,3.0263],[73.6185,3.0262],[73.6187,3.0257],[73.6187,3.0257],[73.6188,3.0259]]],[[[72.8841,3.0572],[72.8841,3.0571],[72.8842,3.0571],[72.8841,3.0572]]],[[[72.8891,3.0598],[72.8889,3.0599],[72.8888,3.0599],[72.8886,3.0599],[72.8886,3.0597],[72.8887,3.0594],[72.8883,3.0592],[72.8883,3.0592],[72.8881,3.0591],[72.8871,3.0587],[72.8871,3.0586],[72.8869,3.0586],[72.8869,3.0586],[72.8868,3.0586],[72.8866,3.0588],[72.8863,3.0589],[72.8862,3.0584],[72.8861,3.0581],[72.8858,3.0579],[72.8857,3.0579],[72.8857,3.0578],[72.8856,3.0578],[72.8854,3.0577],[72.8853,3.0577],[72.8853,3.0577],[72.8851,3.0576],[72.8845,3.0573],[72.8842,3.057],[72.8845,3.0569],[72.8847,3.0566],[72.885,3.0564],[72.885,3.0563],[72.8851,3.0563],[72.8851,3.0562],[72.8856,3.056],[72.8859,3.0559],[72.8859,3.0559],[72.886,3.0559],[72.8863,3.0556],[72.8866,3.0552],[72.8869,3.055],[72.8869,3.0548],[72.8874,3.0544],[72.8882,3.0535],[72.8886,3.0534],[72.8887,3.0532],[72.8889,3.0532],[72.889,3.053],[72.889,3.0532],[72.8893,3.053],[72.8903,3.0527],[72.8907,3.0526],[72.8908,3.0526],[72.8917,3.0524],[72.8923,3.0524],[72.8932,3.0532],[72.8934,3.0536],[72.8935,3.0537],[72.8936,3.0543],[72.8933,3.0545],[72.8934,3.0546],[72.8935,3.0554],[72.8932,3.0568],[72.893,3.0574],[72.8929,3.0579],[72.8927,3.0583],[72.8926,3.0588],[72.892,3.0589],[72.8919,3.059],[72.8914,3.0591],[72.8907,3.0592],[72.8903,3.0595],[72.8899,3.0596],[72.8896,3.0597],[72.8894,3.0597],[72.8891,3.0598]]],[[[72.9303,3.0642],[72.9295,3.0646],[72.929,3.0648],[72.9276,3.0649],[72.9266,3.0647],[72.9256,3.0646],[72.9254,3.0645],[72.9246,3.0644],[72.9243,3.0641],[72.924,3.064],[72.9237,3.064],[72.9231,3.0638],[72.9225,3.0631],[72.9225,3.063],[72.9224,3.063],[72.9224,3.063],[72.9221,3.0629],[72.9217,3.0626],[72.9216,3.0625],[72.9213,3.0623],[72.9211,3.0621],[72.9208,3.062],[72.9206,3.0615],[72.9202,3.0615],[72.9203,3.0612],[72.9208,3.0611],[72.9208,3.0612],[72.921,3.0612],[72.9218,3.0611],[72.9223,3.0612],[72.9224,3.0612],[72.9225,3.0611],[72.9253,3.061],[72.9264,3.0611],[72.9268,3.0612],[72.927,3.0613],[72.928,3.0616],[72.9282,3.0617],[72.9283,3.0616],[72.9289,3.0617],[72.9292,3.0619],[72.9292,3.0618],[72.9298,3.062],[72.9306,3.0624],[72.9309,3.0629],[72.931,3.0632],[72.931,3.0636],[72.9308,3.0639],[72.9303,3.0642]]],[[[73.6422,3.0697],[73.6423,3.0697],[73.6423,3.0698],[73.6424,3.07],[73.6425,3.0702],[73.642,3.07],[73.6419,3.0697],[73.6421,3.0697],[73.6421,3.0696],[73.6422,3.0697]]],[[[73.6423,3.0704],[73.642,3.0705],[73.642,3.0703],[73.6422,3.0702],[73.6423,3.0704]]],[[[72.9657,3.0807],[72.9651,3.081],[72.9641,3.0804],[72.9635,3.0795],[72.963,3.079],[72.9624,3.0786],[72.9616,3.0782],[72.9608,3.0776],[72.9605,3.0775],[72.9602,3.0772],[72.9601,3.0768],[72.9599,3.0766],[72.96,3.0763],[72.9607,3.0764],[72.9608,3.0765],[72.9616,3.0766],[72.9628,3.0767],[72.9635,3.0768],[72.9644,3.077],[72.9646,3.0773],[72.9651,3.0775],[72.9657,3.078],[72.9661,3.0785],[72.9673,3.08],[72.9674,3.0804],[72.9672,3.0808],[72.9661,3.0807],[72.9657,3.0807]]],[[[73.6388,3.0788],[73.6392,3.0789],[73.6398,3.0804],[73.64,3.082],[73.6397,3.0821],[73.6396,3.0822],[73.6399,3.0823],[73.6399,3.0825],[73.6396,3.0828],[73.6393,3.0832],[73.6391,3.084],[73.6386,3.0841],[73.6381,3.0836],[73.6376,3.0829],[73.6375,3.0826],[73.6374,3.08],[73.6375,3.0796],[73.6375,3.0792],[73.6375,3.079],[73.6375,3.0788],[73.6375,3.0787],[73.6375,3.0783],[73.6379,3.0782],[73.6381,3.0783],[73.6382,3.0783],[73.6383,3.0783],[73.6388,3.0788]]],[[[73.6389,3.0858],[73.6391,3.0862],[73.64,3.0872],[73.641,3.0888],[73.6414,3.0897],[73.6414,3.0904],[73.6413,3.0905],[73.6412,3.0907],[73.6412,3.0908],[73.641,3.0912],[73.6407,3.0916],[73.6403,3.0919],[73.6402,3.0919],[73.6401,3.092],[73.6394,3.0925],[73.6388,3.0926],[73.6381,3.0929],[73.6373,3.0924],[73.637,3.0921],[73.637,3.0913],[73.6372,3.0909],[73.6373,3.0908],[73.6374,3.0904],[73.6378,3.0896],[73.638,3.0885],[73.6382,3.0879],[73.6383,3.0879],[73.6383,3.0868],[73.6382,3.086],[73.6381,3.0854],[73.6385,3.0852],[73.6389,3.0858]]],[[[73.5744,3.1071],[73.5737,3.107],[73.5731,3.107],[73.5729,3.1066],[73.5722,3.1054],[73.5724,3.1048],[73.5722,3.104],[73.5718,3.1034],[73.5719,3.103],[73.5721,3.1028],[73.5723,3.1027],[73.5724,3.1025],[73.5725,3.1027],[73.5726,3.1027],[73.5731,3.1036],[73.5732,3.1037],[73.5732,3.1038],[73.5739,3.105],[73.5743,3.1055],[73.5744,3.1066],[73.5744,3.1071]]],[[[73.5641,3.1112],[73.5641,3.1113],[73.564,3.1112],[73.5641,3.1112]]],[[[73.5641,3.1112],[73.5644,3.1109],[73.5653,3.1101],[73.5658,3.1101],[73.5663,3.1101],[73.5667,3.1104],[73.5673,3.1111],[73.5673,3.1119],[73.5669,3.1122],[73.5666,3.1126],[73.566,3.1129],[73.5651,3.1136],[73.5647,3.1138],[73.5642,3.1133],[73.5639,3.1132],[73.5638,3.1129],[73.5643,3.1117],[73.5644,3.1113],[73.5641,3.1112]]],[[[72.9874,3.1154],[72.9872,3.1164],[72.9871,3.1167],[72.987,3.1171],[72.9869,3.1175],[72.9864,3.1183],[72.986,3.1192],[72.985,3.1208],[72.9846,3.1212],[72.9842,3.1216],[72.9834,3.1214],[72.9824,3.1211],[72.9823,3.1209],[72.9821,3.1208],[72.982,3.1206],[72.9818,3.1206],[72.9816,3.1203],[72.9813,3.1198],[72.9812,3.1193],[72.9816,3.1188],[72.9821,3.1177],[72.9819,3.1174],[72.9818,3.1172],[72.9825,3.1169],[72.9833,3.1164],[72.9851,3.1156],[72.9869,3.1151],[72.9874,3.1154]]],[[[73.0183,3.1341],[73.0182,3.1342],[73.0181,3.134],[73.0182,3.1339],[73.0183,3.1341]]],[[[73.4352,3.1755],[73.435,3.1757],[73.4347,3.1755],[73.4353,3.1754],[73.4352,3.1755]]],[[[73.4447,3.1761],[73.4451,3.1762],[73.4443,3.1763],[73.4443,3.1761],[73.4446,3.1761],[73.4447,3.1761]]],[[[73.4415,3.1766],[73.4414,3.1758],[73.442,3.1758],[73.4421,3.1759],[73.4436,3.176],[73.4439,3.1763],[73.4429,3.1764],[73.4424,3.1766],[73.442,3.1765],[73.4415,3.1766]]],[[[73.4517,3.1771],[73.4513,3.1766],[73.4501,3.1765],[73.4498,3.1765],[73.4504,3.1763],[73.4504,3.1764],[73.4528,3.1765],[73.4531,3.1765],[73.4537,3.1767],[73.4542,3.1766],[73.4544,3.1766],[73.4555,3.1769],[73.4558,3.177],[73.4552,3.177],[73.4547,3.177],[73.4543,3.177],[73.4542,3.177],[73.454,3.177],[73.4537,3.177],[73.4534,3.177],[73.453,3.177],[73.4525,3.177],[73.4517,3.1771]]],[[[73.4571,3.1772],[73.4564,3.177],[73.4572,3.177],[73.4571,3.1772]]],[[[73.0395,3.2116],[73.0398,3.2117],[73.0399,3.2122],[73.0398,3.2123],[73.0397,3.213],[73.0395,3.2139],[73.0392,3.2143],[73.039,3.2144],[73.039,3.2145],[73.0381,3.2149],[73.0373,3.2146],[73.0365,3.2144],[73.0358,3.2142],[73.035,3.214],[73.0345,3.2137],[73.0341,3.2132],[73.0341,3.2125],[73.0349,3.2124],[73.036,3.2123],[73.0362,3.2122],[73.0365,3.2122],[73.0366,3.2121],[73.0371,3.2119],[73.0377,3.2115],[73.0389,3.2114],[73.0395,3.2116]]],[[[73.4267,3.2211],[73.4264,3.2213],[73.4263,3.2211],[73.4263,3.221],[73.4264,3.221],[73.4264,3.2209],[73.4265,3.2209],[73.4267,3.2209],[73.4267,3.2211]]],[[[72.8362,3.2423],[72.8363,3.2424],[72.8364,3.2427],[72.8362,3.2432],[72.8358,3.2435],[72.8353,3.2433],[72.8351,3.243],[72.8353,3.2426],[72.8357,3.2423],[72.8361,3.2423],[72.8362,3.2423]]],[[[72.9796,3.2433],[72.9794,3.2436],[72.9789,3.2435],[72.9786,3.2433],[72.9789,3.243],[72.9794,3.243],[72.9796,3.2433]]],[[[72.8362,3.2437],[72.8356,3.2438],[72.8354,3.2437],[72.8361,3.2436],[72.8362,3.2435],[72.8362,3.2437]]],[[[72.8197,3.2573],[72.8196,3.2573],[72.8195,3.2575],[72.8193,3.2576],[72.8193,3.2577],[72.8192,3.2573],[72.8193,3.2572],[72.8193,3.2571],[72.8193,3.2566],[72.8194,3.2566],[72.8193,3.2561],[72.8189,3.2551],[72.8182,3.2543],[72.8176,3.2541],[72.817,3.2533],[72.8169,3.2522],[72.817,3.2518],[72.8173,3.2511],[72.8178,3.2516],[72.8182,3.2524],[72.8183,3.2527],[72.8184,3.2527],[72.8184,3.2528],[72.8185,3.2528],[72.819,3.2534],[72.8194,3.2541],[72.8194,3.2542],[72.8195,3.2543],[72.8196,3.2545],[72.8199,3.2549],[72.8204,3.2553],[72.8202,3.2558],[72.8201,3.2561],[72.82,3.2562],[72.82,3.2565],[72.8197,3.2573]]],[[[72.9291,3.2583],[72.9289,3.2585],[72.929,3.2587],[72.9289,3.2587],[72.9288,3.2585],[72.9289,3.2581],[72.9291,3.2583]]],[[[73.0037,3.2681],[73.0042,3.269],[73.0044,3.2698],[73.0043,3.2705],[73.0039,3.2711],[73.0035,3.2714],[73.0032,3.2718],[73.0016,3.2717],[73.0009,3.2713],[72.9999,3.2709],[73.0001,3.27],[73.0003,3.2699],[73.0005,3.2692],[73.0011,3.2688],[73.0018,3.2686],[73.0019,3.268],[73.0025,3.268],[73.003,3.268],[73.0032,3.2679],[73.0032,3.268],[73.0037,3.2681]]],[[[73.4513,3.2733],[73.4511,3.2736],[73.4505,3.2738],[73.4502,3.2737],[73.451,3.2733],[73.4514,3.2732],[73.4513,3.2733]]],[[[73.4502,3.2738],[73.4499,3.274],[73.4491,3.2742],[73.4492,3.274],[73.4501,3.2737],[73.4502,3.2738]]],[[[73.4487,3.2746],[73.4484,3.2749],[73.4474,3.2753],[73.4467,3.2755],[73.4465,3.2756],[73.4462,3.2757],[73.4458,3.2758],[73.4457,3.2759],[73.4454,3.276],[73.4452,3.2762],[73.4449,3.2763],[73.4443,3.2765],[73.4439,3.2769],[73.4433,3.277],[73.4429,3.2771],[73.4425,3.2773],[73.442,3.2775],[73.4418,3.2776],[73.4413,3.2778],[73.441,3.2779],[73.4402,3.2781],[73.4398,3.2783],[73.4383,3.2785],[73.4386,3.2782],[73.4394,3.278],[73.44,3.2777],[73.4403,3.2776],[73.4408,3.2774],[73.4424,3.2767],[73.4432,3.2765],[73.4438,3.2763],[73.4445,3.276],[73.4452,3.2757],[73.4459,3.2753],[73.4481,3.2745],[73.4485,3.2743],[73.4489,3.2742],[73.4487,3.2746]]],[[[73.4368,3.2791],[73.4363,3.2791],[73.4366,3.279],[73.4368,3.279],[73.4368,3.2791]]],[[[73.4699,3.3161],[73.4698,3.3162],[73.4693,3.316],[73.4691,3.3161],[73.4687,3.3159],[73.4688,3.3153],[73.4691,3.3145],[73.4699,3.3136],[73.4706,3.3136],[73.4706,3.3136],[73.4711,3.314],[73.4713,3.3146],[73.471,3.3155],[73.4705,3.3155],[73.4701,3.3158],[73.4699,3.3161]]],[[[73.5218,3.3424],[73.5227,3.3432],[73.5229,3.3435],[73.5214,3.3434],[73.5208,3.3434],[73.5206,3.3434],[73.5206,3.3433],[73.5205,3.3432],[73.5211,3.3428],[73.5215,3.3424],[73.5218,3.3424]]],[[[73.6411,3.3599],[73.6407,3.36],[73.6406,3.3596],[73.641,3.3596],[73.6411,3.3599]]],[[[73.7593,3.4499],[73.7594,3.4506],[73.7593,3.4515],[73.7594,3.4515],[73.7594,3.452],[73.7592,3.4521],[73.7593,3.4522],[73.7594,3.4536],[73.7592,3.4545],[73.7589,3.4558],[73.7588,3.456],[73.7587,3.4564],[73.7585,3.4572],[73.7583,3.4578],[73.7582,3.4582],[73.7581,3.4587],[73.7579,3.4585],[73.7581,3.4571],[73.7583,3.4549],[73.7584,3.4544],[73.7585,3.4537],[73.7586,3.4527],[73.7587,3.4518],[73.7591,3.4499],[73.7593,3.4499]]],[[[73.5526,3.4631],[73.552,3.4635],[73.551,3.4636],[73.551,3.464],[73.5508,3.4633],[73.5493,3.463],[73.5492,3.4634],[73.5491,3.4633],[73.5486,3.463],[73.5481,3.4626],[73.5482,3.4604],[73.5484,3.4602],[73.5484,3.4602],[73.5487,3.4603],[73.549,3.4605],[73.5495,3.4607],[73.5501,3.461],[73.5507,3.461],[73.551,3.4612],[73.5517,3.4619],[73.5521,3.4623],[73.5526,3.4628],[73.5526,3.4631]]],[[[73.5472,3.4703],[73.5478,3.4705],[73.5488,3.4709],[73.5495,3.4715],[73.5494,3.4724],[73.5491,3.4729],[73.5488,3.4733],[73.5482,3.4735],[73.5474,3.4737],[73.5464,3.4734],[73.5461,3.4731],[73.5456,3.4727],[73.5454,3.4718],[73.5452,3.4714],[73.5447,3.4713],[73.5447,3.4711],[73.5452,3.4706],[73.5461,3.4703],[73.5471,3.4703],[73.5472,3.4703]]],[[[72.8287,3.4766],[72.8277,3.4764],[72.8275,3.4764],[72.8271,3.4763],[72.8261,3.476],[72.8249,3.476],[72.8239,3.4757],[72.8229,3.4756],[72.8206,3.4755],[72.8215,3.4745],[72.8224,3.4743],[72.8232,3.4742],[72.8234,3.4743],[72.8234,3.4742],[72.8239,3.4742],[72.824,3.4742],[72.8243,3.4742],[72.8243,3.4743],[72.8266,3.4744],[72.8276,3.4745],[72.8279,3.4744],[72.8288,3.4754],[72.8287,3.4766]],[[72.8243,3.4753],[72.8243,3.4755],[72.8249,3.4756],[72.8249,3.4755],[72.825,3.4755],[72.8248,3.4752],[72.8245,3.4752],[72.8243,3.4753]],[[72.8251,3.4755],[72.8252,3.4755],[72.8252,3.4754],[72.8252,3.4754],[72.8252,3.4752],[72.8251,3.475],[72.825,3.475],[72.825,3.4751],[72.8251,3.4755]]],[[[72.8559,3.4781],[72.8554,3.4787],[72.8549,3.4789],[72.8544,3.4788],[72.8536,3.4783],[72.8535,3.4762],[72.8538,3.4745],[72.8539,3.4729],[72.8543,3.4723],[72.8553,3.4715],[72.8556,3.4716],[72.8558,3.4717],[72.8559,3.4716],[72.856,3.4717],[72.8563,3.4716],[72.8567,3.4719],[72.8569,3.4725],[72.8568,3.4737],[72.8563,3.4752],[72.8561,3.4761],[72.856,3.4776],[72.856,3.4776],[72.856,3.4779],[72.8559,3.4779],[72.8559,3.4781]]],[[[72.8425,3.4811],[72.8419,3.4815],[72.8417,3.4817],[72.8413,3.482],[72.8403,3.4822],[72.8398,3.4811],[72.8396,3.4808],[72.8387,3.4805],[72.8372,3.4803],[72.836,3.48],[72.8356,3.4798],[72.8354,3.4797],[72.8344,3.4795],[72.8338,3.479],[72.8335,3.4787],[72.8333,3.4785],[72.8318,3.4777],[72.8309,3.4769],[72.8308,3.4766],[72.8305,3.4764],[72.8305,3.4766],[72.8305,3.4766],[72.8304,3.4768],[72.8303,3.4765],[72.8305,3.4764],[72.8305,3.4758],[72.8307,3.4735],[72.8305,3.473],[72.8303,3.473],[72.8297,3.4723],[72.8257,3.472],[72.8257,3.4712],[72.8259,3.4697],[72.8264,3.4695],[72.8294,3.4697],[72.8311,3.4698],[72.8339,3.47],[72.8349,3.4701],[72.8349,3.4702],[72.8349,3.4701],[72.8353,3.4701],[72.8353,3.4702],[72.8355,3.4701],[72.8364,3.47],[72.8372,3.4702],[72.838,3.4703],[72.8381,3.4703],[72.8382,3.4702],[72.8387,3.4703],[72.8388,3.4703],[72.8388,3.4703],[72.8398,3.4703],[72.8398,3.4703],[72.8401,3.4702],[72.841,3.4704],[72.8413,3.4705],[72.8414,3.4705],[72.8425,3.4704],[72.8427,3.4704],[72.8427,3.4703],[72.8431,3.4704],[72.8441,3.4711],[72.8446,3.4715],[72.8446,3.472],[72.8447,3.472],[72.8447,3.472],[72.8448,3.472],[72.8448,3.4721],[72.8449,3.4722],[72.8452,3.4725],[72.8455,3.4732],[72.8456,3.4739],[72.8456,3.4743],[72.8453,3.4754],[72.8451,3.4755],[72.845,3.4751],[72.8446,3.4749],[72.8445,3.4748],[72.8436,3.4746],[72.8434,3.4746],[72.8433,3.4746],[72.8431,3.475],[72.8428,3.4759],[72.8424,3.4769],[72.8422,3.4776],[72.842,3.4782],[72.8415,3.4792],[72.8414,3.4798],[72.8414,3.48],[72.842,3.4801],[72.8425,3.4802],[72.8426,3.4803],[72.8429,3.4803],[72.8431,3.4805],[72.8429,3.4807],[72.8428,3.4809],[72.8428,3.4809],[72.8427,3.4809],[72.8427,3.481],[72.8426,3.481],[72.8425,3.4811]]],[[[72.7902,3.4849],[72.7897,3.485],[72.7896,3.4849],[72.7897,3.4849],[72.7897,3.4848],[72.7898,3.4848],[72.7898,3.4847],[72.7902,3.4845],[72.7905,3.4848],[72.7902,3.4849]]],[[[72.7988,3.4849],[72.7976,3.485],[72.7954,3.4851],[72.7948,3.4851],[72.7941,3.485],[72.7943,3.4835],[72.7943,3.4831],[72.7945,3.4827],[72.7947,3.4825],[72.7951,3.4823],[72.7952,3.4825],[72.7955,3.4823],[72.796,3.4823],[72.796,3.4822],[72.7967,3.4821],[72.7969,3.4823],[72.7971,3.4822],[72.7978,3.4825],[72.7984,3.4826],[72.7993,3.4825],[72.8001,3.4823],[72.8005,3.4823],[72.8005,3.4822],[72.8005,3.4822],[72.8006,3.4821],[72.8006,3.4822],[72.8011,3.4819],[72.8015,3.482],[72.8016,3.482],[72.802,3.4819],[72.8023,3.4818],[72.8024,3.4817],[72.8027,3.4817],[72.8029,3.4817],[72.8029,3.4815],[72.803,3.4817],[72.8031,3.4817],[72.8032,3.4815],[72.8042,3.4812],[72.8044,3.4813],[72.8045,3.4814],[72.8048,3.4815],[72.8056,3.4818],[72.8057,3.4819],[72.806,3.4818],[72.8066,3.482],[72.8066,3.4819],[72.8068,3.4819],[72.8068,3.482],[72.807,3.4819],[72.8076,3.4821],[72.8076,3.4822],[72.8077,3.4822],[72.8081,3.4822],[72.8081,3.4823],[72.8084,3.4822],[72.8085,3.4823],[72.8085,3.4822],[72.8089,3.4822],[72.8089,3.4823],[72.8093,3.4821],[72.8104,3.482],[72.8106,3.4821],[72.8101,3.4822],[72.8096,3.4825],[72.8088,3.483],[72.8086,3.4835],[72.8082,3.4837],[72.8071,3.484],[72.807,3.4839],[72.8065,3.4841],[72.8061,3.4842],[72.8059,3.4842],[72.8056,3.4843],[72.8055,3.4845],[72.8053,3.4846],[72.805,3.4844],[72.805,3.4845],[72.8049,3.4845],[72.8047,3.4846],[72.8044,3.4847],[72.8042,3.4847],[72.804,3.4848],[72.804,3.4848],[72.8036,3.4848],[72.8033,3.4849],[72.8026,3.4851],[72.8011,3.485],[72.7999,3.4848],[72.7988,3.4849]]],[[[72.8824,3.4871],[72.8821,3.4871],[72.882,3.487],[72.8818,3.4869],[72.8812,3.4865],[72.8802,3.4856],[72.8797,3.4854],[72.8793,3.4853],[72.8793,3.4854],[72.8792,3.4854],[72.8791,3.4854],[72.8775,3.4846],[72.877,3.4855],[72.8762,3.485],[72.8756,3.4848],[72.8754,3.4848],[72.8756,3.4843],[72.8758,3.4834],[72.8751,3.4827],[72.8751,3.4824],[72.8747,3.4821],[72.8745,3.4816],[72.8745,3.4812],[72.8748,3.4811],[72.8761,3.4816],[72.8763,3.4817],[72.8765,3.4818],[72.8774,3.4823],[72.879,3.4838],[72.8792,3.484],[72.8795,3.484],[72.8801,3.4845],[72.8807,3.4855],[72.8816,3.4862],[72.882,3.4868],[72.8822,3.4869],[72.8824,3.4871]]],[[[72.8824,3.4871],[72.8825,3.4872],[72.8824,3.4872],[72.8824,3.4871]]],[[[73.5403,3.4878],[73.5407,3.4884],[73.5409,3.4888],[73.5405,3.4896],[73.5403,3.4897],[73.5399,3.4897],[73.5393,3.4893],[73.5382,3.4884],[73.5379,3.488],[73.5376,3.4878],[73.5373,3.4876],[73.5365,3.4869],[73.5357,3.4863],[73.5358,3.4859],[73.5364,3.4858],[73.5373,3.486],[73.5381,3.4866],[73.5382,3.4866],[73.5386,3.4867],[73.5391,3.4872],[73.5396,3.4875],[73.5399,3.4873],[73.54,3.4873],[73.5403,3.4878]]],[[[72.7846,3.4909],[72.7841,3.4908],[72.7837,3.4908],[72.7832,3.4908],[72.7825,3.4906],[72.7822,3.4905],[72.7819,3.4904],[72.7816,3.4904],[72.7806,3.4904],[72.7805,3.4904],[72.7804,3.4904],[72.7802,3.4905],[72.7801,3.4905],[72.7799,3.4906],[72.7798,3.4909],[72.7791,3.4909],[72.7795,3.4908],[72.7796,3.4906],[72.7796,3.4905],[72.7797,3.4905],[72.7798,3.4903],[72.78,3.4904],[72.7801,3.4902],[72.7802,3.4901],[72.7802,3.49],[72.7803,3.49],[72.7804,3.4899],[72.7809,3.4895],[72.7811,3.4895],[72.7814,3.4893],[72.7823,3.4888],[72.7838,3.4879],[72.785,3.4874],[72.7854,3.4873],[72.7861,3.4876],[72.787,3.4881],[72.7876,3.4885],[72.7876,3.4884],[72.7878,3.4884],[72.7877,3.4888],[72.7876,3.4889],[72.7869,3.4896],[72.7866,3.49],[72.7846,3.4909]]],[[[72.779,3.491],[72.7789,3.4909],[72.7791,3.4909],[72.779,3.491]]],[[[73.5335,3.4932],[73.5337,3.4936],[73.5335,3.4937],[73.5333,3.4937],[73.5329,3.4936],[73.5323,3.4934],[73.5323,3.4931],[73.533,3.4928],[73.5335,3.4932]]],[[[72.7616,3.4941],[72.7617,3.4941],[72.7617,3.4942],[72.7617,3.4944],[72.7611,3.4945],[72.7612,3.4942],[72.7615,3.494],[72.7616,3.4941]]],[[[73.5298,3.4997],[73.5299,3.4993],[73.5301,3.4991],[73.5301,3.4989],[73.5299,3.499],[73.5297,3.4993],[73.529,3.4994],[73.5289,3.4989],[73.5295,3.4981],[73.53,3.4978],[73.5302,3.4978],[73.5304,3.4978],[73.5307,3.498],[73.5306,3.4981],[73.5304,3.4984],[73.5301,3.4983],[73.53,3.4983],[73.53,3.4986],[73.5304,3.4986],[73.5309,3.4987],[73.5309,3.499],[73.5302,3.4993],[73.5298,3.4997],[73.5298,3.4997]]],[[[73.5298,3.4997],[73.5298,3.4998],[73.5297,3.4997],[73.5298,3.4997]]],[[[73.5295,3.5],[73.5291,3.5001],[73.5292,3.4998],[73.5294,3.4997],[73.5295,3.5]]],[[[72.8926,3.4947],[72.8929,3.4951],[72.8932,3.4952],[72.8949,3.4968],[72.8953,3.4973],[72.8954,3.4973],[72.8954,3.4974],[72.8955,3.4974],[72.8955,3.4975],[72.8956,3.4975],[72.8956,3.4976],[72.8958,3.4976],[72.8967,3.4984],[72.8968,3.4987],[72.8971,3.4989],[72.8972,3.4991],[72.8973,3.4991],[72.8973,3.4992],[72.8974,3.4992],[72.8974,3.4993],[72.8975,3.4993],[72.8975,3.4994],[72.8976,3.4994],[72.8977,3.4995],[72.8977,3.4995],[72.8977,3.4996],[72.8978,3.4996],[72.8979,3.4996],[72.8979,3.4997],[72.8981,3.4998],[72.8982,3.5],[72.8983,3.5001],[72.8988,3.5007],[72.8988,3.5008],[72.8993,3.5012],[72.9,3.5021],[72.8998,3.5023],[72.8979,3.5007],[72.897,3.5002],[72.8963,3.4996],[72.896,3.4994],[72.8959,3.4993],[72.8955,3.4992],[72.8952,3.4989],[72.8947,3.4985],[72.8944,3.4979],[72.8942,3.4976],[72.8936,3.4966],[72.893,3.4958],[72.8929,3.4956],[72.8928,3.4955],[72.8925,3.4951],[72.8922,3.4948],[72.8922,3.4944],[72.8926,3.4947]]],[[[72.9202,3.5208],[72.9209,3.5218],[72.9213,3.5224],[72.9222,3.5233],[72.9226,3.524],[72.9232,3.5247],[72.9234,3.525],[72.9238,3.5256],[72.9241,3.526],[72.9241,3.5261],[72.9244,3.5265],[72.9247,3.5268],[72.925,3.5271],[72.9264,3.5294],[72.927,3.5301],[72.9271,3.5303],[72.928,3.5317],[72.928,3.5319],[72.9287,3.5329],[72.9292,3.5335],[72.93,3.5348],[72.9304,3.5355],[72.9314,3.5373],[72.9318,3.538],[72.9319,3.5384],[72.9317,3.5387],[72.9316,3.5394],[72.9317,3.5403],[72.9315,3.5405],[72.931,3.5404],[72.9306,3.5402],[72.9305,3.5398],[72.9302,3.5395],[72.9299,3.539],[72.9288,3.5378],[72.9279,3.5361],[72.9272,3.5344],[72.9269,3.5338],[72.9262,3.5323],[72.926,3.5315],[72.9258,3.5311],[72.9256,3.5304],[72.9252,3.5298],[72.9247,3.529],[72.9246,3.5289],[72.9245,3.5286],[72.9244,3.5283],[72.9237,3.5272],[72.9236,3.5268],[72.9231,3.5257],[72.923,3.5255],[72.9227,3.5253],[72.9224,3.525],[72.922,3.524],[72.9213,3.5231],[72.9207,3.522],[72.9199,3.5209],[72.9199,3.5205],[72.9202,3.5208]]],[[[72.7205,3.5425],[72.7206,3.5425],[72.7207,3.5428],[72.7207,3.543],[72.7208,3.543],[72.7208,3.5431],[72.7208,3.5432],[72.7209,3.5432],[72.7209,3.5435],[72.7208,3.544],[72.7206,3.5445],[72.7205,3.545],[72.7199,3.5457],[72.7196,3.5457],[72.7193,3.5461],[72.7188,3.5463],[72.7186,3.5462],[72.7188,3.546],[72.7187,3.5455],[72.719,3.5448],[72.7196,3.5428],[72.7202,3.5423],[72.7205,3.5425]]],[[[73.3848,3.5626],[73.3847,3.5627],[73.3841,3.5634],[73.3838,3.5634],[73.3843,3.5628],[73.3849,3.5623],[73.3848,3.5626]]],[[[72.7203,3.5691],[72.7205,3.5695],[72.7207,3.5698],[72.7208,3.57],[72.7208,3.57],[72.7209,3.5701],[72.7209,3.5704],[72.7206,3.5708],[72.7202,3.5709],[72.7197,3.5713],[72.719,3.5716],[72.7176,3.5717],[72.7168,3.5714],[72.7165,3.5711],[72.7166,3.5703],[72.717,3.5697],[72.7179,3.5696],[72.7184,3.5694],[72.7192,3.5689],[72.7195,3.5688],[72.7203,3.5691]]],[[[72.9119,3.5733],[72.9119,3.5735],[72.9114,3.5741],[72.9113,3.5744],[72.9108,3.5747],[72.9105,3.5746],[72.9099,3.5744],[72.91,3.5736],[72.9105,3.5735],[72.9112,3.5732],[72.9118,3.573],[72.9119,3.5733]]],[[[72.9033,3.5781],[72.9028,3.5786],[72.9023,3.5795],[72.9021,3.5796],[72.902,3.5797],[72.9013,3.5798],[72.9012,3.5797],[72.9013,3.5788],[72.9015,3.5783],[72.9015,3.578],[72.9017,3.578],[72.9018,3.5778],[72.9025,3.5776],[72.9028,3.5778],[72.9028,3.5777],[72.9029,3.5778],[72.9031,3.5779],[72.9033,3.5781]]],[[[73.3884,3.5861],[73.3882,3.5864],[73.388,3.5868],[73.3873,3.5876],[73.387,3.5882],[73.3864,3.5884],[73.3864,3.588],[73.3868,3.5876],[73.3869,3.5874],[73.3876,3.5865],[73.3881,3.586],[73.3884,3.586],[73.3884,3.5861]]],[[[73.386,3.589],[73.3858,3.5889],[73.3862,3.5886],[73.386,3.589]]],[[[73.4102,3.5925],[73.4099,3.5925],[73.4097,3.5927],[73.4092,3.5927],[73.4091,3.5926],[73.4099,3.5924],[73.4102,3.5923],[73.4102,3.5925]]],[[[72.8836,3.5947],[72.8831,3.5947],[72.8831,3.5946],[72.8831,3.5945],[72.8829,3.5944],[72.8829,3.5942],[72.8829,3.5938],[72.8828,3.5937],[72.8829,3.5934],[72.8831,3.5932],[72.8831,3.5931],[72.8832,3.5931],[72.8836,3.5928],[72.8841,3.593],[72.8843,3.5934],[72.8843,3.5938],[72.8844,3.594],[72.8845,3.5944],[72.8841,3.5945],[72.884,3.5946],[72.8839,3.5946],[72.8836,3.5947]]],[[[73.4986,3.5925],[73.4987,3.5926],[73.4989,3.5927],[73.4994,3.5934],[73.4992,3.5945],[73.4988,3.5951],[73.4981,3.595],[73.4976,3.5949],[73.4975,3.5947],[73.4971,3.5944],[73.4968,3.5939],[73.4969,3.5932],[73.4973,3.5927],[73.4976,3.5925],[73.4978,3.5924],[73.4979,3.5922],[73.4983,3.5921],[73.4986,3.5925]]],[[[72.901,3.6085],[72.9008,3.6087],[72.8997,3.6086],[72.8996,3.6084],[72.8996,3.6083],[72.8996,3.6082],[72.8997,3.6082],[72.9,3.6076],[72.9001,3.6073],[72.9003,3.6068],[72.9004,3.6068],[72.901,3.6078],[72.9011,3.6081],[72.901,3.6085]]],[[[72.956,3.6037],[72.9565,3.6046],[72.9566,3.6053],[72.957,3.6067],[72.9575,3.6069],[72.9577,3.6077],[72.9578,3.6084],[72.9578,3.609],[72.9576,3.6092],[72.9574,3.6094],[72.9568,3.6108],[72.9563,3.6111],[72.9558,3.611],[72.9553,3.6107],[72.9548,3.6104],[72.9541,3.6099],[72.9538,3.6094],[72.9538,3.6082],[72.954,3.6072],[72.9543,3.6064],[72.9546,3.6053],[72.9549,3.6041],[72.9554,3.6034],[72.9556,3.6034],[72.9557,3.6033],[72.956,3.6037]]],[[[72.7282,3.6102],[72.7283,3.6113],[72.7285,3.6115],[72.7284,3.6118],[72.7275,3.6119],[72.7269,3.6115],[72.7268,3.6113],[72.7269,3.611],[72.7268,3.6103],[72.727,3.61],[72.728,3.6099],[72.7282,3.6102]]],[[[72.7174,3.6159],[72.717,3.6159],[72.7169,3.6158],[72.7174,3.6154],[72.7177,3.6151],[72.7182,3.6147],[72.7185,3.6144],[72.7188,3.6144],[72.7187,3.6152],[72.7183,3.6156],[72.7181,3.6158],[72.7179,3.6158],[72.7174,3.6159]]],[[[72.9564,3.6192],[72.9561,3.6193],[72.9559,3.6192],[72.9557,3.6192],[72.9552,3.6191],[72.9556,3.619],[72.9557,3.6191],[72.9562,3.6188],[72.9564,3.6188],[72.9565,3.6189],[72.9567,3.6191],[72.9564,3.6192]]],[[[72.78,3.619],[72.7803,3.6192],[72.7804,3.6193],[72.7809,3.6195],[72.781,3.6196],[72.7813,3.62],[72.7808,3.6198],[72.7805,3.6197],[72.7805,3.6196],[72.7804,3.6196],[72.7801,3.6195],[72.78,3.6195],[72.7795,3.6193],[72.7794,3.619],[72.7797,3.6186],[72.78,3.619]]],[[[72.7238,3.6161],[72.7241,3.6162],[72.7246,3.6166],[72.7247,3.6177],[72.7245,3.6182],[72.724,3.6188],[72.7238,3.6192],[72.7237,3.6193],[72.7235,3.6195],[72.7232,3.62],[72.7225,3.62],[72.7221,3.6198],[72.7222,3.6189],[72.7221,3.6182],[72.7223,3.6176],[72.7225,3.6172],[72.7227,3.6167],[72.7234,3.6161],[72.7237,3.616],[72.7238,3.6161]]],[[[73.3776,3.6306],[73.3772,3.6305],[73.3774,3.6303],[73.3776,3.6306]]],[[[72.9592,3.6345],[72.9589,3.6346],[72.9572,3.6344],[72.9569,3.6345],[72.9568,3.6346],[72.9556,3.6345],[72.9556,3.6341],[72.9561,3.6337],[72.9564,3.6334],[72.9569,3.6332],[72.9577,3.633],[72.9588,3.6329],[72.9597,3.6331],[72.9597,3.6331],[72.9598,3.633],[72.9598,3.6331],[72.9607,3.6332],[72.9614,3.6335],[72.9604,3.6341],[72.9596,3.6344],[72.9592,3.6345]]],[[[73.365,3.6373],[73.3649,3.6372],[73.3644,3.6371],[73.3645,3.6366],[73.3651,3.6362],[73.3652,3.6363],[73.3653,3.6362],[73.3656,3.636],[73.366,3.6359],[73.3663,3.6361],[73.3656,3.6366],[73.3655,3.6368],[73.3653,3.6368],[73.3653,3.637],[73.3652,3.637],[73.365,3.6373]]],[[[73.4869,3.6447],[73.4868,3.6446],[73.4869,3.6445],[73.4869,3.6447]]],[[[73.4884,3.6452],[73.4882,3.6455],[73.4879,3.6457],[73.4877,3.6456],[73.4878,3.6454],[73.4873,3.6451],[73.4872,3.6449],[73.4873,3.6448],[73.4872,3.6445],[73.4875,3.6448],[73.4881,3.645],[73.4881,3.6451],[73.4882,3.645],[73.4884,3.6452]]],[[[72.8222,3.6531],[72.8213,3.653],[72.821,3.6526],[72.8213,3.6522],[72.8213,3.6522],[72.8214,3.6522],[72.8214,3.6521],[72.8215,3.6521],[72.8215,3.6519],[72.8217,3.6519],[72.8218,3.6518],[72.8219,3.6517],[72.8222,3.6514],[72.8226,3.6513],[72.8229,3.6513],[72.8231,3.6516],[72.823,3.652],[72.8229,3.6521],[72.823,3.6522],[72.8226,3.6529],[72.8225,3.6529],[72.8224,3.653],[72.8223,3.653],[72.8222,3.6531]]],[[[72.9537,3.6532],[72.9539,3.6533],[72.9543,3.6535],[72.9549,3.6538],[72.9554,3.6543],[72.9549,3.6544],[72.9543,3.6542],[72.9542,3.654],[72.954,3.654],[72.954,3.654],[72.9539,3.654],[72.9539,3.6539],[72.9539,3.6538],[72.9536,3.6537],[72.9535,3.6537],[72.9535,3.6536],[72.9534,3.6536],[72.9528,3.6532],[72.9526,3.653],[72.9528,3.6528],[72.9537,3.6532]]],[[[72.7749,3.6664],[72.7751,3.6666],[72.7753,3.6668],[72.7752,3.667],[72.775,3.6673],[72.7742,3.667],[72.7743,3.6664],[72.7749,3.6664],[72.7749,3.6664]]],[[[72.9028,3.6699],[72.9026,3.67],[72.9025,3.6697],[72.9027,3.6697],[72.9028,3.6699]]],[[[73.4155,3.6795],[73.4162,3.6795],[73.4169,3.6798],[73.4177,3.68],[73.4185,3.6804],[73.4187,3.6808],[73.4182,3.6813],[73.4176,3.6814],[73.4137,3.6812],[73.4132,3.681],[73.4131,3.6806],[73.4135,3.68],[73.4142,3.6797],[73.4147,3.6796],[73.4148,3.6795],[73.4152,3.6794],[73.4155,3.6795]]],[[[72.7091,3.7035],[72.7089,3.7037],[72.7088,3.7038],[72.7086,3.7039],[72.7083,3.7039],[72.7079,3.7039],[72.7078,3.7038],[72.7077,3.7035],[72.7077,3.7032],[72.7078,3.7032],[72.7078,3.703],[72.7079,3.7028],[72.7079,3.7026],[72.708,3.7025],[72.708,3.7023],[72.708,3.7021],[72.7081,3.7021],[72.7081,3.7017],[72.7082,3.7016],[72.7082,3.7011],[72.7084,3.6999],[72.7083,3.6992],[72.708,3.6986],[72.7081,3.6973],[72.7082,3.6964],[72.7084,3.6961],[72.7085,3.6948],[72.7085,3.6943],[72.7086,3.6943],[72.7086,3.6934],[72.7086,3.6938],[72.7087,3.6938],[72.7088,3.693],[72.7089,3.693],[72.7093,3.6932],[72.7094,3.6932],[72.7094,3.6933],[72.7101,3.6939],[72.7109,3.6944],[72.7113,3.6949],[72.7116,3.695],[72.712,3.6953],[72.7122,3.6954],[72.7128,3.6959],[72.7126,3.6971],[72.7122,3.6976],[72.7116,3.698],[72.7112,3.6985],[72.7111,3.6987],[72.7108,3.6992],[72.7105,3.7],[72.7101,3.7006],[72.7099,3.7014],[72.7094,3.7022],[72.7094,3.7026],[72.7092,3.7031],[72.7091,3.7035]]],[[[72.7323,3.7391],[72.7317,3.7394],[72.7315,3.7395],[72.7312,3.7394],[72.7312,3.739],[72.7316,3.7387],[72.7316,3.7385],[72.732,3.7384],[72.7322,3.7385],[72.7322,3.7384],[72.7325,3.7385],[72.7327,3.7388],[72.7325,3.7389],[72.7325,3.739],[72.7324,3.739],[72.7323,3.7391]]],[[[72.9702,3.7586],[72.9699,3.7588],[72.9697,3.7586],[72.9672,3.7587],[72.9664,3.7584],[72.9656,3.7578],[72.9649,3.7576],[72.9648,3.7573],[72.9648,3.7573],[72.9648,3.757],[72.9648,3.757],[72.9652,3.7569],[72.9658,3.7566],[72.9664,3.7562],[72.9665,3.7563],[72.9666,3.7565],[72.9687,3.7558],[72.9696,3.7557],[72.9704,3.7557],[72.9712,3.7559],[72.9721,3.7563],[72.9724,3.7564],[72.9731,3.7572],[72.973,3.7575],[72.9725,3.758],[72.9723,3.7582],[72.9721,3.7581],[72.9705,3.7583],[72.9702,3.7586]]],[[[72.9268,3.7761],[72.9257,3.7763],[72.9247,3.7762],[72.9239,3.7759],[72.9233,3.7758],[72.9231,3.7758],[72.9229,3.7758],[72.9234,3.7756],[72.924,3.7752],[72.9249,3.7751],[72.9257,3.7749],[72.9267,3.7749],[72.9267,3.7749],[72.9269,3.775],[72.9271,3.7751],[72.9273,3.7757],[72.9268,3.7761]]],[[[72.7312,3.7856],[72.7313,3.7856],[72.7315,3.7857],[72.7317,3.786],[72.7315,3.7862],[72.7315,3.7864],[72.7312,3.7866],[72.731,3.7867],[72.7308,3.7867],[72.7306,3.7868],[72.7298,3.7869],[72.7298,3.7866],[72.7305,3.7858],[72.7306,3.7857],[72.7306,3.7856],[72.7309,3.7855],[72.7312,3.7856]]],[[[72.9616,3.7929],[72.9612,3.7932],[72.9607,3.7931],[72.96,3.7927],[72.9594,3.7925],[72.9589,3.7923],[72.9587,3.7923],[72.9585,3.7922],[72.9585,3.7921],[72.9584,3.792],[72.9596,3.7914],[72.9603,3.7909],[72.961,3.7905],[72.9622,3.7901],[72.9633,3.7899],[72.964,3.7899],[72.9654,3.7903],[72.9659,3.7906],[72.9662,3.791],[72.9663,3.7911],[72.9664,3.7914],[72.9663,3.7915],[72.9663,3.7916],[72.9663,3.7918],[72.9658,3.7919],[72.9649,3.7924],[72.9639,3.7928],[72.9635,3.793],[72.9629,3.7928],[72.9616,3.7929]]],[[[72.8907,3.7941],[72.89,3.7946],[72.8899,3.7947],[72.8897,3.7948],[72.889,3.795],[72.8884,3.795],[72.8894,3.7944],[72.8903,3.7941],[72.8906,3.7939],[72.8907,3.7941]]],[[[72.7323,3.7974],[72.7321,3.7974],[72.7319,3.7973],[72.7322,3.7972],[72.7323,3.7974]]],[[[73.4119,3.8125],[73.4119,3.8128],[73.4116,3.8127],[73.4115,3.8123],[73.4118,3.8122],[73.4119,3.8125]]],[[[73.4119,3.8135],[73.4117,3.8134],[73.4119,3.8134],[73.4119,3.8135]]],[[[73.4111,3.812],[73.4113,3.8123],[73.4114,3.8131],[73.4117,3.8136],[73.4114,3.8134],[73.4112,3.8131],[73.4111,3.8128],[73.411,3.8126],[73.4107,3.8122],[73.4105,3.8115],[73.4106,3.8115],[73.4108,3.8115],[73.4108,3.8113],[73.4109,3.8113],[73.411,3.8111],[73.4113,3.8108],[73.4115,3.811],[73.4113,3.8113],[73.4113,3.8114],[73.4114,3.8119],[73.4111,3.812]]],[[[73.4115,3.8137],[73.4114,3.8136],[73.4115,3.8136],[73.4115,3.8137]]],[[[72.8288,3.8193],[72.8286,3.8192],[72.8288,3.8192],[72.8288,3.8193]]],[[[73.4548,3.8475],[73.4546,3.8476],[73.4545,3.8473],[73.4547,3.8473],[73.4548,3.8475]]],[[[73.4549,3.8479],[73.4548,3.8478],[73.455,3.8478],[73.4549,3.8479]]],[[[73.4603,3.8497],[73.4595,3.8498],[73.4594,3.8472],[73.4602,3.8472],[73.4603,3.8497]]],[[[72.9522,3.8505],[72.9516,3.8504],[72.9515,3.8503],[72.9514,3.8503],[72.9514,3.8502],[72.9513,3.8502],[72.9514,3.8501],[72.9513,3.85],[72.9513,3.8497],[72.9516,3.8494],[72.9519,3.8491],[72.9525,3.849],[72.9528,3.8489],[72.9532,3.8487],[72.9533,3.8482],[72.9536,3.8483],[72.9542,3.8482],[72.9556,3.8479],[72.9572,3.8479],[72.9586,3.8481],[72.9592,3.8482],[72.9597,3.8483],[72.9599,3.8485],[72.9599,3.8488],[72.9595,3.8489],[72.9595,3.849],[72.9594,3.849],[72.9594,3.8491],[72.9593,3.8491],[72.9587,3.8493],[72.9583,3.8496],[72.9577,3.8498],[72.9574,3.85],[72.957,3.8497],[72.9562,3.8498],[72.9561,3.8501],[72.9556,3.85],[72.9549,3.8501],[72.9542,3.8504],[72.9536,3.8505],[72.9533,3.8503],[72.9533,3.8504],[72.9531,3.8504],[72.9522,3.8505]]],[[[73.4605,3.8532],[73.4601,3.8531],[73.4601,3.8532],[73.4599,3.8532],[73.4597,3.8531],[73.4598,3.8526],[73.4598,3.8519],[73.4596,3.8514],[73.4595,3.8512],[73.4592,3.8509],[73.4595,3.8509],[73.4595,3.8507],[73.4598,3.8505],[73.46,3.8507],[73.4601,3.8511],[73.4602,3.8513],[73.4602,3.8516],[73.4605,3.8516],[73.4606,3.8519],[73.4608,3.852],[73.4609,3.8522],[73.4608,3.8522],[73.4608,3.8523],[73.4608,3.8524],[73.4608,3.8527],[73.4608,3.8528],[73.4607,3.8528],[73.4607,3.8529],[73.4606,3.853],[73.4605,3.8532]]],[[[73.4554,3.8536],[73.4552,3.8537],[73.4546,3.8536],[73.4547,3.8528],[73.4546,3.8522],[73.4547,3.8516],[73.4548,3.8508],[73.4546,3.85],[73.4547,3.8496],[73.4546,3.8491],[73.4548,3.8484],[73.4551,3.8482],[73.4551,3.8485],[73.4554,3.8488],[73.4558,3.8496],[73.4559,3.8507],[73.4564,3.8519],[73.4571,3.8525],[73.4584,3.8528],[73.4585,3.8534],[73.4582,3.8535],[73.4566,3.8534],[73.456,3.8533],[73.4559,3.8534],[73.4555,3.8534],[73.4554,3.8536]]],[[[73.4577,3.8548],[73.4579,3.8552],[73.4576,3.8559],[73.4573,3.8568],[73.4573,3.8574],[73.4573,3.8576],[73.4574,3.8594],[73.4571,3.8598],[73.457,3.8603],[73.4569,3.8604],[73.4569,3.8605],[73.4568,3.8605],[73.4562,3.8604],[73.456,3.8585],[73.4559,3.8558],[73.4556,3.855],[73.4551,3.8547],[73.455,3.8545],[73.4554,3.8546],[73.4557,3.8546],[73.4561,3.8543],[73.4562,3.8545],[73.4565,3.8546],[73.4571,3.8543],[73.4578,3.8543],[73.4577,3.8548]]],[[[73.4587,3.8698],[73.4586,3.8698],[73.4587,3.8697],[73.4587,3.8698]]],[[[73.4586,3.8733],[73.4586,3.8724],[73.4587,3.8725],[73.4587,3.8724],[73.4587,3.8723],[73.4588,3.8707],[73.4588,3.8703],[73.4588,3.8701],[73.4588,3.87],[73.4588,3.8697],[73.4588,3.8692],[73.4589,3.869],[73.4589,3.8689],[73.459,3.8687],[73.459,3.8689],[73.459,3.869],[73.459,3.8691],[73.4591,3.8692],[73.4592,3.8696],[73.4591,3.8696],[73.4592,3.8698],[73.4592,3.8703],[73.4591,3.8704],[73.4591,3.8706],[73.4591,3.8706],[73.4592,3.8705],[73.4593,3.8711],[73.4591,3.8728],[73.4588,3.8732],[73.4586,3.8731],[73.4586,3.8733]]],[[[73.4592,3.8746],[73.4591,3.8749],[73.4592,3.8749],[73.4592,3.8749],[73.4593,3.8752],[73.4589,3.8756],[73.4588,3.8754],[73.4586,3.8753],[73.4587,3.8742],[73.4592,3.8746]]],[[[72.9545,3.8766],[72.9543,3.8765],[72.9546,3.8758],[72.9547,3.8757],[72.955,3.8751],[72.9552,3.8752],[72.9551,3.8754],[72.9549,3.8758],[72.9549,3.8758],[72.9548,3.8761],[72.9547,3.8762],[72.9547,3.8764],[72.9546,3.8764],[72.9545,3.8766]]],[[[73.3678,3.8762],[73.3682,3.8767],[73.3684,3.8771],[73.3685,3.8774],[73.3686,3.8779],[73.3683,3.8781],[73.3682,3.8781],[73.368,3.8783],[73.3678,3.8782],[73.3674,3.8781],[73.3672,3.8781],[73.3669,3.8779],[73.3664,3.8778],[73.3658,3.8773],[73.3658,3.877],[73.366,3.8766],[73.3663,3.8764],[73.3664,3.8763],[73.3668,3.876],[73.3672,3.8759],[73.3678,3.8762]]],[[[73.3685,3.8783],[73.368,3.8786],[73.3679,3.8784],[73.3682,3.8783],[73.3685,3.8782],[73.3686,3.8782],[73.3685,3.8783]]],[[[72.7273,3.8839],[72.7274,3.8839],[72.7274,3.884],[72.7276,3.8841],[72.7283,3.8844],[72.7286,3.8848],[72.7288,3.8852],[72.7289,3.8853],[72.7291,3.8854],[72.729,3.8856],[72.7288,3.8856],[72.7282,3.8856],[72.7279,3.8855],[72.7267,3.8848],[72.7259,3.8846],[72.7258,3.8844],[72.7265,3.8842],[72.727,3.8841],[72.727,3.884],[72.7273,3.8839],[72.7273,3.8839]]],[[[72.8168,3.8869],[72.817,3.8874],[72.8164,3.8879],[72.8158,3.8876],[72.8155,3.887],[72.8153,3.8869],[72.8155,3.8865],[72.8158,3.8866],[72.8159,3.8865],[72.816,3.8866],[72.8161,3.8866],[72.8163,3.8866],[72.8168,3.8869]]],[[[73.4689,3.8979],[73.4693,3.8984],[73.4696,3.8991],[73.4691,3.8997],[73.469,3.9001],[73.4695,3.9012],[73.4701,3.902],[73.4704,3.9021],[73.4706,3.9024],[73.4705,3.9027],[73.4704,3.9032],[73.4702,3.9036],[73.4698,3.9038],[73.4692,3.9039],[73.4691,3.9039],[73.4691,3.9038],[73.4689,3.9037],[73.4681,3.9033],[73.468,3.9031],[73.4679,3.9031],[73.4679,3.9031],[73.4678,3.9031],[73.4677,3.9031],[73.4677,3.903],[73.4676,3.903],[73.4675,3.903],[73.4675,3.9029],[73.4674,3.9029],[73.4674,3.9028],[73.4669,3.9026],[73.4667,3.9024],[73.4666,3.9024],[73.4666,3.9023],[73.4663,3.9022],[73.4659,3.9016],[73.4658,3.9005],[73.4658,3.9005],[73.4659,3.9003],[73.4662,3.9002],[73.4665,3.8996],[73.4667,3.8982],[73.4673,3.8978],[73.4684,3.8977],[73.4689,3.8979]]],[[[73.3574,3.9028],[73.3586,3.903],[73.3591,3.9034],[73.3593,3.9035],[73.3591,3.9036],[73.3591,3.9036],[73.3583,3.9037],[73.3577,3.9039],[73.3571,3.9038],[73.3565,3.9033],[73.3564,3.9029],[73.357,3.9027],[73.3574,3.9028]]],[[[73.4743,3.9016],[73.4748,3.9018],[73.4752,3.9022],[73.4756,3.9028],[73.4756,3.9034],[73.4752,3.9036],[73.4749,3.9044],[73.475,3.9047],[73.4749,3.905],[73.4744,3.9052],[73.4738,3.9054],[73.4731,3.9051],[73.4729,3.9047],[73.4724,3.9045],[73.4722,3.9029],[73.4721,3.9023],[73.472,3.9019],[73.4722,3.9015],[73.4739,3.9014],[73.4742,3.9014],[73.4743,3.9016]]],[[[73.4729,3.9062],[73.4726,3.9062],[73.4725,3.9061],[73.4728,3.906],[73.4729,3.9062]]],[[[73.4563,3.9136],[73.4567,3.9141],[73.4568,3.9145],[73.4565,3.9147],[73.4565,3.9149],[73.4564,3.9152],[73.4561,3.9157],[73.455,3.9159],[73.4551,3.9151],[73.4551,3.9146],[73.4549,3.9143],[73.4547,3.9137],[73.4547,3.9134],[73.4549,3.9134],[73.4549,3.9133],[73.4554,3.9133],[73.4563,3.9136]]],[[[73.4709,3.9177],[73.4706,3.9176],[73.4705,3.9178],[73.4704,3.9178],[73.4704,3.918],[73.4705,3.9181],[73.4702,3.9182],[73.4702,3.9181],[73.4701,3.9181],[73.4687,3.918],[73.4685,3.9179],[73.4688,3.9178],[73.4689,3.9177],[73.4693,3.9175],[73.47,3.9174],[73.4706,3.9172],[73.4712,3.9177],[73.4709,3.9179],[73.4709,3.9177]]],[[[73.4702,3.9182],[73.4702,3.9183],[73.4698,3.9182],[73.4702,3.9182]]],[[[73.4717,3.9185],[73.4715,3.9183],[73.4716,3.9182],[73.4717,3.9185]]],[[[72.7465,3.9192],[72.7474,3.92],[72.7478,3.9205],[72.7479,3.9206],[72.748,3.9208],[72.7479,3.9208],[72.7478,3.921],[72.7462,3.9213],[72.7448,3.9217],[72.7435,3.9222],[72.7429,3.9225],[72.7426,3.9226],[72.7421,3.9221],[72.742,3.921],[72.742,3.9207],[72.7424,3.9198],[72.743,3.9194],[72.7452,3.9191],[72.7465,3.9192]]],[[[73.4566,3.9206],[73.457,3.9207],[73.4573,3.9211],[73.4574,3.9211],[73.4577,3.9218],[73.4576,3.9218],[73.4576,3.9219],[73.4577,3.9225],[73.4571,3.9235],[73.4568,3.9238],[73.4559,3.9235],[73.4558,3.923],[73.4557,3.9229],[73.4553,3.9223],[73.4551,3.9216],[73.4552,3.9211],[73.4558,3.9207],[73.4565,3.9204],[73.4566,3.9206]]],[[[72.8801,3.9437],[72.8803,3.9438],[72.8797,3.944],[72.8796,3.9437],[72.88,3.9437],[72.8801,3.9437]]],[[[73.491,3.9394],[73.491,3.9396],[73.4911,3.9398],[73.4911,3.9399],[73.4913,3.9405],[73.4928,3.9435],[73.4934,3.9438],[73.4935,3.9442],[73.4936,3.9445],[73.4938,3.9446],[73.4941,3.9449],[73.4941,3.9454],[73.4934,3.9459],[73.4916,3.9457],[73.4912,3.9454],[73.4907,3.9452],[73.4903,3.9444],[73.4899,3.9439],[73.4896,3.9436],[73.4896,3.9433],[73.4896,3.9431],[73.4889,3.9417],[73.4885,3.9416],[73.4884,3.9411],[73.4882,3.9405],[73.4876,3.9394],[73.4873,3.9391],[73.4872,3.9389],[73.487,3.9387],[73.4864,3.9387],[73.4861,3.9386],[73.4855,3.9376],[73.4852,3.9368],[73.4854,3.9362],[73.4869,3.9361],[73.4869,3.9362],[73.4877,3.9363],[73.488,3.9364],[73.4882,3.9367],[73.4889,3.9372],[73.4898,3.9381],[73.4905,3.9392],[73.4909,3.9391],[73.491,3.9394]]],[[[72.9136,3.9587],[72.9138,3.9589],[72.914,3.9592],[72.9139,3.9594],[72.9135,3.9595],[72.913,3.9591],[72.9129,3.9587],[72.9136,3.9587],[72.9136,3.9587]]],[[[73.5061,3.9681],[73.506,3.968],[73.5054,3.968],[73.5053,3.9681],[73.505,3.9679],[73.5049,3.9676],[73.5046,3.9672],[73.5044,3.9669],[73.5052,3.9664],[73.5059,3.9664],[73.5064,3.9667],[73.5065,3.9672],[73.5065,3.9677],[73.5061,3.9681]]],[[[73.5068,3.9711],[73.5069,3.9714],[73.507,3.9714],[73.507,3.9719],[73.5069,3.972],[73.507,3.9721],[73.5066,3.9723],[73.5064,3.9723],[73.5063,3.9723],[73.5063,3.9721],[73.5063,3.9718],[73.5061,3.9718],[73.5061,3.9713],[73.506,3.9712],[73.5061,3.9712],[73.5061,3.971],[73.5062,3.971],[73.5062,3.9709],[73.5066,3.9708],[73.5068,3.9711]]],[[[73.5031,3.9721],[73.5028,3.9724],[73.503,3.9718],[73.5032,3.9717],[73.5031,3.9721]]],[[[73.5018,3.9724],[73.5016,3.9723],[73.5017,3.9721],[73.5019,3.972],[73.5022,3.9714],[73.5022,3.9713],[73.5021,3.9713],[73.5023,3.9712],[73.5023,3.9708],[73.5024,3.9705],[73.5026,3.9702],[73.503,3.9704],[73.5027,3.9705],[73.5028,3.9707],[73.5029,3.971],[73.5028,3.9713],[73.5027,3.9717],[73.5026,3.9721],[73.5025,3.9724],[73.5025,3.9724],[73.5026,3.9729],[73.5024,3.973],[73.5024,3.9732],[73.5023,3.9732],[73.5023,3.9733],[73.5024,3.9734],[73.5023,3.9734],[73.5023,3.9735],[73.5024,3.9735],[73.5023,3.9736],[73.5023,3.9738],[73.5021,3.9738],[73.5021,3.9738],[73.502,3.9738],[73.502,3.9739],[73.5018,3.9739],[73.5016,3.9733],[73.5015,3.973],[73.5016,3.9728],[73.5017,3.9726],[73.5018,3.9724]]],[[[73.5022,3.9746],[73.5017,3.9746],[73.5018,3.9744],[73.5021,3.9744],[73.5022,3.9746]]],[[[73.5069,3.976],[73.5071,3.9762],[73.5074,3.9765],[73.5073,3.9772],[73.5068,3.9774],[73.5063,3.9775],[73.5061,3.9774],[73.5065,3.9769],[73.5063,3.9763],[73.5063,3.976],[73.5068,3.9759],[73.5069,3.976]]],[[[72.7182,3.9877],[72.718,3.9879],[72.7176,3.988],[72.7175,3.9879],[72.7171,3.9876],[72.717,3.9874],[72.7161,3.9869],[72.7154,3.9869],[72.7151,3.9869],[72.7149,3.9868],[72.7148,3.9863],[72.7151,3.9861],[72.7151,3.986],[72.7155,3.9856],[72.7164,3.985],[72.7171,3.9848],[72.7173,3.9849],[72.7174,3.9848],[72.7189,3.9847],[72.7193,3.9846],[72.7207,3.9845],[72.7217,3.9847],[72.7221,3.9848],[72.7223,3.985],[72.7224,3.985],[72.7226,3.9851],[72.7227,3.9851],[72.7227,3.9852],[72.7227,3.9852],[72.7227,3.9853],[72.7229,3.9853],[72.723,3.9853],[72.723,3.9854],[72.7231,3.9855],[72.7231,3.9858],[72.7234,3.9866],[72.7234,3.9866],[72.7235,3.987],[72.7236,3.9877],[72.7231,3.9878],[72.722,3.9878],[72.7212,3.9879],[72.7203,3.9877],[72.7191,3.9878],[72.7188,3.9877],[72.7182,3.9877]]],[[[73.508,3.9927],[73.5078,3.993],[73.5074,3.9929],[73.5073,3.9927],[73.5076,3.9926],[73.5077,3.9925],[73.5079,3.9924],[73.508,3.9927]]],[[[73.5091,3.9884],[73.5095,3.9885],[73.5102,3.9894],[73.5104,3.9902],[73.5101,3.9911],[73.5099,3.9916],[73.5096,3.9917],[73.5094,3.9926],[73.5091,3.9931],[73.5088,3.9934],[73.5088,3.993],[73.5085,3.9926],[73.5085,3.992],[73.508,3.9918],[73.5082,3.9916],[73.5084,3.9913],[73.5083,3.9906],[73.5081,3.9902],[73.508,3.9899],[73.5083,3.9889],[73.5084,3.9887],[73.509,3.9884],[73.5091,3.9884]]],[[[72.8819,4.0021],[72.8821,4.0022],[72.8822,4.0026],[72.8818,4.003],[72.8818,4.003],[72.8816,4.0029],[72.8815,4.0023],[72.8816,4.0021],[72.8816,4.002],[72.8818,4.0019],[72.8819,4.0021]]],[[[72.9497,4.0053],[72.9502,4.0057],[72.9507,4.0063],[72.9503,4.0066],[72.9496,4.0069],[72.9489,4.0069],[72.948,4.0066],[72.9479,4.006],[72.9482,4.0055],[72.9494,4.0053],[72.9497,4.0053],[72.9497,4.0053]]],[[[72.8113,4.0062],[72.8122,4.0069],[72.8124,4.0073],[72.8115,4.0077],[72.8107,4.0078],[72.8104,4.0074],[72.8103,4.0067],[72.8101,4.0064],[72.8101,4.0061],[72.8101,4.006],[72.8102,4.0061],[72.8105,4.006],[72.8113,4.0062]]],[[[73.4033,4.0081],[73.4035,4.0081],[73.4035,4.0082],[73.4037,4.0082],[73.404,4.0087],[73.4039,4.0088],[73.4039,4.0089],[73.4041,4.009],[73.4039,4.0091],[73.4038,4.0093],[73.4036,4.0094],[73.4033,4.0094],[73.4032,4.009],[73.4031,4.0088],[73.403,4.0082],[73.4031,4.0082],[73.4031,4.0081],[73.4032,4.0081],[73.4033,4.008],[73.4033,4.0081]]],[[[73.3843,4.0109],[73.384,4.0109],[73.3843,4.0107],[73.3843,4.0109]]],[[[73.3961,4.0146],[73.3953,4.0148],[73.3948,4.0147],[73.3946,4.0147],[73.3944,4.0147],[73.3942,4.0147],[73.3942,4.0147],[73.3938,4.0147],[73.3921,4.0143],[73.392,4.0143],[73.392,4.0142],[73.392,4.014],[73.392,4.0137],[73.3924,4.0136],[73.3924,4.0137],[73.3926,4.0137],[73.3928,4.0138],[73.393,4.014],[73.3934,4.0141],[73.3938,4.0142],[73.3938,4.0143],[73.3941,4.0143],[73.3941,4.0142],[73.3943,4.0142],[73.3944,4.0144],[73.3945,4.0144],[73.3946,4.0143],[73.3948,4.0143],[73.3948,4.0142],[73.3949,4.0141],[73.3965,4.0138],[73.3969,4.014],[73.3968,4.0141],[73.3968,4.0143],[73.3961,4.0146]]],[[[73.3824,4.015],[73.3824,4.0154],[73.3819,4.0156],[73.3815,4.0152],[73.3815,4.0147],[73.3813,4.0143],[73.3812,4.014],[73.382,4.0137],[73.382,4.0132],[73.3821,4.0125],[73.3828,4.0115],[73.3833,4.011],[73.3837,4.0108],[73.3837,4.0109],[73.3839,4.0109],[73.3837,4.0111],[73.3834,4.0116],[73.3831,4.0123],[73.3832,4.0127],[73.3832,4.0128],[73.3833,4.013],[73.3837,4.0133],[73.3838,4.0139],[73.384,4.0142],[73.3841,4.0143],[73.3842,4.0146],[73.3844,4.0147],[73.3844,4.0147],[73.3844,4.0148],[73.3847,4.0149],[73.3848,4.0152],[73.3844,4.0151],[73.3843,4.0152],[73.384,4.0152],[73.3835,4.0153],[73.383,4.0153],[73.3827,4.0149],[73.3824,4.015]]],[[[72.9192,4.0371],[72.9194,4.0374],[72.9195,4.0374],[72.9196,4.0374],[72.9196,4.0374],[72.9197,4.0375],[72.9198,4.0375],[72.9198,4.0376],[72.9199,4.0376],[72.9199,4.0377],[72.9203,4.0382],[72.9204,4.0385],[72.9203,4.0385],[72.9204,4.0388],[72.9201,4.0395],[72.9199,4.0398],[72.9196,4.0397],[72.9196,4.0396],[72.9195,4.0395],[72.9192,4.0392],[72.9188,4.0379],[72.9188,4.0375],[72.9187,4.0374],[72.9184,4.0372],[72.9187,4.0369],[72.9192,4.0371]]],[[[72.7269,4.0531],[72.7269,4.0532],[72.7265,4.0533],[72.7262,4.0534],[72.7259,4.0535],[72.7257,4.0536],[72.7248,4.0537],[72.7245,4.0533],[72.7237,4.0528],[72.723,4.0525],[72.722,4.0522],[72.7217,4.0521],[72.7211,4.0517],[72.721,4.0515],[72.7209,4.0513],[72.7208,4.051],[72.7214,4.0507],[72.7216,4.0505],[72.722,4.0503],[72.723,4.0491],[72.7237,4.0486],[72.7243,4.0484],[72.7248,4.0485],[72.7249,4.0486],[72.7251,4.0486],[72.7256,4.0489],[72.7259,4.0489],[72.7263,4.0492],[72.7264,4.0494],[72.7264,4.0494],[72.7265,4.0493],[72.7281,4.0494],[72.7283,4.0496],[72.7284,4.0494],[72.7289,4.0494],[72.7302,4.0503],[72.7307,4.0508],[72.7306,4.0514],[72.7302,4.0517],[72.7296,4.0519],[72.7291,4.0521],[72.7285,4.0524],[72.7284,4.0526],[72.7278,4.0529],[72.7274,4.0527],[72.7269,4.0531]]],[[[73.4114,4.0555],[73.4115,4.0558],[73.411,4.0559],[73.4111,4.0553],[73.4112,4.0552],[73.4114,4.0555]]],[[[72.9467,4.0704],[72.946,4.0706],[72.9454,4.0707],[72.9452,4.0707],[72.9449,4.0707],[72.9448,4.0707],[72.9448,4.0705],[72.9445,4.0705],[72.9445,4.0703],[72.9447,4.0703],[72.9449,4.0701],[72.9451,4.0699],[72.9453,4.07],[72.9453,4.0699],[72.9454,4.07],[72.9456,4.0697],[72.9459,4.0699],[72.946,4.0698],[72.9462,4.0701],[72.9465,4.0702],[72.9467,4.0704]]],[[[72.8875,4.0728],[72.8876,4.0728],[72.8876,4.0729],[72.8877,4.073],[72.888,4.0731],[72.8881,4.0737],[72.8879,4.0737],[72.888,4.0739],[72.888,4.074],[72.8881,4.074],[72.8881,4.0742],[72.8882,4.0742],[72.8884,4.0745],[72.8883,4.0748],[72.888,4.0749],[72.8879,4.0749],[72.8879,4.0748],[72.8879,4.0746],[72.8878,4.0745],[72.8877,4.0742],[72.8877,4.074],[72.8874,4.0733],[72.8872,4.0731],[72.8871,4.0729],[72.887,4.0727],[72.8874,4.0726],[72.8875,4.0728]]],[[[73.512,4.0847],[73.5113,4.0847],[73.5112,4.0845],[73.5118,4.0838],[73.5118,4.0838],[73.5119,4.0837],[73.5119,4.0835],[73.5119,4.0834],[73.512,4.0834],[73.512,4.0834],[73.5121,4.0834],[73.5121,4.0833],[73.5122,4.0833],[73.5122,4.083],[73.5127,4.0829],[73.5131,4.0832],[73.5133,4.0836],[73.513,4.084],[73.5129,4.0841],[73.5128,4.0842],[73.5126,4.0843],[73.5126,4.0844],[73.5125,4.0844],[73.512,4.0847]]],[[[73.5234,4.0917],[73.5229,4.0918],[73.5231,4.0912],[73.5235,4.0911],[73.5236,4.0913],[73.5236,4.0914],[73.5235,4.0914],[73.5234,4.0917]]],[[[72.7529,4.0968],[72.7522,4.0969],[72.7519,4.0969],[72.7519,4.0966],[72.7519,4.0966],[72.752,4.0963],[72.7522,4.0959],[72.7529,4.0953],[72.7535,4.0951],[72.7541,4.0953],[72.7542,4.0956],[72.7539,4.0962],[72.7534,4.0966],[72.7529,4.0968]]],[[[73.3996,4.0982],[73.3994,4.0987],[73.399,4.0989],[73.3989,4.0991],[73.3978,4.0992],[73.3974,4.0992],[73.3973,4.0986],[73.3977,4.0981],[73.3984,4.0977],[73.3988,4.0974],[73.3994,4.0973],[73.4009,4.096],[73.4011,4.0959],[73.4011,4.0958],[73.4012,4.0959],[73.4017,4.0957],[73.4021,4.0957],[73.4019,4.0962],[73.4018,4.0966],[73.4019,4.0966],[73.4018,4.0967],[73.4018,4.0968],[73.4017,4.0968],[73.4015,4.0968],[73.4013,4.0968],[73.4012,4.0968],[73.4012,4.0969],[73.4008,4.0972],[73.4004,4.0974],[73.4003,4.0976],[73.4003,4.0977],[73.4003,4.0977],[73.4003,4.0978],[73.4002,4.0978],[73.4002,4.0979],[73.4001,4.0979],[73.3996,4.0982]]],[[[73.5262,4.1018],[73.5261,4.1019],[73.5261,4.102],[73.5261,4.1023],[73.5259,4.1024],[73.5256,4.1029],[73.5255,4.1028],[73.5258,4.1021],[73.526,4.1018],[73.5262,4.1018]]],[[[73.5254,4.1032],[73.5253,4.1031],[73.5255,4.103],[73.5254,4.1032]]],[[[73.5254,4.1032],[73.5255,4.1032],[73.5254,4.1033],[73.5254,4.1032]]],[[[73.5252,4.1036],[73.5251,4.1034],[73.5253,4.1034],[73.5252,4.1036]]],[[[73.5248,4.1056],[73.5247,4.1057],[73.5246,4.1053],[73.5246,4.1049],[73.5246,4.1046],[73.5247,4.1046],[73.5247,4.1044],[73.5247,4.1042],[73.5251,4.1037],[73.5251,4.1039],[73.5252,4.104],[73.5251,4.1047],[73.5252,4.1054],[73.5249,4.1055],[73.5249,4.1055],[73.5248,4.1056]]],[[[72.9376,4.1184],[72.9379,4.1184],[72.9382,4.1187],[72.9381,4.1191],[72.9377,4.1192],[72.9376,4.1185],[72.9375,4.1184],[72.9376,4.1183],[72.9376,4.1184]]],[[[73.4699,4.1205],[73.4692,4.1208],[73.4684,4.1209],[73.4684,4.1209],[73.4673,4.1211],[73.4669,4.121],[73.4667,4.1205],[73.467,4.1197],[73.4676,4.1196],[73.4683,4.1197],[73.469,4.1198],[73.4692,4.1198],[73.4692,4.1197],[73.4694,4.1197],[73.4695,4.1196],[73.4699,4.1198],[73.47,4.1198],[73.47,4.1199],[73.47,4.12],[73.4702,4.1201],[73.4701,4.1203],[73.4701,4.1204],[73.4701,4.1204],[73.4699,4.1205]]],[[[73.4971,4.1212],[73.4969,4.1213],[73.4968,4.121],[73.497,4.121],[73.4971,4.1212]]],[[[73.5187,4.1191],[73.5186,4.1196],[73.5185,4.1203],[73.5187,4.1209],[73.5192,4.1213],[73.5182,4.1218],[73.5183,4.1209],[73.5181,4.1205],[73.5172,4.1202],[73.5178,4.1197],[73.5185,4.1189],[73.5187,4.1188],[73.5187,4.1191]]],[[[73.515,4.1212],[73.515,4.1219],[73.5147,4.1218],[73.5146,4.1213],[73.5141,4.121],[73.513,4.1208],[73.5133,4.1202],[73.5138,4.1204],[73.5142,4.1205],[73.5146,4.1206],[73.515,4.1205],[73.5155,4.1203],[73.5157,4.1206],[73.515,4.1212]]],[[[73.5046,4.1224],[73.5035,4.1222],[73.503,4.1222],[73.5029,4.1214],[73.5024,4.1211],[73.5024,4.121],[73.5032,4.1204],[73.5033,4.1204],[73.5034,4.1206],[73.5034,4.1209],[73.5035,4.1213],[73.5041,4.1217],[73.505,4.1217],[73.5051,4.1219],[73.5046,4.1224]]],[[[72.747,4.1218],[72.7466,4.122],[72.7466,4.1223],[72.7459,4.1224],[72.7461,4.1218],[72.7464,4.1217],[72.7466,4.1217],[72.7466,4.1216],[72.7468,4.1216],[72.7468,4.1215],[72.7469,4.1213],[72.747,4.1216],[72.747,4.1218]]],[[[73.4385,4.1229],[73.4383,4.1231],[73.4373,4.1224],[73.4361,4.1217],[73.436,4.1216],[73.4358,4.1216],[73.4357,4.1214],[73.4353,4.1211],[73.4352,4.1208],[73.4356,4.1207],[73.4356,4.1206],[73.4357,4.1206],[73.4357,4.1205],[73.4358,4.1205],[73.4358,4.1205],[73.4359,4.1205],[73.4359,4.1204],[73.436,4.1204],[73.4361,4.1203],[73.4363,4.1199],[73.4368,4.1198],[73.4372,4.1201],[73.4373,4.1201],[73.4373,4.1203],[73.4379,4.1213],[73.4383,4.122],[73.4385,4.122],[73.4386,4.1223],[73.4384,4.1223],[73.4384,4.1224],[73.4383,4.1224],[73.4385,4.1229]]],[[[73.4894,4.1212],[73.4899,4.1215],[73.4911,4.1226],[73.4918,4.1229],[73.4921,4.1232],[73.4924,4.1235],[73.4917,4.1236],[73.4912,4.1234],[73.4906,4.1233],[73.49,4.1228],[73.4896,4.1227],[73.4892,4.1221],[73.4883,4.1218],[73.4882,4.1217],[73.4885,4.1212],[73.4894,4.1212],[73.4894,4.1212]]],[[[73.5174,4.123],[73.5171,4.1232],[73.5161,4.1233],[73.5155,4.1237],[73.5154,4.1236],[73.5156,4.1227],[73.5163,4.1228],[73.5172,4.1226],[73.5174,4.123]]],[[[73.4961,4.1227],[73.4955,4.1228],[73.4951,4.1232],[73.495,4.1236],[73.4937,4.1238],[73.4931,4.1237],[73.4929,4.1234],[73.4937,4.1232],[73.4941,4.123],[73.4942,4.123],[73.4943,4.1229],[73.4951,4.1227],[73.4952,4.1227],[73.4952,4.1226],[73.4953,4.1226],[73.4954,4.1225],[73.4959,4.1221],[73.4963,4.1221],[73.4963,4.1223],[73.4961,4.1227]]],[[[73.4817,4.1234],[73.4822,4.1238],[73.4807,4.1239],[73.4808,4.1232],[73.4815,4.1231],[73.4817,4.1234]]],[[[73.4656,4.1237],[73.4654,4.1239],[73.4649,4.124],[73.4648,4.1236],[73.4654,4.1228],[73.4655,4.1219],[73.4651,4.1211],[73.4657,4.1209],[73.4662,4.1208],[73.4667,4.1212],[73.4668,4.122],[73.4667,4.1222],[73.4668,4.1222],[73.4667,4.1222],[73.4668,4.1224],[73.4667,4.1227],[73.4665,4.1229],[73.4665,4.123],[73.4664,4.123],[73.4664,4.1231],[73.4663,4.1231],[73.4661,4.1233],[73.4658,4.1232],[73.4656,4.1237]]],[[[73.4847,4.1239],[73.4838,4.124],[73.4836,4.124],[73.4834,4.1241],[73.4829,4.1243],[73.4828,4.1238],[73.4832,4.1238],[73.4841,4.1233],[73.4845,4.1232],[73.4847,4.1239]]],[[[73.4578,4.124],[73.4575,4.1244],[73.4573,4.1245],[73.4575,4.1248],[73.4571,4.1251],[73.4569,4.1249],[73.4571,4.1245],[73.4571,4.1244],[73.4573,4.1235],[73.4578,4.124]]],[[[73.4738,4.1249],[73.4732,4.1253],[73.4725,4.1252],[73.4723,4.1248],[73.4721,4.1244],[73.472,4.1237],[73.4719,4.1236],[73.4718,4.1232],[73.4714,4.123],[73.4711,4.1228],[73.4708,4.1224],[73.471,4.1225],[73.4711,4.1225],[73.4714,4.1223],[73.4718,4.1224],[73.4724,4.1225],[73.4729,4.1226],[73.4729,4.1229],[73.4732,4.1231],[73.4735,4.1234],[73.4736,4.1234],[73.4736,4.1235],[73.4737,4.1235],[73.4737,4.1236],[73.4737,4.1237],[73.4737,4.124],[73.4737,4.1241],[73.4737,4.1241],[73.4738,4.1249]]],[[[73.4633,4.1226],[73.4634,4.1229],[73.4644,4.1235],[73.4643,4.1241],[73.464,4.1246],[73.4642,4.1263],[73.4639,4.1265],[73.4635,4.1266],[73.4624,4.1265],[73.4621,4.126],[73.462,4.1253],[73.4625,4.1252],[73.4627,4.1251],[73.4626,4.1247],[73.4621,4.1245],[73.4621,4.1244],[73.4621,4.1242],[73.4618,4.124],[73.4618,4.1235],[73.4617,4.1229],[73.4619,4.1223],[73.4623,4.1217],[73.4625,4.1217],[73.4628,4.1219],[73.4628,4.1218],[73.4632,4.1218],[73.4633,4.1226]]],[[[73.4859,4.1762],[73.485,4.1766],[73.4843,4.1764],[73.4841,4.1758],[73.4831,4.175],[73.483,4.1745],[73.4827,4.174],[73.4824,4.1736],[73.4823,4.1732],[73.4823,4.1726],[73.4826,4.172],[73.4836,4.1716],[73.4838,4.1715],[73.4841,4.1713],[73.4845,4.171],[73.4848,4.1704],[73.4855,4.1702],[73.4864,4.1701],[73.4872,4.1699],[73.4876,4.1699],[73.4876,4.1699],[73.4879,4.1701],[73.488,4.1707],[73.4878,4.1711],[73.4874,4.1712],[73.4874,4.1717],[73.4876,4.1727],[73.4874,4.1739],[73.4877,4.1747],[73.4874,4.1747],[73.4873,4.175],[73.4875,4.1751],[73.4877,4.1751],[73.4878,4.1753],[73.4871,4.1759],[73.4866,4.1756],[73.4859,4.1762]]],[[[73.5076,4.1808],[73.5075,4.1808],[73.5076,4.1807],[73.5076,4.1808]]],[[[73.5093,4.1807],[73.5094,4.1807],[73.5097,4.1805],[73.5095,4.1802],[73.5089,4.1801],[73.5075,4.1796],[73.5072,4.1808],[73.5069,4.1806],[73.5069,4.18],[73.5066,4.18],[73.5064,4.1806],[73.5064,4.1809],[73.5054,4.1807],[73.5046,4.1798],[73.5045,4.1786],[73.504,4.1786],[73.5035,4.1789],[73.5027,4.1779],[73.5019,4.1767],[73.5018,4.1764],[73.5017,4.1749],[73.5014,4.1745],[73.501,4.1741],[73.5009,4.1733],[73.501,4.1724],[73.5011,4.1712],[73.5012,4.1712],[73.5013,4.1718],[73.503,4.1716],[73.5028,4.1712],[73.5022,4.1711],[73.5024,4.1708],[73.5028,4.1707],[73.5027,4.1697],[73.5015,4.1698],[73.5011,4.1706],[73.5006,4.1704],[73.5006,4.1693],[73.5008,4.1687],[73.5013,4.1683],[73.504,4.1682],[73.5055,4.1684],[73.5058,4.1687],[73.5065,4.1689],[73.5056,4.169],[73.5057,4.1693],[73.5106,4.1692],[73.5138,4.1697],[73.5147,4.1695],[73.5165,4.1699],[73.5175,4.1706],[73.5175,4.1705],[73.5176,4.1706],[73.5179,4.1707],[73.5178,4.1708],[73.5178,4.1709],[73.5177,4.1715],[73.5178,4.1722],[73.518,4.1728],[73.5188,4.1734],[73.5189,4.1737],[73.5185,4.174],[73.5184,4.1742],[73.5186,4.1746],[73.5189,4.1746],[73.519,4.1751],[73.5191,4.1767],[73.5186,4.1776],[73.518,4.1779],[73.5172,4.1781],[73.5169,4.1778],[73.5159,4.1781],[73.5159,4.1784],[73.5163,4.1783],[73.5163,4.1785],[73.5156,4.1786],[73.5154,4.1783],[73.5152,4.1783],[73.5124,4.179],[73.5116,4.1792],[73.5106,4.1796],[73.5101,4.18],[73.5101,4.1802],[73.5103,4.1804],[73.5104,4.1806],[73.5098,4.1808],[73.5093,4.1807]]],[[[73.5093,4.1807],[73.5093,4.1809],[73.509,4.1808],[73.5093,4.1807]]],[[[73.5084,4.1809],[73.5081,4.1809],[73.5084,4.1808],[73.5084,4.1809]]],[[[72.7675,4.1805],[72.768,4.1808],[72.7682,4.1812],[72.7683,4.1817],[72.7667,4.1818],[72.7658,4.1817],[72.7656,4.1814],[72.766,4.1808],[72.7666,4.1805],[72.7675,4.1805],[72.7675,4.1805]]],[[[73.519,4.1846],[73.5189,4.1847],[73.5187,4.1849],[73.5184,4.185],[73.518,4.1846],[73.5173,4.1844],[73.5168,4.1845],[73.5167,4.1841],[73.5169,4.1836],[73.5177,4.1832],[73.5178,4.1827],[73.5182,4.1826],[73.5183,4.1827],[73.5185,4.1828],[73.5188,4.1831],[73.519,4.1836],[73.5192,4.1837],[73.5192,4.1838],[73.5192,4.1838],[73.5193,4.184],[73.5191,4.1842],[73.519,4.1846]]],[[[73.4596,4.1848],[73.4602,4.1848],[73.4604,4.1851],[73.4607,4.1852],[73.4607,4.1854],[73.4608,4.1856],[73.4605,4.1857],[73.4604,4.1858],[73.4599,4.1856],[73.4593,4.1855],[73.4591,4.1854],[73.4583,4.1853],[73.4579,4.1852],[73.4573,4.185],[73.4567,4.1847],[73.4555,4.1837],[73.4554,4.1825],[73.4548,4.1812],[73.4547,4.1799],[73.4551,4.179],[73.4552,4.1778],[73.4556,4.177],[73.4568,4.1762],[73.4574,4.1758],[73.4584,4.1763],[73.4587,4.1764],[73.4587,4.1764],[73.459,4.1762],[73.4596,4.1764],[73.4603,4.1765],[73.4599,4.177],[73.4595,4.1771],[73.4593,4.1772],[73.4591,4.1772],[73.4588,4.1774],[73.4578,4.1782],[73.4563,4.1795],[73.4553,4.1808],[73.4554,4.1815],[73.4556,4.1821],[73.4559,4.1828],[73.457,4.1837],[73.4584,4.1844],[73.459,4.1846],[73.4591,4.1847],[73.4594,4.1847],[73.4595,4.1848],[73.4596,4.1847],[73.4596,4.1848]]],[[[73.4392,4.1875],[73.438,4.1874],[73.4378,4.1868],[73.4377,4.1859],[73.4383,4.1857],[73.4385,4.1855],[73.4392,4.1855],[73.4393,4.1854],[73.4398,4.1853],[73.4399,4.1854],[73.44,4.1855],[73.4404,4.1853],[73.4408,4.1854],[73.441,4.1852],[73.443,4.185],[73.4432,4.1852],[73.4439,4.1851],[73.4441,4.1851],[73.4453,4.1848],[73.446,4.1845],[73.4465,4.1843],[73.4467,4.1842],[73.4468,4.184],[73.4475,4.1837],[73.4478,4.1834],[73.4476,4.1831],[73.4479,4.1831],[73.4481,4.1829],[73.4483,4.182],[73.4485,4.1814],[73.4485,4.1812],[73.4486,4.1809],[73.4487,4.1805],[73.4481,4.1805],[73.4479,4.181],[73.4478,4.181],[73.4477,4.1806],[73.4471,4.1809],[73.4469,4.1809],[73.4462,4.1811],[73.4461,4.1816],[73.4459,4.1817],[73.4449,4.1818],[73.4439,4.1821],[73.4431,4.1825],[73.4417,4.1829],[73.4399,4.1833],[73.4387,4.1832],[73.4382,4.1832],[73.4375,4.1832],[73.4375,4.1833],[73.4365,4.1834],[73.4361,4.1835],[73.4355,4.1836],[73.4338,4.1835],[73.4332,4.1836],[73.4325,4.1837],[73.4318,4.1839],[73.4312,4.1838],[73.4309,4.1837],[73.4305,4.1837],[73.4303,4.1837],[73.4302,4.1836],[73.4292,4.1835],[73.4291,4.1828],[73.4285,4.1825],[73.4285,4.1821],[73.4289,4.1822],[73.429,4.182],[73.4305,4.1819],[73.4316,4.1818],[73.4334,4.1814],[73.4341,4.1813],[73.4347,4.1811],[73.4352,4.181],[73.4361,4.1809],[73.4362,4.181],[73.4365,4.1808],[73.4371,4.1807],[73.4377,4.1806],[73.4384,4.1805],[73.4385,4.1803],[73.4386,4.1805],[73.4387,4.1804],[73.4389,4.1804],[73.4389,4.1803],[73.439,4.1804],[73.4391,4.1803],[73.4392,4.1803],[73.4393,4.1802],[73.4393,4.1803],[73.4395,4.1802],[73.4396,4.1803],[73.4398,4.1801],[73.4404,4.18],[73.4407,4.1799],[73.4421,4.1796],[73.4429,4.1793],[73.444,4.1792],[73.4442,4.1791],[73.4446,4.1794],[73.4448,4.1794],[73.4458,4.1791],[73.4458,4.1788],[73.4458,4.1785],[73.4463,4.1782],[73.4466,4.1781],[73.4468,4.1782],[73.4469,4.1785],[73.447,4.1786],[73.4474,4.1786],[73.448,4.1784],[73.4483,4.1787],[73.4487,4.179],[73.4495,4.1786],[73.4501,4.1787],[73.451,4.1787],[73.4513,4.1785],[73.4516,4.1784],[73.4522,4.1787],[73.4523,4.1789],[73.4523,4.1795],[73.452,4.1798],[73.452,4.1799],[73.452,4.1801],[73.452,4.1805],[73.4519,4.1807],[73.4519,4.1809],[73.4517,4.1815],[73.4515,4.1816],[73.4515,4.1813],[73.4515,4.1812],[73.4513,4.1816],[73.4515,4.1818],[73.4516,4.1819],[73.4512,4.1818],[73.451,4.1821],[73.4516,4.1823],[73.4513,4.183],[73.4508,4.1831],[73.4504,4.1829],[73.4502,4.183],[73.4503,4.1833],[73.4505,4.1832],[73.4507,4.1831],[73.4507,4.1835],[73.4507,4.1836],[73.4507,4.1837],[73.4503,4.1837],[73.4499,4.1841],[73.4503,4.1844],[73.4503,4.1845],[73.45,4.1846],[73.4493,4.1851],[73.4487,4.1854],[73.4479,4.1855],[73.4475,4.1851],[73.4472,4.1849],[73.4469,4.1845],[73.4469,4.1847],[73.4467,4.1847],[73.4467,4.1847],[73.4466,4.1846],[73.4465,4.1845],[73.4468,4.186],[73.4462,4.1862],[73.4453,4.1865],[73.445,4.1867],[73.4446,4.1868],[73.4441,4.1868],[73.4432,4.1868],[73.4423,4.1871],[73.4417,4.1871],[73.4411,4.1873],[73.4407,4.1872],[73.4406,4.1873],[73.4404,4.1873],[73.44,4.1873],[73.4393,4.1873],[73.4392,4.1875]]],[[[73.4367,4.1859],[73.437,4.1862],[73.4369,4.1876],[73.436,4.1875],[73.4356,4.1872],[73.4354,4.1866],[73.4354,4.1862],[73.4361,4.186],[73.4364,4.1859],[73.4366,4.1858],[73.4367,4.1859]]],[[[72.7738,4.1872],[72.7738,4.1877],[72.7732,4.1874],[72.7725,4.1873],[72.7721,4.1872],[72.772,4.1865],[72.7722,4.1856],[72.7721,4.1851],[72.7721,4.1844],[72.7725,4.1839],[72.7729,4.1838],[72.7729,4.1839],[72.7731,4.184],[72.7737,4.1839],[72.7741,4.1839],[72.7748,4.1844],[72.7752,4.1851],[72.7751,4.186],[72.7751,4.1868],[72.7747,4.1868],[72.7738,4.1872]]],[[[72.7488,4.1898],[72.7487,4.1902],[72.7486,4.1913],[72.7485,4.1919],[72.7485,4.1924],[72.7482,4.1926],[72.7476,4.1937],[72.7477,4.1938],[72.7477,4.1941],[72.7465,4.194],[72.7458,4.1938],[72.7453,4.1931],[72.7447,4.1927],[72.7438,4.1926],[72.7435,4.1923],[72.7433,4.1921],[72.7431,4.1919],[72.7431,4.1914],[72.7436,4.1911],[72.7445,4.1909],[72.7451,4.1907],[72.7458,4.1904],[72.7464,4.1901],[72.7473,4.1899],[72.7478,4.1897],[72.7485,4.1894],[72.7488,4.1898]]],[[[72.82,4.1942],[72.8202,4.1942],[72.8202,4.1943],[72.8203,4.1943],[72.8207,4.1947],[72.8207,4.1955],[72.8197,4.1956],[72.819,4.1958],[72.8185,4.1959],[72.8176,4.1958],[72.8174,4.1953],[72.8176,4.1946],[72.8176,4.1942],[72.8176,4.1941],[72.8177,4.1941],[72.8177,4.1938],[72.8178,4.1938],[72.8178,4.1938],[72.8179,4.1938],[72.8181,4.1935],[72.8184,4.1937],[72.8189,4.1937],[72.8191,4.1938],[72.8197,4.194],[72.82,4.1942]]],[[[73.5146,4.1974],[73.5146,4.1975],[73.5144,4.1977],[73.5141,4.198],[73.5135,4.1979],[73.5133,4.1981],[73.513,4.1982],[73.5128,4.1975],[73.5129,4.1971],[73.5134,4.1967],[73.514,4.196],[73.5145,4.1958],[73.5148,4.1961],[73.5149,4.1969],[73.5152,4.1969],[73.5153,4.197],[73.5149,4.1971],[73.5148,4.1974],[73.5146,4.1974]]],[[[73.4129,4.1996],[73.4134,4.2],[73.4136,4.2007],[73.4138,4.2009],[73.4135,4.2014],[73.4135,4.2015],[73.4134,4.2016],[73.4125,4.2012],[73.4123,4.2],[73.4124,4.1996],[73.4128,4.1995],[73.4129,4.1996]]],[[[73.4847,4.2122],[73.485,4.2128],[73.4854,4.2133],[73.4853,4.2139],[73.4852,4.2141],[73.4855,4.2143],[73.4856,4.2146],[73.4857,4.2146],[73.4859,4.2147],[73.4857,4.2149],[73.4857,4.2149],[73.4855,4.215],[73.4855,4.2151],[73.4852,4.2152],[73.4851,4.2153],[73.4851,4.2152],[73.4849,4.2152],[73.4846,4.215],[73.4845,4.2149],[73.4845,4.2148],[73.4844,4.2147],[73.4841,4.2146],[73.484,4.2144],[73.4845,4.2138],[73.4843,4.2127],[73.4839,4.2121],[73.4834,4.2117],[73.4827,4.2116],[73.4826,4.2113],[73.4832,4.211],[73.4839,4.211],[73.484,4.2114],[73.4843,4.2114],[73.4841,4.2109],[73.4842,4.2106],[73.4848,4.2103],[73.4851,4.2104],[73.4848,4.2111],[73.4847,4.2122]]],[[[72.8644,4.2166],[72.8636,4.2175],[72.8637,4.2177],[72.8638,4.2179],[72.8633,4.2181],[72.8627,4.2182],[72.8616,4.2184],[72.861,4.2181],[72.861,4.2177],[72.8619,4.2164],[72.8628,4.2153],[72.8635,4.2144],[72.8647,4.213],[72.8657,4.2119],[72.8664,4.2114],[72.8667,4.2114],[72.8668,4.2113],[72.8672,4.2114],[72.8675,4.2119],[72.8673,4.212],[72.8671,4.2127],[72.8668,4.2132],[72.8664,4.2138],[72.8663,4.2142],[72.8661,4.2146],[72.866,4.2155],[72.8655,4.2154],[72.8652,4.2158],[72.8651,4.2165],[72.8646,4.2166],[72.8645,4.2164],[72.8644,4.2166]]],[[[73.54,4.196],[73.54,4.1958],[73.5396,4.195],[73.5394,4.195],[73.5394,4.1947],[73.5393,4.1945],[73.5393,4.1944],[73.5391,4.1941],[73.5388,4.1938],[73.5386,4.1934],[73.5381,4.1921],[73.5376,4.1905],[73.5372,4.1896],[73.5368,4.189],[73.536,4.1889],[73.5357,4.1889],[73.5353,4.1889],[73.5352,4.1909],[73.5353,4.1912],[73.5352,4.1916],[73.5342,4.1915],[73.5341,4.1901],[73.534,4.1897],[73.5334,4.1894],[73.5328,4.1893],[73.5327,4.1898],[73.5324,4.1901],[73.5323,4.1902],[73.5321,4.1903],[73.5319,4.1906],[73.5319,4.191],[73.5319,4.1913],[73.5319,4.1916],[73.5317,4.1918],[73.5316,4.1919],[73.5316,4.1921],[73.5324,4.1924],[73.5325,4.1953],[73.5334,4.1956],[73.5335,4.1972],[73.5331,4.1973],[73.5326,4.1975],[73.5324,4.1996],[73.5326,4.2007],[73.5325,4.2017],[73.5326,4.2028],[73.5324,4.2034],[73.5325,4.2035],[73.5323,4.2079],[73.5322,4.2081],[73.5323,4.2082],[73.5324,4.2083],[73.5324,4.2128],[73.532,4.2143],[73.5317,4.2155],[73.5313,4.216],[73.5314,4.2161],[73.5315,4.2167],[73.5318,4.2173],[73.5322,4.2181],[73.5324,4.2185],[73.5324,4.2187],[73.5318,4.2188],[73.5313,4.2172],[73.5312,4.2168],[73.5308,4.2159],[73.5307,4.2158],[73.5304,4.2151],[73.53,4.2136],[73.5299,4.2132],[73.5298,4.2132],[73.5296,4.2126],[73.5295,4.2122],[73.5295,4.2121],[73.5293,4.2116],[73.5293,4.2114],[73.5291,4.2108],[73.5287,4.2098],[73.5285,4.2093],[73.5285,4.2092],[73.5284,4.2092],[73.5284,4.2091],[73.5284,4.209],[73.5282,4.2085],[73.5282,4.2083],[73.5281,4.2083],[73.5277,4.2071],[73.5275,4.2064],[73.5276,4.205],[73.5276,4.2046],[73.527,4.2039],[73.5268,4.203],[73.5266,4.2024],[73.5264,4.2017],[73.5263,4.2002],[73.5262,4.1999],[73.5262,4.1989],[73.526,4.1978],[73.5266,4.1975],[73.5265,4.196],[73.5258,4.1958],[73.5257,4.1943],[73.5253,4.194],[73.5254,4.1935],[73.5268,4.1933],[73.5269,4.1908],[73.527,4.1901],[73.5268,4.1892],[73.5263,4.1886],[73.5263,4.1877],[73.5263,4.1861],[73.526,4.1856],[73.5254,4.1855],[73.5253,4.1855],[73.5256,4.1845],[73.5258,4.1831],[73.5262,4.182],[73.5264,4.1812],[73.5267,4.1801],[73.527,4.1788],[73.5273,4.178],[73.5275,4.1772],[73.5277,4.1767],[73.5279,4.1765],[73.5281,4.1762],[73.5285,4.176],[73.5287,4.1757],[73.5291,4.1759],[73.5292,4.1759],[73.5299,4.1762],[73.5303,4.1768],[73.5303,4.177],[73.5305,4.1771],[73.5307,4.1773],[73.531,4.1774],[73.5314,4.1779],[73.5319,4.1783],[73.5324,4.1786],[73.5328,4.1793],[73.5332,4.1796],[73.5333,4.1799],[73.5334,4.18],[73.5337,4.1805],[73.5338,4.1809],[73.534,4.1811],[73.534,4.1813],[73.5341,4.1814],[73.5349,4.1825],[73.536,4.1843],[73.5365,4.1854],[73.5367,4.1857],[73.5368,4.186],[73.537,4.1864],[73.5372,4.1869],[73.5377,4.1879],[73.538,4.1888],[73.5382,4.1892],[73.5388,4.1908],[73.539,4.1913],[73.5392,4.1918],[73.5395,4.1928],[73.5396,4.1935],[73.5398,4.1941],[73.5398,4.1941],[73.5401,4.1952],[73.5403,4.1955],[73.5403,4.196],[73.5405,4.1964],[73.5407,4.1968],[73.5405,4.1969],[73.5404,4.1967],[73.5403,4.1966],[73.5402,4.1968],[73.54,4.1962],[73.5399,4.1961],[73.54,4.196]]],[[[72.756,4.22],[72.756,4.2199],[72.7561,4.2199],[72.756,4.22]]],[[[72.7558,4.2199],[72.756,4.2202],[72.7561,4.2202],[72.756,4.2203],[72.756,4.2205],[72.7551,4.2206],[72.755,4.2203],[72.7549,4.2203],[72.7548,4.2196],[72.7552,4.2199],[72.7553,4.2198],[72.7558,4.2199]]],[[[73.5327,4.2208],[73.5326,4.2206],[73.5328,4.2205],[73.5327,4.2208]]],[[[73.5344,4.2249],[73.5343,4.2249],[73.5343,4.2247],[73.5344,4.2249]]],[[[73.5344,4.2249],[73.5345,4.225],[73.5347,4.2254],[73.5345,4.2255],[73.5344,4.2249]]],[[[73.5204,4.2253],[73.5211,4.2258],[73.5215,4.2263],[73.5216,4.2273],[73.5215,4.2281],[73.5212,4.2284],[73.5204,4.2284],[73.5193,4.2278],[73.5183,4.2266],[73.5182,4.2261],[73.5183,4.2257],[73.5185,4.2255],[73.5188,4.2251],[73.5202,4.2249],[73.5204,4.2253]]],[[[73.4962,4.2305],[73.4961,4.2308],[73.4957,4.2311],[73.4952,4.231],[73.4949,4.231],[73.4948,4.2309],[73.4945,4.2309],[73.4936,4.2301],[73.4934,4.2297],[73.4935,4.2292],[73.4938,4.229],[73.4943,4.2293],[73.4947,4.2297],[73.4948,4.2297],[73.4949,4.2299],[73.495,4.23],[73.4951,4.2298],[73.4954,4.2302],[73.4957,4.2303],[73.496,4.2303],[73.4962,4.2305]]],[[[73.5367,4.2294],[73.537,4.2304],[73.5373,4.231],[73.5375,4.2313],[73.5377,4.2318],[73.5378,4.2321],[73.5379,4.2324],[73.538,4.2327],[73.5382,4.233],[73.5384,4.2332],[73.5387,4.2337],[73.5392,4.2346],[73.5389,4.2348],[73.5383,4.2336],[73.538,4.233],[73.5378,4.2326],[73.5371,4.2313],[73.5366,4.23],[73.5363,4.2296],[73.536,4.2291],[73.5358,4.2282],[73.5359,4.2281],[73.5367,4.2294]]],[[[73.4752,4.2355],[73.475,4.2357],[73.4748,4.2352],[73.475,4.2352],[73.4752,4.2355]]],[[[73.5466,4.2216],[73.547,4.2217],[73.5476,4.2233],[73.5482,4.2256],[73.5484,4.2263],[73.5485,4.2267],[73.5485,4.2268],[73.5489,4.2277],[73.5489,4.2279],[73.5489,4.2281],[73.5493,4.2294],[73.5497,4.2303],[73.5497,4.2306],[73.5505,4.2321],[73.5508,4.2329],[73.551,4.2335],[73.5512,4.234],[73.5515,4.2357],[73.5517,4.237],[73.5516,4.2371],[73.5517,4.2371],[73.5517,4.2386],[73.5515,4.2395],[73.5511,4.2401],[73.5506,4.2405],[73.55,4.2409],[73.5472,4.241],[73.5466,4.2409],[73.5457,4.2408],[73.5447,4.2405],[73.5441,4.2404],[73.5436,4.2403],[73.5424,4.24],[73.5415,4.2396],[73.5407,4.2391],[73.5405,4.2388],[73.5401,4.2382],[73.5394,4.2367],[73.5395,4.2362],[73.5401,4.2356],[73.5401,4.2354],[73.5401,4.2351],[73.5402,4.2349],[73.5404,4.2351],[73.5403,4.2355],[73.5411,4.2357],[73.5414,4.2356],[73.5417,4.2352],[73.5419,4.2351],[73.5421,4.2348],[73.5426,4.2342],[73.5426,4.2335],[73.5424,4.2332],[73.5425,4.2331],[73.5435,4.232],[73.5434,4.2313],[73.5431,4.2312],[73.5426,4.2311],[73.5425,4.2299],[73.5422,4.2295],[73.5417,4.2288],[73.5417,4.2283],[73.5414,4.2283],[73.5406,4.2283],[73.5406,4.2282],[73.5405,4.2282],[73.5405,4.2282],[73.5403,4.2279],[73.5399,4.2276],[73.5398,4.227],[73.5399,4.2266],[73.5397,4.2258],[73.5399,4.225],[73.5398,4.2248],[73.5398,4.2247],[73.5399,4.2247],[73.5399,4.2245],[73.5397,4.2244],[73.5396,4.2237],[73.5404,4.2235],[73.5409,4.2233],[73.5433,4.2225],[73.5432,4.2224],[73.5408,4.2231],[73.5403,4.2232],[73.5394,4.2234],[73.539,4.2234],[73.5389,4.2229],[73.5388,4.2225],[73.5387,4.2221],[73.5386,4.2215],[73.538,4.2195],[73.5377,4.2185],[73.5376,4.218],[73.5371,4.2172],[73.5369,4.2163],[73.5368,4.2157],[73.5367,4.2155],[73.5366,4.2153],[73.5364,4.2151],[73.5361,4.2143],[73.5359,4.2139],[73.5356,4.2137],[73.5354,4.2123],[73.5357,4.2116],[73.5355,4.2106],[73.5351,4.21],[73.5346,4.2084],[73.5348,4.2075],[73.5352,4.2071],[73.5355,4.2068],[73.536,4.2063],[73.5363,4.2059],[73.5368,4.2052],[73.5386,4.203],[73.539,4.2025],[73.5394,4.202],[73.5404,4.2009],[73.5403,4.2003],[73.54,4.1999],[73.54,4.1995],[73.5402,4.1995],[73.5404,4.2002],[73.5407,4.2004],[73.5408,4.2012],[73.5413,4.2024],[73.5416,4.2035],[73.5418,4.204],[73.5422,4.205],[73.5424,4.2055],[73.5426,4.2062],[73.5427,4.2066],[73.543,4.2075],[73.5434,4.2083],[73.5444,4.2115],[73.5446,4.2121],[73.5453,4.2145],[73.5462,4.2181],[73.5466,4.2197],[73.5469,4.221],[73.5466,4.2215],[73.5466,4.2216]],[[73.5466,4.2216],[73.546,4.2215],[73.5454,4.2217],[73.5452,4.2219],[73.5455,4.2218],[73.5459,4.2217],[73.5466,4.2217],[73.5466,4.2216]],[[73.5452,4.2219],[73.5448,4.2219],[73.5439,4.2222],[73.5443,4.2223],[73.5449,4.222],[73.5452,4.2219],[73.5452,4.2219]]],[[[73.5371,4.2496],[73.5371,4.2496],[73.5372,4.2495],[73.5371,4.2496]]],[[[73.3673,4.2503],[73.3672,4.2509],[73.3665,4.2509],[73.3659,4.2503],[73.3655,4.2501],[73.3654,4.2497],[73.3655,4.2498],[73.3656,4.25],[73.3659,4.2501],[73.3661,4.2499],[73.3667,4.2496],[73.3667,4.2495],[73.367,4.2495],[73.367,4.2496],[73.3672,4.2497],[73.3671,4.2501],[73.3675,4.2496],[73.368,4.2493],[73.3677,4.2492],[73.3675,4.2495],[73.3673,4.2495],[73.3672,4.2497],[73.3672,4.2495],[73.3672,4.2494],[73.3677,4.2489],[73.3681,4.2494],[73.3676,4.2499],[73.3673,4.2503]]],[[[73.5479,4.251],[73.5463,4.2512],[73.5458,4.2506],[73.5455,4.2502],[73.5453,4.2501],[73.5449,4.2501],[73.5447,4.2501],[73.5445,4.25],[73.5443,4.2501],[73.5441,4.2501],[73.5438,4.2501],[73.5435,4.2502],[73.543,4.2501],[73.5427,4.25],[73.5425,4.2499],[73.5428,4.2497],[73.543,4.2496],[73.5435,4.2492],[73.5443,4.2495],[73.5447,4.2496],[73.5447,4.2496],[73.5458,4.2495],[73.5461,4.2494],[73.5461,4.2494],[73.5462,4.2494],[73.5464,4.2491],[73.5465,4.249],[73.5466,4.2487],[73.5466,4.2483],[73.5468,4.2481],[73.5476,4.2484],[73.5478,4.2485],[73.5484,4.2493],[73.5483,4.2502],[73.5482,4.2508],[73.5481,4.2507],[73.5479,4.251]]],[[[73.5411,4.257],[73.5413,4.2573],[73.5415,4.2576],[73.5414,4.2584],[73.5412,4.2588],[73.5404,4.2589],[73.5398,4.258],[73.5402,4.257],[73.541,4.257],[73.5411,4.257]]],[[[73.3806,4.2605],[73.3805,4.2606],[73.3802,4.2606],[73.3797,4.2604],[73.3792,4.2604],[73.3791,4.2602],[73.3792,4.2599],[73.3793,4.2597],[73.3794,4.2591],[73.3795,4.2586],[73.3797,4.2585],[73.3798,4.2583],[73.3799,4.2585],[73.3798,4.2585],[73.3801,4.259],[73.3802,4.2593],[73.3808,4.2595],[73.381,4.2599],[73.381,4.2603],[73.3808,4.2604],[73.3807,4.2604],[73.3806,4.2605]]],[[[72.972,4.2607],[72.9715,4.2609],[72.971,4.2609],[72.9708,4.2609],[72.9708,4.2608],[72.9715,4.2606],[72.9715,4.2607],[72.9717,4.2606],[72.9717,4.2605],[72.9719,4.2605],[72.972,4.2603],[72.9725,4.26],[72.9726,4.26],[72.9726,4.26],[72.9734,4.2595],[72.9743,4.2592],[72.975,4.2591],[72.9758,4.2589],[72.976,4.2589],[72.976,4.2588],[72.9765,4.2587],[72.9766,4.2586],[72.9767,4.2586],[72.9771,4.2585],[72.9771,4.2585],[72.9778,4.2584],[72.978,4.2584],[72.978,4.2583],[72.9781,4.2583],[72.9782,4.2583],[72.979,4.258],[72.979,4.2582],[72.9793,4.258],[72.98,4.2581],[72.9801,4.2582],[72.9802,4.258],[72.9807,4.2581],[72.9808,4.2582],[72.9809,4.2581],[72.9811,4.2582],[72.9812,4.258],[72.9831,4.2579],[72.9848,4.2581],[72.9852,4.2583],[72.9853,4.2594],[72.9854,4.2598],[72.9856,4.2599],[72.9858,4.2604],[72.9854,4.2609],[72.985,4.2609],[72.9847,4.2609],[72.9841,4.2608],[72.9834,4.2603],[72.983,4.2602],[72.9827,4.26],[72.9824,4.2598],[72.9817,4.2596],[72.9813,4.2596],[72.9802,4.2594],[72.9792,4.2592],[72.9785,4.2594],[72.9774,4.2593],[72.9768,4.2593],[72.9767,4.2593],[72.9763,4.2594],[72.9762,4.2594],[72.9757,4.2594],[72.9757,4.2595],[72.9754,4.2595],[72.9753,4.2595],[72.9751,4.2596],[72.9748,4.2597],[72.9743,4.2599],[72.9734,4.26],[72.9733,4.26],[72.973,4.2602],[72.973,4.2603],[72.9726,4.2604],[72.9723,4.2604],[72.9721,4.2605],[72.972,4.2607]]],[[[72.9705,4.2611],[72.9699,4.2613],[72.9702,4.2611],[72.9706,4.2609],[72.9705,4.2611]]],[[[72.9698,4.2614],[72.9698,4.2613],[72.9699,4.2613],[72.9698,4.2614]]],[[[73.5002,4.263],[73.5006,4.2634],[73.5009,4.2638],[73.5006,4.2645],[73.4994,4.2644],[73.4992,4.2637],[73.4996,4.263],[73.5002,4.2629],[73.5002,4.263]]],[[[72.992,4.2604],[72.9925,4.2604],[72.9934,4.2607],[72.9939,4.2613],[72.9939,4.2618],[72.9939,4.2625],[72.9939,4.2629],[72.9937,4.2632],[72.9935,4.2638],[72.9933,4.2641],[72.9931,4.265],[72.9927,4.2653],[72.9923,4.2658],[72.9918,4.2659],[72.9913,4.2656],[72.9906,4.2648],[72.9902,4.2642],[72.99,4.2636],[72.99,4.2628],[72.9901,4.2625],[72.9903,4.2621],[72.9906,4.2614],[72.9911,4.2607],[72.9914,4.2605],[72.9918,4.2604],[72.992,4.2603],[72.992,4.2604]]],[[[73.4914,4.2674],[73.4923,4.2678],[73.4928,4.2682],[73.4934,4.2686],[73.4935,4.2695],[73.4936,4.2696],[73.4936,4.27],[73.4935,4.2703],[73.4934,4.2707],[73.4928,4.2712],[73.4913,4.2713],[73.4903,4.271],[73.4899,4.2708],[73.4896,4.2702],[73.4895,4.2692],[73.4895,4.2686],[73.4903,4.2675],[73.491,4.2674],[73.4914,4.2674]]],[[[73.5544,4.2821],[73.5543,4.2821],[73.5544,4.282],[73.5544,4.2821]]],[[[73.5563,4.2825],[73.5562,4.2825],[73.5563,4.2824],[73.5563,4.2825]]],[[[73.5563,4.2825],[73.5566,4.2826],[73.5564,4.2827],[73.5563,4.2825]]],[[[73.4276,4.2838],[73.4277,4.2838],[73.4277,4.2839],[73.4279,4.284],[73.4282,4.2846],[73.4281,4.285],[73.428,4.2852],[73.4278,4.2854],[73.427,4.2855],[73.4263,4.2854],[73.4264,4.2847],[73.4268,4.2842],[73.427,4.2839],[73.4271,4.2838],[73.4273,4.2836],[73.4276,4.2838]]],[[[73.5553,4.2887],[73.5552,4.2885],[73.5553,4.2884],[73.5553,4.2887]]],[[[73.5544,4.2821],[73.5549,4.2826],[73.555,4.2836],[73.5549,4.2852],[73.5549,4.2861],[73.5551,4.2866],[73.5552,4.2873],[73.555,4.2878],[73.5549,4.2884],[73.5549,4.2892],[73.5548,4.2895],[73.5544,4.2892],[73.5542,4.2891],[73.5541,4.2889],[73.554,4.2886],[73.5538,4.2883],[73.5536,4.2879],[73.5536,4.2876],[73.5535,4.2873],[73.5534,4.287],[73.5531,4.2866],[73.5529,4.2851],[73.5525,4.2842],[73.5529,4.2833],[73.5528,4.2828],[73.5527,4.2822],[73.5529,4.2819],[73.5537,4.282],[73.554,4.2826],[73.5541,4.2832],[73.5545,4.283],[73.5544,4.2829],[73.5545,4.2826],[73.5544,4.2824],[73.5544,4.2821]]],[[[73.5552,4.2897],[73.555,4.2895],[73.5552,4.2894],[73.5553,4.2893],[73.5553,4.2892],[73.5552,4.2897]]],[[[73.5575,4.2924],[73.5581,4.2932],[73.5582,4.2936],[73.5584,4.2937],[73.5589,4.295],[73.559,4.2951],[73.5592,4.2955],[73.5589,4.296],[73.5586,4.2961],[73.5583,4.2958],[73.5581,4.2957],[73.558,4.2954],[73.5579,4.2953],[73.5575,4.2947],[73.5566,4.293],[73.5572,4.2923],[73.5575,4.2924]]],[[[73.0118,4.2976],[73.0121,4.2979],[73.0123,4.2979],[73.0125,4.2982],[73.0124,4.2982],[73.0123,4.2984],[73.0121,4.2988],[73.0121,4.2992],[73.0118,4.3002],[73.0117,4.3005],[73.0116,4.3006],[73.0113,4.3003],[73.0112,4.2989],[73.0113,4.2985],[73.0112,4.2982],[73.0113,4.2979],[73.0114,4.2975],[73.0118,4.2976]]],[[[73.507,4.306],[73.5071,4.3063],[73.5072,4.3065],[73.507,4.3069],[73.5068,4.3065],[73.5068,4.3063],[73.5064,4.3056],[73.5066,4.3054],[73.507,4.306]]],[[[73.4164,4.3061],[73.4169,4.3063],[73.417,4.3068],[73.4167,4.3073],[73.4157,4.3073],[73.4156,4.3066],[73.4159,4.3061],[73.4163,4.306],[73.4164,4.3061]]],[[[73.4243,4.3085],[73.4247,4.3088],[73.4249,4.3092],[73.4248,4.3093],[73.4248,4.3094],[73.4249,4.3099],[73.4247,4.3105],[73.4242,4.3106],[73.4234,4.3103],[73.4233,4.3098],[73.4234,4.3095],[73.4233,4.3093],[73.4235,4.3088],[73.4239,4.3085],[73.4243,4.3085]]],[[[73.5706,4.3122],[73.5691,4.3117],[73.5683,4.3115],[73.5684,4.3113],[73.5688,4.3109],[73.5686,4.3099],[73.5682,4.3095],[73.567,4.3098],[73.5665,4.3082],[73.567,4.3081],[73.5672,4.308],[73.5677,4.3078],[73.5675,4.3074],[73.5671,4.3076],[73.5669,4.3079],[73.5667,4.3078],[73.5665,4.3076],[73.5662,4.3075],[73.566,4.3068],[73.567,4.3057],[73.5673,4.3055],[73.569,4.3052],[73.5693,4.3053],[73.5694,4.3052],[73.5698,4.305],[73.5711,4.3049],[73.5716,4.3048],[73.5724,4.3047],[73.573,4.3048],[73.574,4.3051],[73.5748,4.3057],[73.5751,4.3061],[73.5755,4.3068],[73.5756,4.307],[73.5765,4.308],[73.5765,4.3084],[73.5764,4.3085],[73.5759,4.309],[73.5752,4.3097],[73.5742,4.3101],[73.5738,4.31],[73.5737,4.3098],[73.5733,4.31],[73.573,4.3106],[73.5728,4.3108],[73.5725,4.3114],[73.5721,4.3116],[73.5718,4.3117],[73.5715,4.3122],[73.5712,4.3122],[73.571,4.3122],[73.5706,4.3122]]],[[[73.4882,4.3113],[73.4881,4.3121],[73.4876,4.3124],[73.4873,4.3122],[73.4867,4.3122],[73.4868,4.3114],[73.4869,4.3113],[73.4873,4.311],[73.4879,4.3109],[73.4882,4.3113]]],[[[73.5847,4.3136],[73.5846,4.3141],[73.5847,4.3144],[73.5849,4.3151],[73.5849,4.3151],[73.5848,4.3153],[73.5844,4.316],[73.5842,4.3157],[73.5841,4.3151],[73.5842,4.315],[73.5843,4.3143],[73.5845,4.3136],[73.5847,4.3136]]],[[[73.5797,4.319],[73.5778,4.3191],[73.5766,4.319],[73.5765,4.3188],[73.5765,4.3186],[73.5768,4.3185],[73.5769,4.3186],[73.5771,4.3185],[73.5774,4.3186],[73.5774,4.3186],[73.5782,4.3183],[73.5792,4.3176],[73.5796,4.3174],[73.5801,4.3176],[73.5803,4.3183],[73.5797,4.319]]],[[[73.5923,4.3165],[73.5928,4.3168],[73.5933,4.3172],[73.5926,4.3173],[73.5921,4.3178],[73.5919,4.3184],[73.5916,4.3193],[73.5909,4.3197],[73.5909,4.319],[73.5913,4.3185],[73.5914,4.3181],[73.5916,4.3169],[73.5917,4.3165],[73.5922,4.3165],[73.5923,4.3165]]],[[[73.592,4.3203],[73.5921,4.3204],[73.5923,4.3208],[73.5919,4.3209],[73.5919,4.3208],[73.5918,4.3207],[73.5917,4.3202],[73.592,4.3203]]],[[[73.5969,4.3265],[73.5971,4.3267],[73.5973,4.3269],[73.5975,4.3272],[73.5977,4.3274],[73.5978,4.3277],[73.5981,4.3281],[73.5984,4.3284],[73.5985,4.3288],[73.5987,4.3292],[73.5988,4.3298],[73.5986,4.3303],[73.5978,4.3304],[73.5977,4.3292],[73.5974,4.3286],[73.5974,4.3285],[73.5973,4.3279],[73.5972,4.3277],[73.5965,4.327],[73.5966,4.3264],[73.5969,4.3265]]],[[[73.6029,4.3367],[73.6026,4.3372],[73.6022,4.3373],[73.6022,4.3373],[73.6017,4.3374],[73.6007,4.3366],[73.6004,4.3365],[73.6002,4.3363],[73.6,4.3359],[73.6007,4.3355],[73.6008,4.3354],[73.6012,4.3347],[73.6018,4.3345],[73.602,4.3341],[73.6018,4.3336],[73.6015,4.3336],[73.6013,4.3337],[73.6009,4.3343],[73.6007,4.3347],[73.6001,4.3352],[73.5996,4.3351],[73.5994,4.3347],[73.5988,4.334],[73.5986,4.3333],[73.5982,4.3329],[73.5977,4.333],[73.5975,4.3326],[73.5977,4.3316],[73.5982,4.3313],[73.5986,4.331],[73.5991,4.3308],[73.5998,4.3306],[73.6001,4.3304],[73.6006,4.3303],[73.601,4.3301],[73.6013,4.3303],[73.602,4.3306],[73.6034,4.3309],[73.6045,4.3322],[73.6052,4.3339],[73.6052,4.3349],[73.6046,4.3357],[73.6045,4.3358],[73.6042,4.3361],[73.6036,4.3365],[73.6032,4.3363],[73.6031,4.3357],[73.603,4.3357],[73.6029,4.3367]]],[[[73.6057,4.3406],[73.6056,4.3406],[73.6057,4.3405],[73.6057,4.3406]]],[[[73.6115,4.3431],[73.6119,4.3434],[73.6114,4.3435],[73.6112,4.3433],[73.6115,4.3432],[73.6115,4.3431],[73.6115,4.3431]]],[[[73.6061,4.3406],[73.6062,4.3407],[73.6062,4.3409],[73.6064,4.3409],[73.6065,4.3411],[73.6064,4.3412],[73.6064,4.3413],[73.6065,4.3413],[73.6067,4.3414],[73.6067,4.3416],[73.6068,4.3416],[73.6068,4.3417],[73.6071,4.3418],[73.6079,4.3423],[73.6079,4.3424],[73.6081,4.3425],[73.6085,4.3427],[73.6091,4.3431],[73.6101,4.3442],[73.6102,4.3454],[73.6101,4.3458],[73.61,4.3459],[73.61,4.3461],[73.6099,4.3462],[73.61,4.3463],[73.6098,4.3464],[73.6097,4.3463],[73.6094,4.3462],[73.6091,4.3457],[73.6083,4.3448],[73.6079,4.3443],[73.6071,4.3433],[73.607,4.3428],[73.6069,4.3426],[73.6068,4.3425],[73.6066,4.3425],[73.6062,4.3419],[73.6062,4.3419],[73.6061,4.3416],[73.606,4.3413],[73.606,4.3409],[73.606,4.3408],[73.6058,4.3405],[73.6061,4.3406]]],[[[73.6198,4.3497],[73.6196,4.3501],[73.6194,4.3504],[73.6194,4.3504],[73.6193,4.3507],[73.6191,4.3514],[73.6189,4.3516],[73.6189,4.352],[73.6186,4.3534],[73.6183,4.3537],[73.6183,4.3537],[73.6182,4.3537],[73.6176,4.3537],[73.6173,4.3532],[73.6173,4.3523],[73.6173,4.3518],[73.6172,4.3516],[73.6172,4.351],[73.6172,4.3509],[73.617,4.3508],[73.6169,4.3501],[73.6166,4.3497],[73.6162,4.3498],[73.6161,4.3497],[73.6162,4.3493],[73.6162,4.3493],[73.6163,4.3493],[73.6163,4.3491],[73.6165,4.349],[73.6166,4.3488],[73.6167,4.3488],[73.6167,4.3487],[73.6167,4.3485],[73.6168,4.3485],[73.6169,4.3483],[73.6171,4.3483],[73.6174,4.3481],[73.6179,4.3479],[73.6185,4.3476],[73.6189,4.3478],[73.6191,4.3482],[73.6194,4.3487],[73.6196,4.3491],[73.6197,4.3493],[73.6198,4.3497]]],[[[73.6257,4.36],[73.6263,4.3605],[73.6264,4.3607],[73.6265,4.3607],[73.6265,4.3608],[73.6268,4.3612],[73.6269,4.3615],[73.627,4.3615],[73.627,4.3616],[73.6271,4.3616],[73.6271,4.3617],[73.6272,4.3618],[73.6274,4.3621],[73.6276,4.3623],[73.6281,4.3629],[73.6278,4.363],[73.6278,4.363],[73.6274,4.3631],[73.6272,4.3628],[73.6269,4.3626],[73.6269,4.3625],[73.6268,4.3625],[73.6268,4.3625],[73.6267,4.3625],[73.6265,4.3624],[73.6265,4.3623],[73.6264,4.362],[73.6263,4.362],[73.6263,4.3617],[73.6262,4.3617],[73.6261,4.3614],[73.6261,4.3612],[73.626,4.3611],[73.6258,4.3611],[73.6258,4.3609],[73.6258,4.3608],[73.6257,4.3608],[73.6256,4.3608],[73.6254,4.3608],[73.6247,4.3602],[73.6249,4.3597],[73.625,4.3599],[73.6252,4.3598],[73.6252,4.3597],[73.6257,4.36]]],[[[73.4135,4.3664],[73.4135,4.3664],[73.4132,4.3662],[73.4135,4.3661],[73.4135,4.3664]]],[[[73.4161,4.3665],[73.4151,4.3666],[73.4149,4.3664],[73.4143,4.3664],[73.4139,4.3664],[73.4137,4.3662],[73.4137,4.3658],[73.4141,4.3657],[73.4143,4.3654],[73.4153,4.3653],[73.4154,4.3654],[73.4156,4.3656],[73.4158,4.3656],[73.4165,4.3657],[73.4168,4.3661],[73.4161,4.3665]]],[[[73.3714,4.3687],[73.3707,4.3687],[73.3703,4.3687],[73.3699,4.3685],[73.3699,4.3685],[73.3691,4.3685],[73.3686,4.3686],[73.3685,4.3684],[73.3688,4.3682],[73.3688,4.3681],[73.369,4.3681],[73.369,4.368],[73.3692,4.368],[73.3692,4.368],[73.3695,4.3678],[73.3697,4.3679],[73.3697,4.3679],[73.3702,4.3678],[73.3707,4.368],[73.3712,4.3681],[73.3715,4.3683],[73.3714,4.3687]]],[[[73.6545,4.3725],[73.6545,4.3732],[73.6547,4.3742],[73.6545,4.3746],[73.6544,4.3749],[73.6543,4.3753],[73.6537,4.3757],[73.6534,4.376],[73.6532,4.3764],[73.652,4.3768],[73.6517,4.3769],[73.6513,4.377],[73.6511,4.3764],[73.6509,4.376],[73.6505,4.3754],[73.649,4.3754],[73.6481,4.3752],[73.6477,4.3751],[73.6472,4.3747],[73.6472,4.3745],[73.6468,4.374],[73.6467,4.3732],[73.6463,4.3727],[73.646,4.3725],[73.6462,4.3723],[73.6462,4.3722],[73.6464,4.3722],[73.6464,4.3722],[73.6465,4.3722],[73.6466,4.3721],[73.6472,4.3718],[73.648,4.3716],[73.649,4.3717],[73.6496,4.3716],[73.6507,4.3718],[73.6513,4.3719],[73.6517,4.372],[73.6522,4.3722],[73.6534,4.3724],[73.6541,4.3721],[73.6544,4.3721],[73.6545,4.3725]]],[[[73.6631,4.3745],[73.6632,4.3748],[73.6634,4.3752],[73.6633,4.3757],[73.6629,4.3763],[73.663,4.3767],[73.663,4.3769],[73.6631,4.3771],[73.6629,4.3773],[73.6632,4.3777],[73.6634,4.3781],[73.6635,4.3784],[73.6639,4.379],[73.6641,4.3794],[73.6642,4.3797],[73.6643,4.3798],[73.6644,4.3798],[73.6644,4.3799],[73.6643,4.3799],[73.6639,4.38],[73.6637,4.3795],[73.6636,4.3795],[73.6636,4.3795],[73.6636,4.3793],[73.6633,4.3792],[73.6632,4.3789],[73.663,4.3788],[73.6629,4.3786],[73.6627,4.3785],[73.6627,4.3785],[73.6627,4.3784],[73.6623,4.3781],[73.6616,4.3778],[73.6618,4.3773],[73.662,4.3768],[73.6622,4.3757],[73.6618,4.3751],[73.662,4.3747],[73.6624,4.3745],[73.6628,4.3742],[73.663,4.3741],[73.6631,4.3745]]],[[[73.4012,4.3977],[73.401,4.3976],[73.4012,4.3976],[73.4012,4.3977]]],[[[73.3841,4.4319],[73.3839,4.432],[73.3839,4.4321],[73.3838,4.4323],[73.3838,4.4325],[73.3836,4.4326],[73.3837,4.4323],[73.3836,4.4323],[73.3836,4.4321],[73.3836,4.4319],[73.3838,4.4319],[73.3838,4.4318],[73.3838,4.4313],[73.3839,4.4301],[73.384,4.4299],[73.3843,4.4293],[73.3847,4.4291],[73.3848,4.4291],[73.3848,4.429],[73.3849,4.429],[73.3849,4.4289],[73.385,4.429],[73.3851,4.429],[73.3859,4.4292],[73.386,4.4294],[73.3861,4.4294],[73.3861,4.4295],[73.3862,4.4296],[73.3863,4.4297],[73.3859,4.4298],[73.3855,4.43],[73.3849,4.4307],[73.3845,4.4312],[73.3844,4.4313],[73.3844,4.4314],[73.3846,4.4315],[73.3845,4.4316],[73.3844,4.4316],[73.3844,4.4317],[73.3845,4.4318],[73.3843,4.4318],[73.3841,4.4319]]],[[[72.9613,4.4431],[72.9608,4.4435],[72.9601,4.4439],[72.9595,4.4441],[72.9589,4.444],[72.9586,4.4439],[72.9586,4.4439],[72.9582,4.4438],[72.9582,4.4437],[72.9574,4.4435],[72.9564,4.4431],[72.9555,4.4422],[72.9546,4.4415],[72.9546,4.4414],[72.9545,4.4414],[72.9545,4.4413],[72.9544,4.4412],[72.9541,4.4408],[72.954,4.4408],[72.954,4.4407],[72.954,4.4406],[72.9538,4.4404],[72.9532,4.4395],[72.953,4.439],[72.9528,4.438],[72.9529,4.4373],[72.9531,4.4368],[72.9532,4.4367],[72.9532,4.4367],[72.9533,4.4364],[72.9536,4.436],[72.9537,4.4359],[72.9537,4.4358],[72.9543,4.4352],[72.9545,4.435],[72.9546,4.4348],[72.9547,4.4348],[72.9547,4.4347],[72.9549,4.4347],[72.9549,4.4346],[72.955,4.4346],[72.955,4.4345],[72.9551,4.4345],[72.9552,4.4344],[72.9554,4.4342],[72.9558,4.4339],[72.9561,4.4338],[72.9564,4.4336],[72.9568,4.4335],[72.957,4.4334],[72.9571,4.4333],[72.9572,4.4333],[72.9574,4.4331],[72.958,4.4329],[72.9583,4.4328],[72.9587,4.4324],[72.9592,4.4321],[72.9592,4.432],[72.9593,4.432],[72.9594,4.4319],[72.9595,4.4318],[72.9595,4.4317],[72.9595,4.4317],[72.9595,4.4316],[72.9596,4.4316],[72.9596,4.4315],[72.9597,4.4315],[72.96,4.4311],[72.9602,4.4308],[72.9605,4.4307],[72.9607,4.4306],[72.9614,4.4301],[72.9616,4.4301],[72.9616,4.43],[72.9618,4.43],[72.9624,4.4297],[72.9626,4.4297],[72.9627,4.4296],[72.9632,4.4299],[72.9633,4.43],[72.9637,4.4302],[72.9638,4.4302],[72.9646,4.4307],[72.965,4.4312],[72.9653,4.4319],[72.9654,4.433],[72.9653,4.4331],[72.9655,4.4334],[72.9654,4.4348],[72.9653,4.435],[72.9654,4.435],[72.9654,4.4355],[72.9653,4.4355],[72.9653,4.4357],[72.9652,4.4357],[72.9652,4.4357],[72.9653,4.4366],[72.9651,4.4375],[72.9654,4.4383],[72.9652,4.4384],[72.9649,4.4384],[72.9642,4.4399],[72.9643,4.4401],[72.964,4.4406],[72.9635,4.4411],[72.9633,4.4414],[72.9628,4.442],[72.9625,4.4422],[72.9619,4.4426],[72.9618,4.4427],[72.9618,4.4428],[72.9617,4.4428],[72.9613,4.4431]]],[[[73.7124,4.4382],[73.7128,4.4382],[73.7137,4.4391],[73.7143,4.4399],[73.715,4.4411],[73.715,4.4413],[73.7155,4.4427],[73.7157,4.4429],[73.7155,4.4432],[73.7154,4.4436],[73.7152,4.4446],[73.715,4.4458],[73.7149,4.4461],[73.7141,4.446],[73.7137,4.4457],[73.7135,4.4448],[73.7135,4.4443],[73.7134,4.443],[73.7124,4.441],[73.7121,4.44],[73.7119,4.4394],[73.7118,4.4389],[73.7117,4.4389],[73.7117,4.4388],[73.7117,4.4382],[73.7121,4.4381],[73.7124,4.4382]]],[[[73.7174,4.4587],[73.7178,4.4588],[73.7179,4.4595],[73.7174,4.4596],[73.7168,4.4593],[73.7167,4.4582],[73.7165,4.4575],[73.7159,4.4565],[73.7156,4.4557],[73.7155,4.4552],[73.7153,4.4549],[73.7152,4.4539],[73.715,4.4531],[73.7152,4.4526],[73.7153,4.4525],[73.7152,4.451],[73.7151,4.4501],[73.7151,4.4501],[73.715,4.4495],[73.7152,4.4493],[73.7153,4.449],[73.7155,4.4489],[73.7157,4.4493],[73.7159,4.4494],[73.716,4.4495],[73.7162,4.4495],[73.7166,4.4498],[73.717,4.45],[73.7171,4.4501],[73.7172,4.4501],[73.7172,4.4502],[73.7176,4.4508],[73.7178,4.4508],[73.7179,4.451],[73.718,4.4511],[73.7182,4.4515],[73.7183,4.4517],[73.7184,4.4519],[73.7187,4.4526],[73.7189,4.4534],[73.7187,4.4547],[73.7186,4.4553],[73.7184,4.4569],[73.7184,4.457],[73.7183,4.4571],[73.7182,4.4578],[73.7182,4.4579],[73.7183,4.458],[73.7181,4.458],[73.718,4.4583],[73.7178,4.4584],[73.7175,4.4586],[73.7175,4.4587],[73.7174,4.4587],[73.7174,4.4587]]],[[[73.6618,4.4658],[73.6618,4.466],[73.6619,4.466],[73.6619,4.4661],[73.6621,4.4662],[73.6622,4.4662],[73.6622,4.4664],[73.6623,4.4664],[73.6622,4.4665],[73.6623,4.4667],[73.6622,4.4668],[73.6621,4.4668],[73.6617,4.4668],[73.6613,4.4663],[73.6611,4.4662],[73.6609,4.4659],[73.661,4.4656],[73.6618,4.4658]]],[[[73.4506,4.4732],[73.4504,4.4736],[73.4495,4.4743],[73.4485,4.4745],[73.4477,4.4744],[73.4476,4.4741],[73.4486,4.4739],[73.4491,4.4736],[73.4494,4.4735],[73.4502,4.4731],[73.4506,4.473],[73.4506,4.4732]]],[[[73.3936,4.4809],[73.394,4.4815],[73.3941,4.4818],[73.3942,4.4819],[73.3941,4.482],[73.394,4.4822],[73.393,4.4821],[73.3925,4.4817],[73.3926,4.4811],[73.3933,4.4809],[73.3936,4.4809]]],[[[73.3689,4.5026],[73.3685,4.5027],[73.368,4.5024],[73.3678,4.5024],[73.3677,4.5024],[73.3675,4.502],[73.3678,4.5011],[73.3678,4.5003],[73.3673,4.4998],[73.3672,4.4994],[73.3676,4.4991],[73.3679,4.4987],[73.3682,4.4991],[73.3681,4.4992],[73.3682,4.4994],[73.3683,4.4994],[73.3682,4.4995],[73.3684,4.4998],[73.3689,4.5004],[73.3697,4.5009],[73.3698,4.502],[73.3694,4.5022],[73.3689,4.5026]]],[[[73.3679,4.5191],[73.3678,4.5207],[73.3677,4.5208],[73.3677,4.5209],[73.3679,4.521],[73.3677,4.521],[73.3677,4.5212],[73.3672,4.5215],[73.3671,4.5209],[73.367,4.5207],[73.367,4.5206],[73.367,4.5203],[73.3669,4.5202],[73.3668,4.5195],[73.3668,4.5195],[73.3669,4.5192],[73.3675,4.5187],[73.3676,4.518],[73.3676,4.518],[73.3675,4.5179],[73.3674,4.5175],[73.3674,4.5174],[73.3673,4.5171],[73.3674,4.517],[73.3674,4.5169],[73.3675,4.5168],[73.3684,4.517],[73.3691,4.5169],[73.3691,4.5168],[73.3693,4.5167],[73.3693,4.5165],[73.3695,4.5161],[73.3696,4.5158],[73.3697,4.5157],[73.3698,4.5154],[73.3699,4.5152],[73.3698,4.5149],[73.3697,4.514],[73.3691,4.5134],[73.3687,4.5131],[73.3681,4.5132],[73.3679,4.5128],[73.3678,4.5124],[73.3676,4.5118],[73.3679,4.5117],[73.3683,4.5116],[73.3685,4.5112],[73.3685,4.5106],[73.3684,4.5085],[73.3678,4.508],[73.3679,4.5079],[73.3679,4.5078],[73.3681,4.5073],[73.3685,4.5077],[73.3687,4.5081],[73.3688,4.5083],[73.3689,4.5086],[73.3689,4.5087],[73.369,4.5088],[73.3691,4.5093],[73.3692,4.5096],[73.3692,4.5101],[73.3699,4.5102],[73.3698,4.5095],[73.3699,4.5088],[73.37,4.5077],[73.3709,4.5076],[73.3712,4.5078],[73.3712,4.5086],[73.3712,4.5096],[73.3715,4.51],[73.3715,4.5101],[73.3717,4.5102],[73.3717,4.5104],[73.3719,4.5107],[73.3715,4.5113],[73.3714,4.5114],[73.3712,4.5118],[73.3712,4.5119],[73.3711,4.5128],[73.3712,4.5138],[73.3712,4.5138],[73.3712,4.514],[73.3712,4.5142],[73.3711,4.5146],[73.371,4.5149],[73.3711,4.5154],[73.3711,4.516],[73.3711,4.5163],[73.3709,4.5161],[73.3709,4.5155],[73.3709,4.5154],[73.3706,4.5156],[73.3705,4.516],[73.3707,4.5163],[73.3706,4.5166],[73.3708,4.5168],[73.3708,4.5176],[73.3709,4.5177],[73.371,4.518],[73.3714,4.5188],[73.3719,4.5191],[73.372,4.5195],[73.3718,4.5197],[73.3717,4.5199],[73.3715,4.5198],[73.3712,4.5195],[73.3701,4.5183],[73.3698,4.5182],[73.3698,4.5183],[73.3698,4.5184],[73.3695,4.5183],[73.3689,4.5186],[73.3682,4.5192],[73.3682,4.5189],[73.3681,4.5189],[73.3679,4.5191]]],[[[73.3674,4.5225],[73.3671,4.5227],[73.3666,4.5225],[73.3668,4.522],[73.367,4.5219],[73.367,4.5218],[73.367,4.5216],[73.3671,4.5216],[73.3673,4.5216],[73.3673,4.5223],[73.3672,4.5223],[73.3674,4.5225]]],[[[73.3726,4.5317],[73.3728,4.5322],[73.373,4.5327],[73.3728,4.5332],[73.3727,4.5333],[73.373,4.5339],[73.373,4.5346],[73.3725,4.5349],[73.3721,4.5344],[73.372,4.5338],[73.3722,4.5334],[73.3724,4.5332],[73.3725,4.5317],[73.3726,4.5317]]],[[[73.6228,4.5417],[73.6219,4.5416],[73.6214,4.5416],[73.6208,4.5416],[73.6208,4.5414],[73.6192,4.5412],[73.6192,4.5409],[73.6191,4.5407],[73.6191,4.5406],[73.62,4.5405],[73.62,4.5406],[73.6206,4.5407],[73.6217,4.5408],[73.6227,4.5409],[73.6234,4.5411],[73.6229,4.5414],[73.6229,4.5415],[73.6228,4.5417]]],[[[73.4068,4.5425],[73.406,4.5429],[73.4056,4.543],[73.4055,4.5431],[73.4049,4.543],[73.4047,4.5428],[73.4048,4.5425],[73.405,4.5423],[73.4051,4.5425],[73.4052,4.5424],[73.4054,4.5425],[73.4054,4.5424],[73.4058,4.5423],[73.4061,4.5424],[73.4065,4.5422],[73.4066,4.542],[73.4068,4.5422],[73.4068,4.5425]]],[[[73.4632,4.5466],[73.4629,4.5466],[73.4632,4.5463],[73.4632,4.5466]]],[[[73.461,4.5468],[73.461,4.5467],[73.4611,4.5467],[73.461,4.5468]]],[[[73.461,4.5469],[73.4604,4.5471],[73.4596,4.5471],[73.4602,4.5469],[73.4609,4.5468],[73.461,4.5469]]],[[[73.5814,4.5809],[73.5813,4.5809],[73.5814,4.5808],[73.5814,4.5809]]],[[[73.582,4.5812],[73.582,4.5811],[73.5821,4.5811],[73.582,4.5812]]],[[[73.5801,4.5799],[73.5802,4.5801],[73.58,4.5803],[73.5797,4.5806],[73.5794,4.5809],[73.5794,4.5811],[73.5794,4.5812],[73.5798,4.5813],[73.58,4.5815],[73.5798,4.5821],[73.5794,4.5821],[73.5794,4.5822],[73.5797,4.5823],[73.5795,4.5824],[73.5796,4.5826],[73.5794,4.5829],[73.5793,4.5823],[73.5793,4.5822],[73.5791,4.5816],[73.5791,4.5813],[73.5789,4.5811],[73.5788,4.5805],[73.5791,4.5803],[73.5792,4.58],[73.5794,4.5797],[73.5795,4.5795],[73.5801,4.5799]]],[[[73.4151,4.5898],[73.4152,4.5901],[73.4148,4.5904],[73.414,4.5905],[73.4139,4.5902],[73.4142,4.5896],[73.415,4.5896],[73.4151,4.5898]]],[[[73.5926,4.5906],[73.5919,4.591],[73.5912,4.5912],[73.5909,4.5914],[73.5902,4.5909],[73.5898,4.5904],[73.5895,4.5902],[73.5894,4.5897],[73.5891,4.5896],[73.5887,4.5896],[73.5881,4.5891],[73.5883,4.5887],[73.5886,4.5887],[73.5887,4.5887],[73.589,4.5889],[73.5892,4.5891],[73.5897,4.5893],[73.5899,4.5897],[73.5898,4.5899],[73.5901,4.5901],[73.5907,4.59],[73.5912,4.5899],[73.5916,4.5897],[73.592,4.5899],[73.5925,4.59],[73.5928,4.5899],[73.593,4.59],[73.5926,4.5906]]],[[[73.476,4.5993],[73.4758,4.5992],[73.4761,4.5991],[73.476,4.5993]]],[[[73.4607,4.5994],[73.46,4.5994],[73.4605,4.5992],[73.4608,4.5992],[73.4607,4.5994]]],[[[73.5824,4.6023],[73.5823,4.6022],[73.5824,4.6022],[73.5824,4.6023]]],[[[73.4918,4.6042],[73.492,4.6043],[73.4921,4.6048],[73.4926,4.605],[73.4928,4.6053],[73.4924,4.6059],[73.4917,4.606],[73.4911,4.6061],[73.491,4.6065],[73.4908,4.6066],[73.4907,4.6059],[73.491,4.605],[73.4912,4.6046],[73.4918,4.6041],[73.4918,4.6042]]],[[[73.5617,4.6321],[73.5617,4.6322],[73.5621,4.6325],[73.5624,4.633],[73.5625,4.6333],[73.5626,4.6334],[73.5628,4.6337],[73.5624,4.6336],[73.5618,4.6332],[73.5617,4.633],[73.5616,4.633],[73.5616,4.6329],[73.5615,4.6329],[73.5613,4.6325],[73.5614,4.6323],[73.5613,4.6322],[73.5616,4.6321],[73.5616,4.632],[73.5617,4.6321]]],[[[73.4055,4.6353],[73.4054,4.6354],[73.4053,4.6352],[73.4055,4.6352],[73.4055,4.6353]]],[[[73.5651,4.6354],[73.5654,4.6355],[73.5657,4.6357],[73.566,4.6362],[73.5662,4.6367],[73.566,4.6371],[73.5655,4.6373],[73.5651,4.6363],[73.565,4.636],[73.5648,4.6354],[73.5651,4.6354],[73.5651,4.6354]]],[[[73.4036,4.6385],[73.4032,4.6383],[73.4028,4.6384],[73.4016,4.6382],[73.4001,4.6381],[73.4001,4.6373],[73.4003,4.6369],[73.4005,4.6368],[73.4015,4.637],[73.4017,4.6371],[73.402,4.6372],[73.4023,4.6373],[73.4027,4.6374],[73.4033,4.6379],[73.4037,4.6382],[73.4036,4.6385]]],[[[73.5021,4.6774],[73.502,4.6776],[73.502,4.6777],[73.5018,4.6778],[73.5003,4.6778],[73.5002,4.6777],[73.5001,4.6776],[73.5002,4.6775],[73.5003,4.6773],[73.5004,4.6772],[73.5004,4.677],[73.5005,4.677],[73.5006,4.6767],[73.5011,4.6761],[73.5015,4.6761],[73.502,4.6768],[73.5021,4.6774]]],[[[73.4516,4.6902],[73.4515,4.6901],[73.4516,4.6901],[73.4516,4.6902]]],[[[73.4501,4.6923],[73.4498,4.6923],[73.4499,4.6915],[73.4502,4.6913],[73.4503,4.691],[73.4506,4.6906],[73.4507,4.6902],[73.4509,4.6899],[73.4509,4.6898],[73.451,4.6898],[73.451,4.6895],[73.4512,4.6894],[73.4513,4.6891],[73.4516,4.6882],[73.4518,4.688],[73.4517,4.6889],[73.4518,4.6889],[73.4517,4.689],[73.4517,4.6892],[73.4516,4.6892],[73.4516,4.6899],[73.4515,4.69],[73.4515,4.6903],[73.4516,4.6903],[73.4514,4.6904],[73.4514,4.6905],[73.4514,4.6906],[73.4513,4.6908],[73.4513,4.6908],[73.4512,4.6911],[73.4511,4.6912],[73.4512,4.6913],[73.451,4.6914],[73.451,4.6918],[73.4508,4.6921],[73.4505,4.6921],[73.4505,4.6922],[73.4504,4.6922],[73.4501,4.6923]]],[[[73.4863,4.7303],[73.4865,4.7305],[73.486,4.7304],[73.4862,4.7302],[73.4863,4.7303]]],[[[73.4991,4.738],[73.4992,4.7377],[73.4981,4.7362],[73.4977,4.7364],[73.4974,4.7362],[73.4972,4.7357],[73.4971,4.7354],[73.4971,4.7353],[73.4972,4.7353],[73.4972,4.7352],[73.4975,4.7352],[73.4978,4.7352],[73.499,4.7343],[73.4995,4.7342],[73.5001,4.7339],[73.5005,4.734],[73.5014,4.7346],[73.5017,4.7349],[73.502,4.7352],[73.5023,4.7355],[73.5024,4.7356],[73.5026,4.7358],[73.5025,4.7365],[73.5015,4.7377],[73.5006,4.7376],[73.5003,4.7376],[73.4998,4.7378],[73.4993,4.738],[73.4991,4.738]]],[[[73.4991,4.738],[73.499,4.7381],[73.4988,4.7381],[73.4989,4.738],[73.4991,4.738]]],[[[73.4988,4.7381],[73.4988,4.7382],[73.4987,4.7382],[73.4988,4.7381]]],[[[73.4276,4.7864],[73.4274,4.7865],[73.4269,4.7866],[73.4264,4.7863],[73.4254,4.7864],[73.4255,4.7861],[73.4278,4.7859],[73.4289,4.7857],[73.431,4.7857],[73.431,4.7857],[73.4311,4.7858],[73.4311,4.786],[73.4302,4.7861],[73.4299,4.7861],[73.429,4.7862],[73.4276,4.7864]]],[[[73.0024,4.8798],[73.0021,4.8797],[73.0023,4.8796],[73.0024,4.8798]]],[[[72.999,4.8794],[72.9996,4.8796],[73.0,4.88],[72.9993,4.8802],[72.9988,4.8798],[72.9985,4.8798],[72.9981,4.8795],[72.9973,4.8794],[72.997,4.8787],[72.9959,4.8788],[72.9958,4.879],[72.9957,4.8791],[72.9952,4.8786],[72.9944,4.8788],[72.9942,4.8788],[72.9934,4.8785],[72.9929,4.8781],[72.9927,4.8773],[72.9934,4.8764],[72.9944,4.8746],[72.9947,4.8732],[72.9948,4.8705],[72.995,4.8691],[72.995,4.869],[72.9952,4.869],[72.9952,4.8687],[72.9951,4.8682],[72.9952,4.8675],[72.9953,4.8675],[72.9953,4.8674],[72.9954,4.8668],[72.9955,4.8662],[72.9956,4.866],[72.9956,4.8659],[72.9957,4.8652],[72.9956,4.8641],[72.9954,4.8631],[72.9953,4.8623],[72.9959,4.8618],[72.9964,4.8617],[72.9972,4.8623],[72.9975,4.8627],[72.9985,4.8636],[72.9997,4.8653],[73.0003,4.8668],[73.0004,4.8675],[73.0004,4.8692],[73.0002,4.8693],[73.0004,4.8698],[73.0005,4.8709],[73.0006,4.8711],[73.0008,4.8717],[73.001,4.8721],[73.0012,4.8726],[73.0013,4.8733],[73.0017,4.874],[73.0018,4.8742],[73.0019,4.8743],[73.0019,4.8745],[73.0026,4.875],[73.0032,4.8751],[73.0037,4.8749],[73.0048,4.8748],[73.006,4.8751],[73.0066,4.8752],[73.0071,4.875],[73.0075,4.8749],[73.0078,4.8753],[73.0074,4.8766],[73.0066,4.8778],[73.0056,4.8788],[73.0051,4.8788],[73.005,4.8788],[73.005,4.8787],[73.0047,4.8785],[73.0044,4.8787],[73.0044,4.8791],[73.0045,4.8793],[73.0044,4.8793],[73.0044,4.8794],[73.004,4.8794],[73.0035,4.8794],[73.0033,4.8793],[73.0033,4.8794],[73.0031,4.8794],[73.0025,4.8795],[73.0023,4.8795],[73.0022,4.8795],[73.0017,4.8798],[73.0011,4.8798],[73.0015,4.8793],[73.001,4.8786],[73.0007,4.8786],[73.0,4.8783],[72.9993,4.8781],[72.9983,4.8781],[72.9982,4.8787],[72.999,4.8794]]],[[[72.9677,4.8822],[72.9675,4.8825],[72.967,4.8826],[72.9666,4.8827],[72.9662,4.8828],[72.9643,4.8832],[72.9631,4.8833],[72.9633,4.8831],[72.9649,4.8825],[72.9658,4.882],[72.9667,4.8818],[72.9673,4.882],[72.9677,4.8821],[72.968,4.882],[72.9683,4.882],[72.9683,4.8818],[72.9687,4.8818],[72.9692,4.8815],[72.9701,4.8811],[72.9705,4.8809],[72.971,4.8806],[72.9718,4.8802],[72.9719,4.8802],[72.972,4.8802],[72.9722,4.88],[72.9733,4.8796],[72.974,4.8793],[72.9748,4.8791],[72.9755,4.8789],[72.9762,4.8793],[72.977,4.8796],[72.9773,4.8799],[72.9766,4.8805],[72.9757,4.8807],[72.9754,4.8809],[72.974,4.8814],[72.9723,4.8816],[72.9708,4.8816],[72.9705,4.8816],[72.9702,4.8817],[72.9697,4.8818],[72.9696,4.8819],[72.9694,4.8819],[72.9692,4.882],[72.9686,4.882],[72.9686,4.882],[72.9682,4.8821],[72.9677,4.8822]]],[[[72.9628,4.8836],[72.9628,4.8835],[72.9629,4.8835],[72.9628,4.8836]]],[[[72.9593,4.8847],[72.9586,4.8847],[72.9583,4.8847],[72.9585,4.8846],[72.9585,4.8845],[72.9586,4.8846],[72.9586,4.8846],[72.9588,4.8845],[72.959,4.8844],[72.9612,4.8835],[72.9617,4.8836],[72.9618,4.8837],[72.9618,4.8836],[72.9621,4.8836],[72.9621,4.8837],[72.9621,4.8837],[72.9622,4.8838],[72.9613,4.8842],[72.9604,4.8844],[72.9599,4.8845],[72.9593,4.8847]]],[[[72.9365,4.8857],[72.9359,4.8859],[72.9355,4.886],[72.9342,4.886],[72.9338,4.8859],[72.9325,4.8859],[72.9319,4.8858],[72.9299,4.8858],[72.9294,4.8857],[72.9293,4.8857],[72.9291,4.8858],[72.9276,4.8859],[72.9269,4.8853],[72.9268,4.8852],[72.9267,4.885],[72.9274,4.885],[72.9275,4.8851],[72.928,4.8851],[72.9283,4.8853],[72.9284,4.8851],[72.9293,4.885],[72.9313,4.8849],[72.9322,4.8847],[72.9324,4.8846],[72.9324,4.8846],[72.9327,4.8846],[72.9327,4.8845],[72.933,4.8845],[72.933,4.8844],[72.9341,4.8841],[72.9341,4.8842],[72.9343,4.8841],[72.9347,4.884],[72.9352,4.8838],[72.936,4.8837],[72.9366,4.8836],[72.9372,4.8835],[72.9378,4.8835],[72.9378,4.8834],[72.9381,4.8834],[72.9381,4.8835],[72.9383,4.8834],[72.9383,4.8833],[72.9384,4.8834],[72.9386,4.8833],[72.9389,4.8833],[72.9389,4.8832],[72.9396,4.8832],[72.9396,4.8833],[72.9399,4.8833],[72.9402,4.8838],[72.9402,4.8839],[72.9404,4.884],[72.9402,4.884],[72.9402,4.8841],[72.9401,4.8841],[72.9398,4.8843],[72.9393,4.8844],[72.9393,4.8845],[72.9392,4.8845],[72.9392,4.8844],[72.9387,4.8844],[72.9372,4.8849],[72.9368,4.8855],[72.9365,4.8857]]],[[[73.4671,4.9658],[73.4667,4.966],[73.4667,4.9661],[73.4663,4.9663],[73.466,4.9663],[73.4655,4.9663],[73.4654,4.9662],[73.4653,4.9662],[73.4651,4.9661],[73.465,4.9659],[73.4642,4.9655],[73.464,4.965],[73.4641,4.965],[73.4642,4.9647],[73.4641,4.9641],[73.4641,4.964],[73.4637,4.9633],[73.4637,4.9632],[73.4636,4.9632],[73.4636,4.9631],[73.4635,4.9631],[73.4635,4.963],[73.4634,4.9629],[73.4629,4.9621],[73.4624,4.9619],[73.4622,4.9613],[73.4617,4.9607],[73.4614,4.9604],[73.4611,4.96],[73.4608,4.9599],[73.4607,4.9601],[73.4603,4.9595],[73.4591,4.9583],[73.459,4.958],[73.459,4.958],[73.4587,4.9576],[73.4579,4.9569],[73.4577,4.9568],[73.4576,4.9568],[73.4574,4.9566],[73.4572,4.9566],[73.457,4.9565],[73.4568,4.9565],[73.4563,4.9563],[73.4559,4.9562],[73.4557,4.9561],[73.4555,4.9561],[73.4555,4.956],[73.455,4.9558],[73.4548,4.9557],[73.4546,4.9556],[73.4543,4.9554],[73.4539,4.9552],[73.4539,4.9552],[73.4525,4.9548],[73.4516,4.9546],[73.4515,4.9545],[73.4512,4.9545],[73.4504,4.9543],[73.4504,4.9543],[73.4497,4.9542],[73.4495,4.9542],[73.449,4.9545],[73.4479,4.9545],[73.4479,4.9539],[73.4478,4.9539],[73.4477,4.9539],[73.4477,4.9536],[73.4478,4.9536],[73.4479,4.9536],[73.448,4.9529],[73.4481,4.9527],[73.4482,4.9525],[73.4482,4.9524],[73.4482,4.9519],[73.4483,4.9519],[73.4483,4.9518],[73.4483,4.9517],[73.4484,4.9517],[73.4484,4.9516],[73.4484,4.9515],[73.4485,4.9515],[73.4486,4.9512],[73.4488,4.9513],[73.4488,4.9512],[73.4489,4.9512],[73.4489,4.9511],[73.4491,4.9508],[73.4495,4.9501],[73.4498,4.95],[73.4498,4.95],[73.4498,4.95],[73.45,4.9499],[73.45,4.9498],[73.4502,4.9498],[73.4502,4.9497],[73.4504,4.9496],[73.4505,4.9497],[73.4506,4.9497],[73.4506,4.9496],[73.4509,4.9494],[73.4509,4.9493],[73.451,4.9493],[73.4512,4.9492],[73.4513,4.9491],[73.4518,4.9489],[73.4519,4.949],[73.4523,4.9487],[73.4531,4.9485],[73.4532,4.9485],[73.4536,4.9484],[73.454,4.9482],[73.454,4.9482],[73.4542,4.9482],[73.4542,4.9481],[73.4543,4.9481],[73.4543,4.948],[73.4544,4.948],[73.4544,4.9479],[73.4545,4.9479],[73.4545,4.9478],[73.4546,4.9478],[73.4549,4.9474],[73.4554,4.9473],[73.4561,4.9473],[73.4568,4.9475],[73.4579,4.9477],[73.4597,4.9483],[73.4606,4.9486],[73.461,4.9488],[73.4619,4.9492],[73.4637,4.9502],[73.4657,4.9515],[73.468,4.9537],[73.4687,4.9547],[73.4699,4.956],[73.4703,4.9565],[73.4713,4.9583],[73.4716,4.9593],[73.4717,4.9609],[73.4715,4.962],[73.471,4.9632],[73.4706,4.9637],[73.4705,4.9641],[73.4702,4.9645],[73.4695,4.9649],[73.4688,4.9655],[73.4683,4.9657],[73.4677,4.9658],[73.4675,4.9658],[73.4671,4.9658]]],[[[72.9057,4.9994],[72.9067,4.9996],[72.9071,4.9997],[72.908,5.0001],[72.9084,5.0005],[72.9085,5.0012],[72.9081,5.002],[72.9074,5.0032],[72.9061,5.0033],[72.9052,5.0028],[72.9043,5.0019],[72.9038,5.0017],[72.9036,5.0015],[72.9034,5.0006],[72.9035,5.0005],[72.9037,5.0002],[72.9041,4.9996],[72.9046,4.9994],[72.9056,4.9994],[72.9057,4.9994]]],[[[72.8573,5.0085],[72.8569,5.0088],[72.8568,5.009],[72.8559,5.0097],[72.8556,5.0099],[72.8557,5.0096],[72.8558,5.0093],[72.856,5.0092],[72.8561,5.009],[72.8565,5.0083],[72.8568,5.008],[72.8568,5.0079],[72.8569,5.0079],[72.8569,5.0078],[72.857,5.0078],[72.857,5.0077],[72.8573,5.0072],[72.8578,5.0068],[72.8587,5.0064],[72.8588,5.0065],[72.8589,5.0065],[72.8591,5.0062],[72.8592,5.0061],[72.8597,5.006],[72.86,5.0062],[72.8595,5.0066],[72.8593,5.0064],[72.8592,5.0063],[72.8591,5.0067],[72.8588,5.0069],[72.8586,5.0072],[72.8584,5.0073],[72.8583,5.0074],[72.8581,5.0075],[72.8581,5.0076],[72.858,5.0076],[72.858,5.0077],[72.8579,5.0078],[72.8579,5.0079],[72.8578,5.0079],[72.8578,5.008],[72.8578,5.0081],[72.8577,5.0081],[72.8577,5.0082],[72.8576,5.0082],[72.8573,5.0085]]],[[[72.9222,5.0104],[72.9221,5.0106],[72.922,5.0107],[72.922,5.0098],[72.9218,5.0092],[72.9204,5.006],[72.9202,5.0057],[72.9202,5.0051],[72.9205,5.0046],[72.9211,5.0043],[72.9219,5.0042],[72.922,5.0043],[72.9237,5.0044],[72.9242,5.0047],[72.9247,5.0052],[72.9251,5.0063],[72.9254,5.0069],[72.9255,5.0085],[72.9254,5.0098],[72.9252,5.01],[72.9251,5.0101],[72.9245,5.0105],[72.9242,5.0106],[72.9238,5.0102],[72.9222,5.0104]]],[[[72.9458,5.0095],[72.9457,5.0098],[72.9454,5.0099],[72.9451,5.0101],[72.9449,5.0105],[72.9447,5.0106],[72.9447,5.0109],[72.9444,5.0113],[72.9443,5.0117],[72.9442,5.0118],[72.9442,5.0119],[72.9438,5.012],[72.9436,5.0118],[72.943,5.0117],[72.9423,5.0109],[72.9419,5.0106],[72.9412,5.0096],[72.9406,5.0093],[72.9399,5.0093],[72.9396,5.0095],[72.9393,5.0097],[72.9385,5.0101],[72.9382,5.0093],[72.9382,5.0085],[72.9379,5.0078],[72.9379,5.0071],[72.9387,5.0065],[72.9393,5.0063],[72.9398,5.0064],[72.9403,5.0069],[72.941,5.0071],[72.9421,5.0074],[72.9425,5.0076],[72.9432,5.0078],[72.9453,5.0082],[72.9456,5.0084],[72.9457,5.0084],[72.946,5.0083],[72.9461,5.0085],[72.9462,5.0085],[72.9462,5.0086],[72.9463,5.0087],[72.9465,5.009],[72.9458,5.0095]]],[[[72.9442,5.0126],[72.944,5.0125],[72.944,5.0122],[72.9443,5.0122],[72.9442,5.0126]]],[[[72.9534,5.0114],[72.9532,5.0116],[72.9525,5.0119],[72.9515,5.0123],[72.9508,5.0128],[72.9503,5.0131],[72.9499,5.0129],[72.95,5.0119],[72.9505,5.0111],[72.9516,5.0104],[72.9518,5.01],[72.9521,5.0099],[72.9525,5.0103],[72.9528,5.0107],[72.9532,5.011],[72.9532,5.0108],[72.9533,5.011],[72.9533,5.011],[72.9533,5.011],[72.9536,5.0109],[72.954,5.0114],[72.9537,5.0115],[72.9536,5.0115],[72.9536,5.0114],[72.9534,5.0114]]],[[[72.9637,5.0145],[72.9635,5.0144],[72.9638,5.0144],[72.9637,5.0145]]],[[[72.9663,5.0157],[72.9666,5.0158],[72.9661,5.0159],[72.9659,5.0156],[72.9663,5.0155],[72.9663,5.0157]]],[[[72.8391,5.0252],[72.8385,5.0254],[72.8373,5.0255],[72.8372,5.0252],[72.8374,5.0237],[72.8378,5.0223],[72.8385,5.0214],[72.8392,5.0207],[72.84,5.0202],[72.841,5.0202],[72.841,5.0203],[72.8412,5.0204],[72.8412,5.0211],[72.8417,5.0218],[72.8426,5.0222],[72.8432,5.0222],[72.8433,5.0225],[72.8429,5.0229],[72.8406,5.025],[72.8402,5.0252],[72.8397,5.0252],[72.8391,5.0252]]],[[[72.8826,5.0405],[72.8828,5.0406],[72.8826,5.0406],[72.8826,5.0408],[72.8819,5.0416],[72.8812,5.0418],[72.8807,5.0418],[72.8807,5.0411],[72.8806,5.0407],[72.8806,5.0406],[72.8806,5.0405],[72.8805,5.0403],[72.8804,5.0402],[72.8807,5.0383],[72.8806,5.0369],[72.8809,5.037],[72.881,5.0373],[72.8811,5.0373],[72.8811,5.0374],[72.8814,5.0374],[72.8821,5.0379],[72.8826,5.0385],[72.8828,5.039],[72.8829,5.04],[72.8827,5.0401],[72.8827,5.0401],[72.8829,5.0402],[72.8827,5.0402],[72.8827,5.0403],[72.8826,5.0403],[72.8826,5.0405]]],[[[72.8379,5.0619],[72.8375,5.0621],[72.8374,5.0622],[72.8369,5.0624],[72.8366,5.0622],[72.8368,5.0619],[72.8371,5.0617],[72.8372,5.0618],[72.8372,5.0617],[72.8375,5.0617],[72.8379,5.0619]]],[[[73.033,5.0627],[73.0331,5.0632],[73.0333,5.0634],[73.0331,5.0635],[73.0324,5.0636],[73.0315,5.0636],[73.0311,5.0639],[73.0302,5.0641],[73.0298,5.0639],[73.0296,5.0635],[73.0297,5.0631],[73.03,5.063],[73.0302,5.0627],[73.0306,5.0627],[73.031,5.0625],[73.032,5.0622],[73.033,5.0627]]],[[[72.8562,5.0635],[72.8569,5.0636],[72.857,5.064],[72.8554,5.0641],[72.8554,5.0636],[72.856,5.0635],[72.8561,5.0634],[72.8562,5.0635]]],[[[72.8574,5.0642],[72.8573,5.064],[72.8576,5.064],[72.8574,5.0642]]],[[[73.0323,5.0708],[73.0324,5.0708],[73.0324,5.0709],[73.0325,5.0709],[73.0325,5.071],[73.0326,5.0711],[73.0327,5.0712],[73.0326,5.0712],[73.0325,5.0714],[73.0319,5.0716],[73.0314,5.0715],[73.0315,5.0711],[73.0318,5.0708],[73.0322,5.0708],[73.0323,5.0707],[73.0323,5.0708]]],[[[72.8774,5.0776],[72.8774,5.0779],[72.8775,5.0779],[72.8778,5.0779],[72.8778,5.078],[72.8779,5.078],[72.8779,5.0781],[72.8781,5.0781],[72.8789,5.0787],[72.8787,5.0788],[72.8773,5.0781],[72.8772,5.0778],[72.8769,5.0775],[72.8774,5.0776]]],[[[73.0659,5.0929],[73.0653,5.0932],[73.0636,5.0936],[73.0629,5.0938],[73.0616,5.0945],[73.0608,5.0947],[73.0597,5.0948],[73.0594,5.0945],[73.0595,5.094],[73.0601,5.0929],[73.0606,5.0926],[73.0608,5.0927],[73.0608,5.0926],[73.061,5.0925],[73.061,5.0923],[73.0618,5.0917],[73.0624,5.0915],[73.0627,5.0914],[73.063,5.0913],[73.0641,5.091],[73.0648,5.0906],[73.065,5.0905],[73.0651,5.0903],[73.0653,5.0903],[73.0662,5.0914],[73.066,5.0922],[73.0659,5.0929]]],[[[73.0729,5.1033],[73.0726,5.1036],[73.0724,5.1038],[73.0717,5.1045],[73.0717,5.1049],[73.0716,5.1055],[73.0708,5.1058],[73.0678,5.1059],[73.067,5.1056],[73.0667,5.1052],[73.0667,5.1051],[73.0663,5.1046],[73.066,5.1031],[73.0662,5.1026],[73.0669,5.1019],[73.0681,5.1014],[73.0683,5.1013],[73.0689,5.101],[73.0699,5.1006],[73.0704,5.1005],[73.0707,5.1003],[73.0712,5.1001],[73.0722,5.0998],[73.0725,5.0997],[73.0733,5.0996],[73.0747,5.0993],[73.0755,5.0995],[73.076,5.1002],[73.0762,5.1007],[73.076,5.1012],[73.0751,5.1023],[73.0745,5.1026],[73.0741,5.1031],[73.0739,5.1033],[73.0733,5.103],[73.0729,5.1033]]],[[[73.0826,5.109],[73.0829,5.1092],[73.0829,5.1096],[73.0818,5.1109],[73.0814,5.1112],[73.0812,5.1114],[73.0808,5.1118],[73.0806,5.1119],[73.0802,5.1123],[73.0791,5.113],[73.0781,5.1137],[73.0773,5.1141],[73.0767,5.1145],[73.0765,5.1146],[73.0765,5.1147],[73.0761,5.1149],[73.076,5.115],[73.0758,5.1151],[73.0756,5.1153],[73.0743,5.1158],[73.0739,5.1159],[73.0736,5.116],[73.0732,5.1161],[73.0728,5.1156],[73.0731,5.1147],[73.0732,5.1146],[73.0738,5.1136],[73.0742,5.1131],[73.0743,5.113],[73.0754,5.1118],[73.0771,5.1107],[73.0777,5.1103],[73.0784,5.1098],[73.0795,5.1093],[73.0804,5.109],[73.0811,5.1089],[73.0826,5.109]]],[[[72.9075,5.1346],[72.9074,5.1345],[72.9075,5.1344],[72.9075,5.1346]]],[[[72.913,5.1334],[72.9131,5.1339],[72.9127,5.1343],[72.9117,5.1345],[72.9086,5.1346],[72.9085,5.1346],[72.9081,5.1344],[72.9077,5.1343],[72.9074,5.1342],[72.9075,5.1341],[72.9076,5.1337],[72.9079,5.1335],[72.9083,5.1333],[72.9084,5.1332],[72.909,5.1331],[72.909,5.1331],[72.9093,5.133],[72.9094,5.133],[72.9095,5.1329],[72.9102,5.1327],[72.9104,5.1327],[72.9105,5.1325],[72.911,5.1327],[72.911,5.1328],[72.9111,5.1327],[72.9116,5.1326],[72.9122,5.1328],[72.913,5.1334]]],[[[72.9075,5.1346],[72.9079,5.1346],[72.9076,5.1347],[72.9075,5.1346]]],[[[72.9084,5.1348],[72.9081,5.1347],[72.9084,5.1346],[72.9084,5.1348]]],[[[72.9102,5.1349],[72.91,5.1348],[72.9102,5.1347],[72.9102,5.1349]]],[[[72.909,5.1349],[72.9088,5.1348],[72.9091,5.1347],[72.909,5.1349]]],[[[73.1108,5.1331],[73.1105,5.1337],[73.11,5.1346],[73.1097,5.1348],[73.1098,5.135],[73.1098,5.1354],[73.1088,5.1368],[73.1084,5.1372],[73.1077,5.1373],[73.1066,5.1371],[73.1058,5.1365],[73.1056,5.1359],[73.1055,5.1356],[73.1052,5.1354],[73.1051,5.1352],[73.1054,5.135],[73.1057,5.1345],[73.1053,5.1342],[73.1059,5.1334],[73.1064,5.1332],[73.1065,5.1332],[73.1067,5.1331],[73.1067,5.133],[73.1068,5.133],[73.1069,5.1329],[73.1077,5.1326],[73.1104,5.1324],[73.111,5.1327],[73.111,5.1329],[73.1108,5.1331]]],[[[73.1157,5.1422],[73.1156,5.1423],[73.1155,5.1424],[73.115,5.1429],[73.1142,5.1433],[73.1128,5.1435],[73.1124,5.1434],[73.1121,5.1431],[73.1126,5.1421],[73.1135,5.1411],[73.1141,5.1402],[73.1145,5.1399],[73.1152,5.1394],[73.1157,5.1392],[73.1161,5.139],[73.1166,5.1388],[73.1173,5.1394],[73.1176,5.1402],[73.1164,5.1414],[73.116,5.1418],[73.116,5.1419],[73.1159,5.1419],[73.1159,5.142],[73.1159,5.142],[73.1157,5.1422]]],[[[73.1298,5.16],[73.1283,5.1601],[73.1282,5.16],[73.1278,5.16],[73.1259,5.1601],[73.1252,5.1599],[73.1249,5.1596],[73.1247,5.1594],[73.1243,5.1592],[73.1244,5.1584],[73.1246,5.1581],[73.1266,5.1571],[73.1275,5.1568],[73.1276,5.1568],[73.1277,5.1567],[73.128,5.1567],[73.1281,5.1565],[73.1284,5.1563],[73.1297,5.1558],[73.1306,5.1553],[73.1316,5.1548],[73.132,5.1548],[73.1321,5.1547],[73.1336,5.1539],[73.134,5.1537],[73.1342,5.1536],[73.1349,5.1533],[73.1356,5.1532],[73.1361,5.1532],[73.1365,5.1537],[73.1364,5.1538],[73.1365,5.154],[73.1366,5.1541],[73.1367,5.1546],[73.1361,5.1556],[73.136,5.1563],[73.1364,5.1573],[73.1361,5.1581],[73.1355,5.1585],[73.1351,5.1587],[73.1348,5.1585],[73.1332,5.1592],[73.1333,5.1597],[73.1326,5.1599],[73.1316,5.1597],[73.131,5.1598],[73.1298,5.16]]],[[[73.051,5.1641],[73.0503,5.164],[73.0501,5.1638],[73.05,5.1634],[73.0498,5.1635],[73.0499,5.1631],[73.0502,5.163],[73.0503,5.1629],[73.0508,5.1627],[73.0515,5.1625],[73.0521,5.1621],[73.0526,5.1619],[73.053,5.1616],[73.0539,5.1614],[73.0544,5.1612],[73.0547,5.1611],[73.0548,5.161],[73.0553,5.1609],[73.0558,5.1613],[73.0556,5.1618],[73.0554,5.162],[73.0555,5.1623],[73.0551,5.163],[73.0544,5.1631],[73.0533,5.1634],[73.053,5.1637],[73.0529,5.1638],[73.0523,5.1638],[73.0516,5.1638],[73.0516,5.1639],[73.0513,5.1639],[73.0511,5.1639],[73.051,5.1641]]],[[[72.9973,5.1734],[72.9974,5.1738],[72.9973,5.1746],[72.997,5.1754],[72.9968,5.1758],[72.9956,5.1766],[72.9948,5.1769],[72.994,5.1764],[72.9939,5.1752],[72.9943,5.1744],[72.9958,5.1734],[72.9965,5.173],[72.997,5.1729],[72.9973,5.1734]]],[[[73.0317,5.1814],[73.0316,5.1816],[73.0314,5.1814],[73.0316,5.1813],[73.0317,5.1814]]],[[[73.1328,5.1832],[73.1327,5.1831],[73.1328,5.1831],[73.1328,5.1832]]],[[[73.133,5.1835],[73.1329,5.1835],[73.133,5.1834],[73.133,5.1835]]],[[[73.1648,5.1867],[73.1646,5.1873],[73.164,5.1874],[73.1638,5.1875],[73.1636,5.1876],[73.1638,5.1877],[73.1635,5.1878],[73.1635,5.1876],[73.1627,5.1876],[73.1626,5.1874],[73.1628,5.187],[73.1636,5.1866],[73.1643,5.1864],[73.1648,5.1867]]],[[[73.1223,5.1892],[73.122,5.1894],[73.122,5.1897],[73.1219,5.1895],[73.1216,5.1895],[73.1209,5.1894],[73.1204,5.1892],[73.1201,5.1886],[73.1203,5.1879],[73.1208,5.1872],[73.1228,5.1863],[73.1236,5.1862],[73.1249,5.1863],[73.1257,5.1867],[73.1258,5.187],[73.1254,5.1877],[73.1251,5.1881],[73.1249,5.1884],[73.1245,5.1888],[73.124,5.1891],[73.1235,5.1887],[73.1223,5.1892]]],[[[73.1348,5.1901],[73.135,5.1902],[73.1349,5.1905],[73.1346,5.1906],[73.1346,5.1907],[73.1342,5.1909],[73.1336,5.1914],[73.1332,5.1916],[73.1328,5.192],[73.1326,5.1921],[73.1325,5.1923],[73.1322,5.1924],[73.1318,5.1926],[73.1314,5.1928],[73.1308,5.1927],[73.1307,5.1925],[73.1315,5.1925],[73.1317,5.1924],[73.1317,5.1923],[73.1309,5.1923],[73.1308,5.1923],[73.1308,5.1922],[73.1306,5.1922],[73.1305,5.1921],[73.1301,5.1921],[73.1302,5.1915],[73.1306,5.1904],[73.1309,5.1902],[73.131,5.1901],[73.1315,5.1897],[73.1319,5.1896],[73.132,5.1897],[73.1325,5.1895],[73.1341,5.1894],[73.1345,5.1896],[73.1348,5.1901]]],[[[73.0924,5.1942],[73.0926,5.1944],[73.0924,5.1945],[73.0922,5.1942],[73.0923,5.1941],[73.0924,5.1942]]],[[[73.0919,5.1941],[73.0922,5.1943],[73.0917,5.1945],[73.0913,5.1943],[73.091,5.1941],[73.0908,5.1943],[73.0901,5.194],[73.0893,5.1939],[73.0886,5.1937],[73.0885,5.1935],[73.0904,5.1934],[73.0905,5.1934],[73.0912,5.1937],[73.0915,5.1941],[73.0916,5.1941],[73.0919,5.1941]]],[[[73.0872,5.2054],[73.0876,5.2057],[73.0875,5.2063],[73.0871,5.2066],[73.087,5.2068],[73.0865,5.2072],[73.0859,5.2075],[73.0854,5.2077],[73.0852,5.2078],[73.085,5.208],[73.0841,5.2081],[73.0825,5.208],[73.0824,5.2072],[73.0824,5.2068],[73.0829,5.2061],[73.0833,5.2059],[73.0834,5.2058],[73.0839,5.2056],[73.0842,5.2055],[73.0843,5.2054],[73.0846,5.2052],[73.0849,5.2053],[73.0849,5.2052],[73.085,5.2052],[73.0857,5.2049],[73.086,5.2051],[73.0861,5.2049],[73.0867,5.205],[73.0871,5.2051],[73.0872,5.2054]]],[[[73.1278,5.2127],[73.1279,5.2128],[73.1281,5.2128],[73.1284,5.2131],[73.1286,5.2135],[73.1281,5.2146],[73.1274,5.2154],[73.1274,5.2155],[73.1273,5.2156],[73.1272,5.2156],[73.1271,5.2157],[73.1268,5.2161],[73.1265,5.2164],[73.1261,5.2168],[73.1256,5.2172],[73.1249,5.2176],[73.124,5.2175],[73.1229,5.217],[73.1225,5.2168],[73.1221,5.2167],[73.122,5.2151],[73.1223,5.215],[73.1224,5.2148],[73.1229,5.2142],[73.1231,5.2141],[73.1232,5.2139],[73.1237,5.2135],[73.1243,5.2133],[73.1247,5.213],[73.1252,5.2129],[73.1257,5.2128],[73.1268,5.2126],[73.1278,5.2127]]],[[[73.1522,5.2177],[73.1519,5.2174],[73.1522,5.2174],[73.1522,5.2177]]],[[[73.1552,5.2168],[73.1543,5.2173],[73.1541,5.2175],[73.154,5.2176],[73.1537,5.2178],[73.1534,5.2178],[73.1526,5.2176],[73.1524,5.2174],[73.1526,5.217],[73.1532,5.2166],[73.1535,5.2165],[73.1538,5.2164],[73.1541,5.2165],[73.1543,5.2163],[73.1548,5.2162],[73.1553,5.2164],[73.1552,5.2168]]],[[[72.8774,5.2334],[72.877,5.2335],[72.8766,5.2337],[72.8758,5.2338],[72.8752,5.2333],[72.8751,5.2332],[72.875,5.2332],[72.875,5.2328],[72.8751,5.2328],[72.8752,5.2326],[72.8753,5.2324],[72.8757,5.2321],[72.8765,5.2318],[72.8769,5.2315],[72.8772,5.2314],[72.8772,5.2313],[72.8777,5.2311],[72.8777,5.2312],[72.8779,5.2311],[72.8782,5.2313],[72.8787,5.2309],[72.8794,5.2308],[72.8797,5.2311],[72.8796,5.2315],[72.8792,5.232],[72.8793,5.2321],[72.879,5.2323],[72.8789,5.2323],[72.8788,5.2324],[72.8783,5.2327],[72.8782,5.233],[72.8781,5.233],[72.8781,5.2331],[72.878,5.2331],[72.878,5.2332],[72.8779,5.2332],[72.8778,5.2332],[72.8778,5.2333],[72.8777,5.2333],[72.8774,5.2334]]],[[[73.1394,5.2348],[73.1394,5.2351],[73.139,5.2355],[73.1379,5.2356],[73.1377,5.2354],[73.1388,5.2348],[73.1395,5.2347],[73.1394,5.2348]]],[[[73.1688,5.2357],[73.1684,5.2359],[73.1683,5.2355],[73.1686,5.2353],[73.1688,5.2357]]],[[[73.168,5.2363],[73.1679,5.236],[73.168,5.236],[73.168,5.2363]]],[[[73.1114,5.2364],[73.1113,5.2363],[73.1114,5.2362],[73.1114,5.2364]]],[[[73.1161,5.2336],[73.1146,5.2347],[73.1141,5.2349],[73.1135,5.235],[73.1131,5.2355],[73.1126,5.2357],[73.1124,5.2357],[73.1123,5.2358],[73.1122,5.2358],[73.1118,5.236],[73.1112,5.2362],[73.1111,5.2363],[73.1113,5.2364],[73.111,5.2365],[73.1103,5.2365],[73.1105,5.2362],[73.1104,5.2362],[73.1103,5.2359],[73.1104,5.2354],[73.1106,5.2349],[73.1108,5.2348],[73.1111,5.2344],[73.1114,5.2343],[73.1116,5.2338],[73.112,5.2337],[73.1124,5.2334],[73.1132,5.2329],[73.1141,5.2322],[73.1147,5.2318],[73.1147,5.2318],[73.1149,5.2315],[73.1153,5.2313],[73.1156,5.2313],[73.116,5.231],[73.1168,5.2313],[73.1172,5.2318],[73.1171,5.2322],[73.117,5.2323],[73.1168,5.2327],[73.1167,5.2329],[73.1161,5.2336]]],[[[73.5171,5.2441],[73.5169,5.2442],[73.5168,5.2444],[73.5165,5.2442],[73.5166,5.2441],[73.5167,5.2439],[73.5171,5.2441]]],[[[73.5172,5.2446],[73.5167,5.2446],[73.5171,5.2444],[73.5172,5.2446]]],[[[72.895,5.2485],[72.8944,5.2489],[72.8928,5.2488],[72.8924,5.2487],[72.8921,5.2487],[72.8921,5.2484],[72.8921,5.2483],[72.8922,5.2483],[72.8922,5.2482],[72.8924,5.2482],[72.8924,5.2481],[72.8928,5.248],[72.8942,5.2479],[72.8949,5.2481],[72.895,5.2485]]],[[[73.1441,5.2525],[73.1434,5.2525],[73.1428,5.2525],[73.1422,5.2523],[73.1419,5.2521],[73.1411,5.2518],[73.141,5.2516],[73.1415,5.2515],[73.1416,5.2516],[73.142,5.2517],[73.1423,5.2519],[73.1437,5.2523],[73.1443,5.2524],[73.1441,5.2525]]],[[[73.1636,5.2528],[73.1636,5.2528],[73.1637,5.2528],[73.1637,5.2529],[73.1638,5.2529],[73.1638,5.253],[73.1641,5.2534],[73.164,5.2535],[73.1643,5.2539],[73.1644,5.2549],[73.1645,5.256],[73.1646,5.2566],[73.1646,5.2569],[73.1645,5.257],[73.1644,5.2572],[73.1642,5.2573],[73.1641,5.2573],[73.1638,5.2573],[73.1632,5.2565],[73.1628,5.2556],[73.1626,5.2544],[73.1627,5.2535],[73.1629,5.2529],[73.1632,5.2528],[73.1635,5.2527],[73.1636,5.2528]]],[[[73.1562,5.2621],[73.1561,5.2629],[73.1558,5.2632],[73.1552,5.2631],[73.155,5.2631],[73.1545,5.2629],[73.1543,5.2624],[73.1544,5.262],[73.1545,5.2619],[73.1545,5.2614],[73.1548,5.2613],[73.1555,5.2612],[73.1562,5.2621]]],[[[72.877,5.2643],[72.8774,5.2644],[72.8776,5.2645],[72.877,5.2646],[72.8752,5.2645],[72.875,5.2644],[72.876,5.2643],[72.8762,5.2641],[72.8758,5.2641],[72.8753,5.2641],[72.8753,5.2639],[72.8756,5.2634],[72.8762,5.2634],[72.8761,5.2635],[72.8759,5.2639],[72.8765,5.2639],[72.8768,5.2639],[72.877,5.2643]]],[[[73.1292,5.2664],[73.1295,5.267],[73.1291,5.2678],[73.1286,5.2682],[73.1278,5.2683],[73.1277,5.2676],[73.1279,5.2665],[73.1285,5.2661],[73.1289,5.266],[73.1292,5.2664]]],[[[73.1622,5.2692],[73.1624,5.2693],[73.1625,5.2694],[73.1622,5.2695],[73.1622,5.2692]]],[[[73.1622,5.2692],[73.1618,5.2692],[73.1617,5.2694],[73.1609,5.2695],[73.1602,5.2691],[73.1603,5.2685],[73.16,5.2686],[73.1603,5.2682],[73.1604,5.2683],[73.1606,5.2683],[73.1608,5.2682],[73.1612,5.2681],[73.1617,5.2683],[73.162,5.2687],[73.162,5.2689],[73.1623,5.269],[73.1622,5.2692]]],[[[73.571,5.2702],[73.5709,5.2702],[73.571,5.2701],[73.571,5.2702]]],[[[73.571,5.2702],[73.5711,5.2702],[73.5711,5.2703],[73.571,5.2703],[73.571,5.2702]]],[[[73.5711,5.2703],[73.5712,5.2703],[73.5711,5.2704],[73.5711,5.2703]]],[[[73.5885,5.2746],[73.5881,5.2741],[73.5877,5.2739],[73.5868,5.2737],[73.5857,5.2731],[73.5855,5.273],[73.5855,5.273],[73.5853,5.2729],[73.5848,5.2727],[73.5842,5.2723],[73.5841,5.2723],[73.5841,5.2723],[73.584,5.2723],[73.5835,5.2722],[73.5836,5.2719],[73.5841,5.2721],[73.5841,5.2721],[73.5842,5.2721],[73.5842,5.2722],[73.5844,5.2721],[73.5848,5.2722],[73.5851,5.2724],[73.5854,5.2725],[73.5855,5.2725],[73.5855,5.2725],[73.586,5.2726],[73.5866,5.2728],[73.5873,5.273],[73.588,5.2732],[73.5889,5.2733],[73.5893,5.2735],[73.5897,5.2737],[73.59,5.274],[73.59,5.2743],[73.5902,5.2742],[73.5907,5.2744],[73.5903,5.2746],[73.5896,5.2745],[73.5885,5.2746]]],[[[73.0256,5.2742],[73.026,5.2745],[73.0261,5.2749],[73.0256,5.2755],[73.0249,5.2755],[73.0246,5.2751],[73.0246,5.2742],[73.0256,5.2742],[73.0256,5.2742]]],[[[73.0204,5.2754],[73.0201,5.2758],[73.0197,5.2758],[73.0198,5.2752],[73.0202,5.2751],[73.0204,5.2754]]],[[[73.0341,5.2732],[73.0344,5.2734],[73.0348,5.2737],[73.035,5.2742],[73.0349,5.2751],[73.0346,5.2754],[73.0344,5.2757],[73.0337,5.2759],[73.0331,5.2759],[73.032,5.2755],[73.0315,5.2752],[73.0314,5.2747],[73.0318,5.2739],[73.0327,5.2734],[73.0332,5.2732],[73.034,5.2732],[73.0341,5.2732]]],[[[73.0431,5.2731],[73.0435,5.2732],[73.0442,5.2738],[73.0441,5.275],[73.0437,5.2757],[73.0432,5.2762],[73.0425,5.2763],[73.0414,5.2757],[73.041,5.2752],[73.0411,5.274],[73.0415,5.2734],[73.0423,5.2731],[73.0431,5.2731],[73.0431,5.2731]]],[[[72.9968,5.2763],[72.9969,5.2767],[72.9967,5.277],[72.9959,5.2772],[72.9956,5.2766],[72.9959,5.276],[72.9966,5.276],[72.9968,5.2763]]],[[[73.0098,5.2769],[73.0093,5.2772],[73.0092,5.2769],[73.0077,5.2769],[73.0075,5.2764],[73.0077,5.2756],[73.0092,5.2742],[73.0096,5.2739],[73.0106,5.2734],[73.0116,5.2733],[73.0117,5.2734],[73.012,5.2736],[73.0121,5.2737],[73.0124,5.2738],[73.0126,5.2741],[73.0128,5.2747],[73.0128,5.2751],[73.0126,5.2757],[73.0121,5.2763],[73.0113,5.2767],[73.0098,5.2769]]],[[[73.6028,5.2751],[73.6031,5.2751],[73.6036,5.2752],[73.6045,5.2759],[73.6048,5.2761],[73.6057,5.2764],[73.6061,5.2766],[73.6067,5.2769],[73.6073,5.2772],[73.6077,5.2774],[73.6082,5.2777],[73.6089,5.2781],[73.6099,5.2795],[73.6106,5.2803],[73.611,5.2809],[73.6112,5.2811],[73.6112,5.2816],[73.6101,5.2812],[73.6093,5.2811],[73.6089,5.2808],[73.6073,5.2801],[73.6066,5.2796],[73.6055,5.2792],[73.6053,5.2786],[73.6045,5.2775],[73.604,5.2773],[73.6035,5.2768],[73.6031,5.2764],[73.6028,5.2761],[73.6024,5.2759],[73.6024,5.2757],[73.6022,5.2756],[73.6022,5.275],[73.6027,5.2749],[73.6028,5.2751]]],[[[73.6211,5.28],[73.6212,5.2803],[73.6215,5.2804],[73.6215,5.2805],[73.6216,5.2805],[73.6216,5.2806],[73.6217,5.2807],[73.6224,5.281],[73.623,5.281],[73.6235,5.2813],[73.6249,5.2825],[73.6251,5.2833],[73.6248,5.2835],[73.6245,5.2835],[73.6242,5.2834],[73.6241,5.2834],[73.6236,5.2832],[73.6227,5.2826],[73.6222,5.2819],[73.6221,5.2815],[73.6209,5.2805],[73.621,5.2804],[73.6209,5.2804],[73.6209,5.2803],[73.6208,5.2802],[73.6209,5.2802],[73.6209,5.2799],[73.6211,5.28]]],[[[73.1368,5.2797],[73.1378,5.2802],[73.1381,5.2806],[73.1387,5.2811],[73.1391,5.2817],[73.1392,5.2827],[73.1393,5.2833],[73.1388,5.2835],[73.1384,5.2838],[73.1383,5.284],[73.1382,5.2841],[73.1382,5.2844],[73.1381,5.2845],[73.1376,5.2842],[73.1372,5.284],[73.137,5.2839],[73.1368,5.2838],[73.1367,5.2837],[73.1363,5.2835],[73.1359,5.2832],[73.1356,5.2826],[73.1357,5.2824],[73.1355,5.2824],[73.135,5.282],[73.1349,5.2811],[73.1351,5.2805],[73.1358,5.2798],[73.1362,5.2797],[73.1368,5.2797]]],[[[73.5032,5.2868],[73.5024,5.287],[73.5018,5.2867],[73.5015,5.2867],[73.5014,5.2866],[73.5013,5.2865],[73.5008,5.2863],[73.5008,5.2862],[73.5004,5.286],[73.5003,5.2856],[73.5002,5.2855],[73.5,5.2849],[73.5002,5.2838],[73.5007,5.2832],[73.5013,5.283],[73.5015,5.2832],[73.5016,5.2832],[73.5019,5.2831],[73.502,5.2831],[73.5029,5.2829],[73.5038,5.283],[73.5041,5.2835],[73.5043,5.2839],[73.5047,5.2851],[73.5045,5.2859],[73.5038,5.2865],[73.5038,5.2866],[73.5037,5.2866],[73.5032,5.2868]]],[[[73.5038,5.287],[73.5036,5.2871],[73.5029,5.2873],[73.5027,5.2873],[73.5025,5.2871],[73.5031,5.287],[73.5038,5.2867],[73.504,5.2866],[73.5038,5.287]]],[[[73.1162,5.2864],[73.1154,5.2869],[73.1147,5.2875],[73.1138,5.2875],[73.1134,5.2872],[73.1128,5.2871],[73.1121,5.2869],[73.112,5.2868],[73.1116,5.2868],[73.1112,5.2867],[73.1109,5.2867],[73.1096,5.2867],[73.1093,5.2866],[73.1087,5.2865],[73.1087,5.2864],[73.1083,5.2863],[73.1076,5.2858],[73.1075,5.2856],[73.1082,5.2858],[73.1086,5.2857],[73.1087,5.2857],[73.1088,5.2858],[73.109,5.2858],[73.1092,5.2857],[73.1092,5.2856],[73.1093,5.2857],[73.1094,5.2857],[73.1102,5.2854],[73.111,5.2853],[73.1124,5.2854],[73.1124,5.2855],[73.1128,5.2853],[73.113,5.2853],[73.1137,5.2854],[73.1149,5.2853],[73.1149,5.2852],[73.1152,5.2851],[73.1152,5.2852],[73.1154,5.2853],[73.1163,5.2858],[73.1162,5.2864]]],[[[72.9694,5.2963],[72.9696,5.2965],[72.9698,5.2968],[72.9698,5.2975],[72.9693,5.298],[72.9687,5.2982],[72.9679,5.2979],[72.9677,5.2973],[72.968,5.2965],[72.9683,5.2963],[72.9693,5.2963],[72.9694,5.2963]]],[[[73.056,5.2979],[73.0552,5.2982],[73.0549,5.2979],[73.0552,5.2975],[73.0554,5.2972],[73.0554,5.2969],[73.0555,5.2968],[73.0555,5.2961],[73.0558,5.2956],[73.0559,5.2953],[73.0565,5.2949],[73.0567,5.2948],[73.0568,5.2947],[73.0578,5.2945],[73.0579,5.2945],[73.0589,5.2946],[73.0592,5.2949],[73.0595,5.295],[73.0594,5.2953],[73.0595,5.2956],[73.0591,5.296],[73.0589,5.2961],[73.0589,5.2962],[73.0588,5.2962],[73.0587,5.2964],[73.0584,5.2965],[73.0584,5.2966],[73.0583,5.2967],[73.0581,5.2968],[73.0579,5.297],[73.0575,5.2972],[73.0567,5.2976],[73.0567,5.2976],[73.056,5.2979]]],[[[73.072,5.2986],[73.0726,5.2989],[73.0728,5.2992],[73.0732,5.2993],[73.0733,5.2996],[73.0732,5.2999],[73.0732,5.3005],[73.0732,5.3007],[73.0722,5.3014],[73.072,5.3018],[73.0718,5.3021],[73.0713,5.3023],[73.0706,5.3024],[73.0696,5.3021],[73.0689,5.3019],[73.0688,5.3017],[73.0686,5.3014],[73.0689,5.3009],[73.0691,5.3002],[73.0689,5.2997],[73.0691,5.2995],[73.0692,5.2991],[73.0697,5.2989],[73.0705,5.2986],[73.072,5.2986]]],[[[73.4883,5.3037],[73.4879,5.3036],[73.488,5.3034],[73.488,5.3034],[73.4881,5.3034],[73.4882,5.3032],[73.4884,5.3032],[73.4885,5.303],[73.4886,5.3032],[73.4888,5.3033],[73.4883,5.3037]]],[[[73.4804,5.309],[73.4798,5.3092],[73.4792,5.3091],[73.479,5.3089],[73.479,5.3085],[73.479,5.3077],[73.4788,5.307],[73.4792,5.3065],[73.4794,5.3065],[73.4801,5.3072],[73.4811,5.3071],[73.4815,5.307],[73.4832,5.3067],[73.4843,5.3063],[73.4864,5.3058],[73.487,5.3057],[73.4873,5.3061],[73.4872,5.3063],[73.487,5.3066],[73.487,5.3071],[73.4868,5.3073],[73.4863,5.3078],[73.4854,5.3088],[73.4844,5.3091],[73.4837,5.3091],[73.4826,5.3089],[73.4809,5.3088],[73.4804,5.309]]],[[[73.0778,5.317],[73.0777,5.3169],[73.0775,5.317],[73.0776,5.3161],[73.0779,5.3164],[73.0778,5.3168],[73.0779,5.3169],[73.0778,5.317]]],[[[73.6472,5.3229],[73.6471,5.3228],[73.6472,5.3228],[73.6472,5.3229]]],[[[73.4735,5.3204],[73.4737,5.3208],[73.4738,5.3209],[73.4742,5.3212],[73.4743,5.3218],[73.4742,5.3226],[73.4737,5.3231],[73.4727,5.3231],[73.4724,5.3231],[73.4724,5.323],[73.4719,5.3227],[73.4719,5.3221],[73.4718,5.3221],[73.4718,5.3219],[73.4717,5.3219],[73.4717,5.3213],[73.472,5.3203],[73.4722,5.3202],[73.4722,5.3202],[73.4723,5.3199],[73.4728,5.3198],[73.4735,5.3204]]],[[[73.6478,5.3254],[73.6477,5.3256],[73.648,5.3257],[73.6481,5.3261],[73.6475,5.326],[73.6472,5.3258],[73.6471,5.3254],[73.6469,5.3249],[73.6468,5.3246],[73.6468,5.3244],[73.6469,5.3244],[73.6469,5.3242],[73.6469,5.324],[73.6469,5.3238],[73.647,5.323],[73.6472,5.323],[73.6471,5.3233],[73.6472,5.3234],[73.6475,5.3238],[73.6478,5.3254]]],[[[73.6502,5.3314],[73.6501,5.3313],[73.6503,5.3313],[73.6502,5.3314]]],[[[73.4647,5.3313],[73.4653,5.3315],[73.4658,5.3318],[73.4662,5.3323],[73.4661,5.3325],[73.4662,5.333],[73.4661,5.3337],[73.4658,5.3343],[73.4655,5.3346],[73.4648,5.3353],[73.4636,5.3361],[73.4629,5.3362],[73.4617,5.3361],[73.4612,5.3358],[73.4611,5.3356],[73.4617,5.3344],[73.4619,5.3338],[73.4623,5.3331],[73.4625,5.333],[73.463,5.3323],[73.4636,5.3321],[73.4638,5.3316],[73.464,5.3313],[73.4647,5.3313],[73.4647,5.3313]]],[[[72.9539,5.3331],[72.9549,5.3336],[72.9554,5.334],[72.9557,5.3345],[72.9557,5.3351],[72.9555,5.3356],[72.9547,5.3363],[72.954,5.3367],[72.953,5.3369],[72.9523,5.3369],[72.9514,5.3365],[72.9506,5.336],[72.95,5.3356],[72.9495,5.3353],[72.9494,5.3347],[72.9498,5.3341],[72.9514,5.3334],[72.9523,5.3332],[72.9527,5.3331],[72.9539,5.3331],[72.9539,5.3331]]],[[[73.6512,5.3324],[73.6512,5.3324],[73.6512,5.3325],[73.6513,5.3325],[73.6513,5.3325],[73.6515,5.3326],[73.6516,5.3328],[73.6518,5.3329],[73.6523,5.3331],[73.653,5.3341],[73.6534,5.3348],[73.6536,5.3355],[73.6538,5.3368],[73.6541,5.339],[73.654,5.3407],[73.6536,5.3414],[73.6535,5.3416],[73.6534,5.3417],[73.6534,5.3419],[73.6533,5.3421],[73.6532,5.3427],[73.6531,5.3431],[73.6529,5.3432],[73.6522,5.3429],[73.652,5.3415],[73.6517,5.3407],[73.6515,5.3386],[73.6514,5.3383],[73.6513,5.3377],[73.6511,5.3369],[73.6508,5.336],[73.6507,5.3356],[73.6507,5.3354],[73.6506,5.3354],[73.6506,5.3353],[73.6506,5.3352],[73.6505,5.3351],[73.6502,5.3343],[73.6501,5.3338],[73.65,5.3337],[73.6496,5.3332],[73.649,5.3324],[73.6492,5.3319],[73.6494,5.3318],[73.6498,5.3318],[73.65,5.3314],[73.6503,5.3315],[73.6504,5.3317],[73.6507,5.3318],[73.6512,5.3324]]],[[[72.9708,5.3435],[72.9708,5.3434],[72.9709,5.3435],[72.9708,5.3435]]],[[[72.9708,5.3435],[72.9707,5.3436],[72.9707,5.3435],[72.9708,5.3435]]],[[[72.9709,5.3413],[72.9714,5.3419],[72.9713,5.3426],[72.9708,5.3433],[72.9704,5.3435],[72.9696,5.3436],[72.9687,5.3435],[72.9672,5.3429],[72.9665,5.3425],[72.9665,5.3422],[72.9664,5.3422],[72.9662,5.3418],[72.9662,5.3416],[72.9662,5.3414],[72.9662,5.3412],[72.9663,5.3412],[72.9664,5.3409],[72.9666,5.3408],[72.9668,5.3408],[72.9673,5.3407],[72.9673,5.3406],[72.9674,5.3407],[72.9677,5.3406],[72.9687,5.3405],[72.9696,5.3407],[72.9699,5.3409],[72.9702,5.341],[72.9709,5.3413]]],[[[73.6581,5.3445],[73.658,5.3446],[73.6579,5.3444],[73.6576,5.3441],[73.6574,5.3441],[73.6572,5.3445],[73.6571,5.3444],[73.657,5.3436],[73.6573,5.3434],[73.6574,5.3436],[73.6575,5.3436],[73.6576,5.3435],[73.658,5.3437],[73.6581,5.3445]]],[[[72.9905,5.3528],[72.9896,5.3527],[72.9893,5.3522],[72.9892,5.3522],[72.9892,5.352],[72.9889,5.352],[72.9886,5.3519],[72.9887,5.3513],[72.9892,5.3515],[72.9895,5.3515],[72.9904,5.3518],[72.9909,5.3521],[72.9911,5.3523],[72.9914,5.3524],[72.9917,5.3528],[72.9908,5.3527],[72.9905,5.3528]]],[[[73.6543,5.3477],[73.6544,5.3479],[73.6549,5.3489],[73.6551,5.3496],[73.6549,5.3523],[73.6544,5.3529],[73.6542,5.3526],[73.6538,5.3524],[73.6536,5.352],[73.6535,5.352],[73.6535,5.3519],[73.6534,5.3516],[73.6532,5.3508],[73.6531,5.3504],[73.653,5.3503],[73.653,5.3503],[73.653,5.3499],[73.6531,5.3496],[73.6535,5.3487],[73.6539,5.3478],[73.654,5.3477],[73.6541,5.3475],[73.6543,5.3477]]],[[[73.4274,5.3554],[73.4273,5.3559],[73.4267,5.356],[73.4266,5.3554],[73.4267,5.3551],[73.4272,5.3551],[73.4274,5.3554]]],[[[73.4321,5.3584],[73.4321,5.3584],[73.432,5.3587],[73.432,5.3588],[73.4321,5.3588],[73.4319,5.3592],[73.4319,5.3592],[73.4318,5.3594],[73.4313,5.3597],[73.431,5.3597],[73.4304,5.3598],[73.4296,5.3596],[73.429,5.3592],[73.4286,5.3589],[73.4284,5.3582],[73.4301,5.3583],[73.4301,5.3579],[73.4297,5.3573],[73.4291,5.3575],[73.4288,5.3575],[73.4283,5.3575],[73.428,5.3575],[73.4279,5.3571],[73.4281,5.3567],[73.429,5.3557],[73.4297,5.3553],[73.4298,5.3555],[73.43,5.3555],[73.43,5.3554],[73.4303,5.3554],[73.4303,5.3555],[73.4303,5.3554],[73.4314,5.3552],[73.4325,5.3553],[73.4331,5.3557],[73.4332,5.3564],[73.4328,5.3571],[73.4323,5.3576],[73.4321,5.3584]]],[[[72.9198,5.3578],[72.9197,5.3585],[72.9196,5.3585],[72.9196,5.3586],[72.9197,5.3588],[72.9198,5.359],[72.9199,5.3592],[72.9198,5.3594],[72.9199,5.3594],[72.9201,5.3599],[72.9199,5.3609],[72.9197,5.3612],[72.9196,5.3617],[72.9193,5.3619],[72.9185,5.3621],[72.9182,5.3617],[72.9181,5.3612],[72.9184,5.3606],[72.9185,5.3602],[72.9187,5.3598],[72.919,5.3592],[72.9192,5.359],[72.9193,5.3589],[72.9193,5.3588],[72.9194,5.3587],[72.9194,5.3584],[72.9193,5.3583],[72.9194,5.3577],[72.9198,5.3578]]],[[[72.906,5.3665],[72.906,5.3667],[72.9058,5.3669],[72.9065,5.367],[72.9062,5.3673],[72.9055,5.367],[72.9048,5.3669],[72.9047,5.3665],[72.9043,5.3664],[72.9044,5.3667],[72.9039,5.3666],[72.9034,5.3664],[72.9027,5.3661],[72.903,5.3658],[72.9041,5.3657],[72.9054,5.3658],[72.9069,5.3656],[72.9078,5.3656],[72.9079,5.3658],[72.9078,5.3659],[72.9074,5.3661],[72.907,5.3663],[72.9062,5.3664],[72.906,5.3665]]],[[[73.3407,5.3665],[73.3405,5.3665],[73.3404,5.3663],[73.3403,5.3663],[73.3403,5.3662],[73.3399,5.3662],[73.3384,5.3655],[73.3374,5.3651],[73.3374,5.3651],[73.3373,5.3651],[73.3371,5.3651],[73.3371,5.365],[73.3369,5.365],[73.3369,5.365],[73.3359,5.3651],[73.3356,5.3653],[73.3351,5.3655],[73.3341,5.3655],[73.3341,5.3656],[73.3335,5.3657],[73.333,5.3661],[73.333,5.3661],[73.3329,5.3661],[73.3329,5.3662],[73.3328,5.3662],[73.3321,5.3662],[73.3314,5.366],[73.3312,5.3654],[73.331,5.3649],[73.3311,5.3645],[73.331,5.3642],[73.3311,5.3638],[73.3319,5.3632],[73.3324,5.3631],[73.3326,5.363],[73.333,5.3629],[73.3339,5.3632],[73.3346,5.3632],[73.3353,5.3635],[73.336,5.3637],[73.3364,5.3638],[73.3366,5.364],[73.3367,5.364],[73.3369,5.3641],[73.337,5.3642],[73.3376,5.3642],[73.3379,5.3646],[73.3383,5.3647],[73.3393,5.3653],[73.3403,5.3657],[73.3405,5.3659],[73.3406,5.3658],[73.3411,5.366],[73.3423,5.3665],[73.3424,5.3666],[73.3427,5.3667],[73.3437,5.3671],[73.3444,5.3672],[73.3454,5.3676],[73.346,5.3679],[73.3458,5.3681],[73.3459,5.3682],[73.3465,5.3683],[73.3466,5.3682],[73.347,5.3684],[73.3469,5.3685],[73.3468,5.3687],[73.3459,5.3685],[73.3453,5.3682],[73.3452,5.368],[73.3451,5.368],[73.3446,5.3678],[73.3437,5.3677],[73.3433,5.3675],[73.3422,5.3672],[73.3417,5.3669],[73.3415,5.3667],[73.3414,5.3667],[73.3412,5.3666],[73.3412,5.3667],[73.3408,5.3666],[73.3407,5.3665]]],[[[73.3478,5.3691],[73.3475,5.3689],[73.3479,5.3688],[73.3478,5.3691]]],[[[73.4116,5.3692],[73.4114,5.3694],[73.4114,5.3695],[73.4109,5.3695],[73.4104,5.3694],[73.4103,5.3694],[73.4098,5.3692],[73.4096,5.369],[73.4096,5.368],[73.4099,5.3673],[73.4108,5.3663],[73.4113,5.3656],[73.4115,5.3654],[73.4119,5.365],[73.412,5.365],[73.4128,5.364],[73.4133,5.3637],[73.4133,5.3636],[73.4134,5.3636],[73.4134,5.3634],[73.4136,5.3634],[73.4136,5.3632],[73.4137,5.3632],[73.4141,5.3628],[73.4145,5.3626],[73.415,5.3621],[73.4152,5.362],[73.4152,5.3619],[73.4155,5.3617],[73.4161,5.3612],[73.4166,5.3609],[73.417,5.3607],[73.4186,5.3592],[73.4195,5.3585],[73.42,5.3579],[73.4199,5.3575],[73.4196,5.357],[73.4201,5.3566],[73.4202,5.3565],[73.4204,5.3564],[73.4206,5.3564],[73.4207,5.3563],[73.4212,5.3567],[73.4215,5.3567],[73.4228,5.3565],[73.4231,5.3566],[73.4231,5.3565],[73.4232,5.3565],[73.4232,5.3564],[73.4233,5.3565],[73.4234,5.3565],[73.4237,5.3564],[73.4238,5.3563],[73.4247,5.3564],[73.425,5.3565],[73.425,5.3565],[73.4257,5.3568],[73.4262,5.3568],[73.4265,5.3569],[73.4264,5.3572],[73.4249,5.3575],[73.4244,5.3575],[73.4236,5.3576],[73.4225,5.358],[73.4218,5.3582],[73.4212,5.3586],[73.4204,5.359],[73.4197,5.3598],[73.4193,5.3602],[73.4192,5.3603],[73.419,5.3603],[73.419,5.3604],[73.4189,5.3604],[73.4187,5.3608],[73.4185,5.3609],[73.4184,5.3612],[73.4179,5.3615],[73.4179,5.3616],[73.4179,5.3617],[73.4178,5.3617],[73.4177,5.3618],[73.4176,5.362],[73.4175,5.362],[73.4175,5.3621],[73.4172,5.3621],[73.4171,5.3623],[73.4169,5.3626],[73.4165,5.3631],[73.4163,5.3633],[73.4161,5.3635],[73.4162,5.3639],[73.4157,5.3641],[73.4154,5.3643],[73.4153,5.3646],[73.4151,5.3648],[73.4151,5.3649],[73.415,5.3649],[73.4149,5.3651],[73.4146,5.3653],[73.4146,5.3656],[73.4144,5.3656],[73.4142,5.3658],[73.414,5.3663],[73.4135,5.3669],[73.4134,5.367],[73.4134,5.3672],[73.4133,5.3672],[73.4132,5.3677],[73.4126,5.3685],[73.4123,5.3686],[73.4123,5.3687],[73.412,5.3691],[73.4117,5.369],[73.4116,5.3692]]],[[[73.6519,5.3691],[73.6516,5.3696],[73.6512,5.3696],[73.6507,5.3684],[73.6505,5.3677],[73.6503,5.3672],[73.6503,5.3671],[73.6501,5.3664],[73.65,5.3659],[73.65,5.3653],[73.6506,5.3646],[73.651,5.3639],[73.652,5.3617],[73.6521,5.3617],[73.6521,5.3613],[73.6521,5.3613],[73.6522,5.3609],[73.6527,5.3594],[73.6529,5.3583],[73.653,5.3547],[73.6534,5.3545],[73.6536,5.3548],[73.6537,5.3548],[73.654,5.3549],[73.6543,5.355],[73.6541,5.3551],[73.654,5.3552],[73.6541,5.3553],[73.6543,5.3554],[73.6545,5.3556],[73.6551,5.3557],[73.6556,5.3564],[73.6556,5.3565],[73.656,5.357],[73.6561,5.357],[73.6561,5.3571],[73.6563,5.3572],[73.6565,5.3575],[73.6569,5.3584],[73.6568,5.3607],[73.6569,5.3607],[73.6569,5.3609],[73.6568,5.3609],[73.6569,5.3611],[73.657,5.3611],[73.657,5.3612],[73.6573,5.3618],[73.6572,5.362],[73.6573,5.3623],[73.6574,5.3642],[73.6575,5.3648],[73.6576,5.3655],[73.6574,5.3659],[73.6571,5.3658],[73.6571,5.3664],[73.657,5.3671],[73.6561,5.3675],[73.6552,5.3676],[73.6551,5.3672],[73.6554,5.3663],[73.6555,5.3657],[73.6557,5.3654],[73.6557,5.3649],[73.6557,5.3645],[73.6559,5.3639],[73.6559,5.3624],[73.6559,5.3623],[73.6557,5.3619],[73.6555,5.3601],[73.6555,5.3596],[73.6554,5.359],[73.6553,5.3578],[73.655,5.3574],[73.6549,5.3565],[73.6546,5.3563],[73.654,5.3567],[73.6539,5.3575],[73.6541,5.3578],[73.654,5.3582],[73.6539,5.3582],[73.654,5.3584],[73.6539,5.3589],[73.6538,5.3597],[73.6535,5.3606],[73.6534,5.3611],[73.6531,5.3615],[73.6527,5.3625],[73.6524,5.3634],[73.6522,5.3638],[73.652,5.3641],[73.652,5.3642],[73.6519,5.3643],[73.6516,5.3653],[73.6518,5.3655],[73.6524,5.3646],[73.6527,5.3645],[73.6525,5.365],[73.652,5.3667],[73.6519,5.3691]],[[73.6513,5.3668],[73.6512,5.367],[73.6513,5.367],[73.6513,5.3674],[73.6514,5.3675],[73.6516,5.3672],[73.6515,5.3668],[73.6514,5.3668],[73.6513,5.3668]],[[73.6505,5.3653],[73.6504,5.3657],[73.6506,5.3662],[73.6506,5.3662],[73.6506,5.3652],[73.6505,5.3653]]],[[[73.3499,5.3694],[73.35,5.3694],[73.35,5.3696],[73.3502,5.3696],[73.3499,5.3697],[73.3499,5.3696],[73.3496,5.3695],[73.3495,5.3695],[73.3489,5.3694],[73.3488,5.3691],[73.3495,5.3692],[73.3496,5.3693],[73.3498,5.3692],[73.3499,5.3694]]],[[[73.4078,5.3687],[73.4079,5.3688],[73.4082,5.3693],[73.4083,5.3698],[73.4075,5.3699],[73.4074,5.3689],[73.4077,5.3687],[73.4078,5.3687]]],[[[73.3785,5.3755],[73.3784,5.3754],[73.3785,5.3754],[73.3785,5.3755]]],[[[73.3858,5.3763],[73.3859,5.3763],[73.3861,5.3763],[73.3861,5.3765],[73.3862,5.3765],[73.3865,5.3765],[73.3866,5.3767],[73.3864,5.3769],[73.3858,5.377],[73.3849,5.377],[73.3847,5.3769],[73.3844,5.3769],[73.3843,5.3769],[73.3842,5.3768],[73.384,5.3768],[73.3832,5.3765],[73.3822,5.3764],[73.3811,5.3762],[73.3805,5.376],[73.3803,5.3758],[73.3801,5.3757],[73.3795,5.3753],[73.3801,5.3753],[73.3803,5.3755],[73.3804,5.3754],[73.382,5.3756],[73.3829,5.3758],[73.3839,5.376],[73.385,5.3761],[73.3857,5.3763],[73.3857,5.3763],[73.3858,5.3762],[73.3858,5.3763]]],[[[72.9549,5.3768],[72.9548,5.3771],[72.9549,5.3772],[72.9546,5.3778],[72.9547,5.3772],[72.9541,5.3765],[72.9542,5.3757],[72.9545,5.3756],[72.9549,5.3761],[72.9551,5.3763],[72.9553,5.3767],[72.9552,5.3769],[72.955,5.3766],[72.9549,5.3768]]],[[[72.9029,5.3817],[72.9029,5.3821],[72.9027,5.3826],[72.9023,5.3825],[72.9015,5.3817],[72.9014,5.3816],[72.9016,5.3815],[72.9017,5.3814],[72.9024,5.3813],[72.9029,5.3817]]],[[[72.9789,5.3935],[72.9788,5.3936],[72.9781,5.3935],[72.978,5.3929],[72.9783,5.393],[72.9784,5.3929],[72.9783,5.3925],[72.9782,5.3924],[72.9783,5.392],[72.9787,5.3915],[72.9788,5.3914],[72.9789,5.3912],[72.9789,5.3911],[72.9789,5.3911],[72.9794,5.3906],[72.9799,5.3906],[72.9798,5.3917],[72.9797,5.3918],[72.9798,5.392],[72.9796,5.3925],[72.9795,5.393],[72.9795,5.3931],[72.9793,5.3933],[72.9791,5.3934],[72.9789,5.3933],[72.9789,5.3935]]],[[[72.9924,5.3998],[72.9929,5.4001],[72.9932,5.4004],[72.9931,5.4013],[72.9926,5.4017],[72.9916,5.4016],[72.9905,5.4016],[72.9898,5.401],[72.9897,5.4],[72.9901,5.3995],[72.9909,5.3996],[72.9913,5.3997],[72.9913,5.3997],[72.9924,5.3998]]],[[[72.8987,5.4073],[72.8991,5.4074],[72.8992,5.4076],[72.8987,5.4078],[72.8982,5.4077],[72.8982,5.4075],[72.8986,5.4072],[72.8987,5.4073]]],[[[73.6453,5.4165],[73.6451,5.4168],[73.645,5.4164],[73.6452,5.4164],[73.6453,5.4165]]],[[[73.3547,5.4174],[73.355,5.4176],[73.3547,5.4178],[73.3545,5.4175],[73.3546,5.4173],[73.3547,5.4174]]],[[[73.6501,5.3902],[73.6499,5.3904],[73.65,5.3906],[73.6499,5.3911],[73.6495,5.3934],[73.6489,5.3968],[73.6491,5.3975],[73.6497,5.3984],[73.6496,5.3989],[73.6494,5.3998],[73.6492,5.4005],[73.6492,5.4017],[73.6492,5.4018],[73.6489,5.4021],[73.6484,5.4026],[73.6477,5.4029],[73.6475,5.4036],[73.6469,5.4055],[73.6465,5.407],[73.6464,5.4078],[73.6459,5.4097],[73.6454,5.4116],[73.6453,5.4117],[73.6451,5.4123],[73.6448,5.413],[73.6442,5.4148],[73.6442,5.416],[73.6438,5.4165],[73.6436,5.4169],[73.6428,5.4178],[73.6423,5.4184],[73.6416,5.4195],[73.641,5.4197],[73.6407,5.4199],[73.6402,5.42],[73.6409,5.4187],[73.6417,5.4174],[73.6425,5.4163],[73.643,5.4154],[73.6436,5.4141],[73.644,5.413],[73.6443,5.4119],[73.6447,5.4108],[73.6448,5.4107],[73.645,5.4101],[73.6454,5.409],[73.6457,5.4081],[73.6458,5.4078],[73.646,5.4072],[73.6461,5.4068],[73.6463,5.4057],[73.6465,5.4044],[73.6472,5.4028],[73.6474,5.4021],[73.6483,5.3978],[73.6486,5.3962],[73.6488,5.3948],[73.6491,5.3925],[73.6492,5.392],[73.6494,5.3908],[73.6492,5.3899],[73.6491,5.3895],[73.649,5.389],[73.649,5.3846],[73.6489,5.3832],[73.649,5.3827],[73.6493,5.3831],[73.6497,5.3844],[73.6499,5.3849],[73.6503,5.3857],[73.6504,5.3867],[73.6504,5.3885],[73.6503,5.3886],[73.6503,5.3888],[73.6502,5.3897],[73.6501,5.3898],[73.6501,5.3899],[73.65,5.3899],[73.6501,5.3902]]],[[[73.6412,5.4215],[73.6407,5.4221],[73.6406,5.4233],[73.6403,5.4235],[73.64,5.4243],[73.6401,5.4247],[73.6404,5.4248],[73.6403,5.4249],[73.6402,5.4252],[73.6393,5.4256],[73.6388,5.4253],[73.6384,5.4247],[73.639,5.4232],[73.6395,5.4218],[73.6401,5.4217],[73.641,5.4213],[73.6412,5.4215]]],[[[73.3615,5.425],[73.3615,5.4253],[73.3616,5.4253],[73.3616,5.4255],[73.3609,5.4257],[73.361,5.4251],[73.3613,5.425],[73.3615,5.425]]],[[[73.629,5.4328],[73.6281,5.433],[73.6278,5.4329],[73.6287,5.4322],[73.6294,5.4316],[73.6296,5.4314],[73.6298,5.4314],[73.6299,5.4311],[73.63,5.4311],[73.6301,5.4308],[73.6305,5.4303],[73.6324,5.4301],[73.6328,5.4306],[73.6326,5.4312],[73.6323,5.4313],[73.6322,5.4313],[73.6322,5.4312],[73.6321,5.4312],[73.6321,5.4311],[73.632,5.4311],[73.6319,5.4311],[73.6314,5.4315],[73.6314,5.4319],[73.6316,5.432],[73.6317,5.4319],[73.6318,5.432],[73.6316,5.4322],[73.6311,5.4323],[73.6307,5.4325],[73.63,5.4326],[73.6297,5.4325],[73.6297,5.4324],[73.629,5.4328]]],[[[73.6107,5.4404],[73.6104,5.4406],[73.6103,5.4403],[73.6108,5.4403],[73.6107,5.4404]]],[[[73.6101,5.4406],[73.6096,5.441],[73.6087,5.4414],[73.6076,5.4421],[73.607,5.4423],[73.6069,5.4423],[73.6068,5.4423],[73.6068,5.442],[73.6078,5.4413],[73.6082,5.4411],[73.6083,5.441],[73.6088,5.4404],[73.6088,5.4404],[73.6089,5.4404],[73.6097,5.4403],[73.6101,5.4406]]],[[[72.9114,5.4403],[72.9113,5.4414],[72.9109,5.442],[72.91,5.4424],[72.9089,5.4422],[72.9079,5.442],[72.9062,5.4414],[72.9061,5.4413],[72.9059,5.4412],[72.9052,5.4408],[72.9051,5.4406],[72.9052,5.4404],[72.9053,5.4403],[72.9053,5.4401],[72.9054,5.4401],[72.9055,5.4398],[72.9057,5.4397],[72.9059,5.4395],[72.906,5.4394],[72.906,5.4393],[72.9066,5.439],[72.9096,5.4388],[72.9101,5.439],[72.9102,5.4391],[72.9105,5.4392],[72.9109,5.4395],[72.9114,5.4403]]],[[[73.0393,5.4467],[73.0395,5.4468],[73.0393,5.4471],[73.0388,5.447],[73.0382,5.4468],[73.0381,5.4467],[73.0378,5.4467],[73.0381,5.4465],[73.0382,5.4464],[73.0384,5.4463],[73.0393,5.4467]]],[[[72.942,5.4463],[72.9422,5.4467],[72.9423,5.4471],[72.9426,5.4474],[72.9427,5.4475],[72.9428,5.4476],[72.9431,5.448],[72.9431,5.4483],[72.9431,5.4489],[72.9427,5.4491],[72.9425,5.4491],[72.9425,5.449],[72.9423,5.4489],[72.9418,5.4488],[72.939,5.4474],[72.9391,5.4469],[72.9396,5.4466],[72.9402,5.4464],[72.9405,5.4462],[72.9411,5.4461],[72.9416,5.446],[72.942,5.4463]]],[[[73.3674,5.4406],[73.3675,5.4407],[73.3677,5.4409],[73.3678,5.4411],[73.368,5.4412],[73.3688,5.4421],[73.3689,5.4426],[73.3689,5.4428],[73.3683,5.4431],[73.368,5.4437],[73.3676,5.4448],[73.3679,5.4451],[73.3678,5.4459],[73.3676,5.4462],[73.367,5.448],[73.3669,5.4481],[73.3667,5.4489],[73.3664,5.4495],[73.3665,5.4502],[73.3662,5.4504],[73.3659,5.4502],[73.3656,5.4501],[73.3651,5.4499],[73.3646,5.4495],[73.3644,5.4491],[73.3643,5.4488],[73.3636,5.448],[73.3628,5.4465],[73.3627,5.4458],[73.3625,5.4453],[73.3624,5.4446],[73.3622,5.4435],[73.3622,5.4425],[73.3624,5.4413],[73.363,5.4405],[73.3641,5.4405],[73.3648,5.4403],[73.3661,5.4402],[73.3667,5.44],[73.367,5.4398],[73.3672,5.4399],[73.3673,5.4403],[73.3674,5.4406]]],[[[73.0263,5.4503],[73.0259,5.4504],[73.0258,5.4505],[73.0255,5.4505],[73.0255,5.4504],[73.0254,5.4503],[73.025,5.4502],[73.0242,5.4499],[73.0241,5.4498],[73.0241,5.4497],[73.024,5.4495],[73.0238,5.4495],[73.0237,5.4495],[73.0236,5.4495],[73.0225,5.449],[73.0224,5.4482],[73.0226,5.4478],[73.0232,5.4473],[73.0246,5.4471],[73.0264,5.4469],[73.0279,5.447],[73.028,5.4471],[73.0281,5.447],[73.0285,5.447],[73.0289,5.4469],[73.0294,5.4469],[73.0297,5.447],[73.0321,5.4471],[73.0325,5.4474],[73.0326,5.4472],[73.0335,5.4471],[73.0359,5.4472],[73.036,5.4474],[73.0365,5.4474],[73.0367,5.4476],[73.0362,5.448],[73.0361,5.4481],[73.0361,5.4482],[73.036,5.4482],[73.036,5.4483],[73.0359,5.4483],[73.0359,5.4483],[73.0357,5.4483],[73.0357,5.4484],[73.0356,5.4484],[73.0356,5.4485],[73.0355,5.4485],[73.0355,5.4486],[73.0355,5.4486],[73.0352,5.4488],[73.035,5.4491],[73.0347,5.4494],[73.0338,5.4495],[73.0334,5.4497],[73.0326,5.4499],[73.0319,5.4498],[73.0315,5.4498],[73.0314,5.45],[73.031,5.45],[73.0309,5.4501],[73.0293,5.4503],[73.0292,5.4502],[73.028,5.4502],[73.027,5.4501],[73.0263,5.4503]]],[[[72.9806,5.457],[72.9805,5.4568],[72.9799,5.4569],[72.9798,5.457],[72.9787,5.4569],[72.9785,5.4569],[72.9783,5.4569],[72.9783,5.4568],[72.9781,5.4568],[72.9781,5.4567],[72.978,5.4567],[72.9777,5.4567],[72.9777,5.4566],[72.9776,5.4565],[72.9773,5.4565],[72.9772,5.4564],[72.977,5.4564],[72.977,5.4562],[72.9767,5.4564],[72.9766,5.4562],[72.9768,5.4561],[72.9769,5.4559],[72.9771,5.4559],[72.9772,5.4557],[72.9781,5.4552],[72.9785,5.455],[72.9786,5.4549],[72.9793,5.4547],[72.9801,5.4545],[72.9806,5.4547],[72.9812,5.4548],[72.9813,5.4549],[72.9816,5.4548],[72.9822,5.4552],[72.9826,5.4554],[72.9828,5.4557],[72.9829,5.4559],[72.9828,5.4562],[72.9827,5.4565],[72.9817,5.4568],[72.9812,5.4569],[72.981,5.4569],[72.9806,5.457]]],[[[72.9806,5.457],[72.9805,5.4571],[72.9805,5.457],[72.9806,5.457]]],[[[72.871,5.4588],[72.8715,5.4591],[72.8716,5.4595],[72.8712,5.4596],[72.8707,5.4592],[72.8705,5.4588],[72.871,5.4587],[72.871,5.4588]]],[[[72.9549,5.4606],[72.9544,5.4606],[72.9535,5.4603],[72.9524,5.4592],[72.9519,5.4587],[72.9518,5.4569],[72.9524,5.4561],[72.9534,5.4555],[72.9546,5.4554],[72.9546,5.4555],[72.9549,5.4556],[72.9555,5.4558],[72.9567,5.4564],[72.9568,5.4566],[72.9574,5.4568],[72.9581,5.4569],[72.9581,5.457],[72.9579,5.4573],[72.9581,5.4577],[72.9587,5.4586],[72.9593,5.4587],[72.9593,5.4591],[72.9588,5.4597],[72.9582,5.4597],[72.957,5.4602],[72.9565,5.4604],[72.9563,5.4606],[72.9554,5.4605],[72.9549,5.4606]]],[[[72.8853,5.4608],[72.8858,5.4609],[72.8863,5.4614],[72.8863,5.4617],[72.8857,5.462],[72.8848,5.4619],[72.8844,5.4614],[72.8845,5.4608],[72.8853,5.4607],[72.8853,5.4608]]],[[[73.0319,5.4659],[73.031,5.4659],[73.0301,5.4658],[73.0291,5.465],[73.029,5.4639],[73.0296,5.4631],[73.0309,5.4625],[73.0316,5.462],[73.033,5.4614],[73.0349,5.461],[73.0359,5.4609],[73.037,5.4607],[73.0387,5.4605],[73.0395,5.4607],[73.0401,5.4609],[73.0403,5.4613],[73.0398,5.4616],[73.0397,5.4625],[73.0392,5.4633],[73.039,5.4634],[73.0391,5.4636],[73.0389,5.4644],[73.0388,5.4651],[73.0381,5.4651],[73.0381,5.4652],[73.0375,5.4653],[73.0368,5.4654],[73.0363,5.4657],[73.0362,5.4657],[73.0358,5.4655],[73.0344,5.4656],[73.0343,5.4656],[73.0342,5.4657],[73.0329,5.4659],[73.032,5.4658],[73.0319,5.4659]]],[[[73.0326,5.4661],[73.0318,5.4662],[73.0319,5.466],[73.0325,5.4659],[73.0326,5.4661]]],[[[73.3711,5.4606],[73.3712,5.4617],[73.3714,5.4619],[73.3715,5.463],[73.3717,5.4633],[73.3718,5.4638],[73.3717,5.4639],[73.3718,5.4641],[73.3719,5.4646],[73.3719,5.4648],[73.3719,5.4648],[73.3722,5.4653],[73.3721,5.4657],[73.3721,5.4659],[73.3721,5.466],[73.3721,5.4662],[73.3719,5.4662],[73.3719,5.466],[73.3717,5.4659],[73.3716,5.4659],[73.3716,5.4659],[73.3715,5.4659],[73.3715,5.4658],[73.3715,5.4657],[73.3712,5.4653],[73.371,5.465],[73.3708,5.4646],[73.3701,5.4642],[73.3699,5.4638],[73.3699,5.4632],[73.37,5.4626],[73.3699,5.4626],[73.3699,5.4619],[73.3697,5.4617],[73.3695,5.4606],[73.3694,5.46],[73.3691,5.4594],[73.3688,5.4595],[73.3685,5.4595],[73.3684,5.4587],[73.3685,5.4583],[73.3684,5.4573],[73.3685,5.4562],[73.3686,5.4562],[73.3687,5.4561],[73.3695,5.456],[73.3695,5.4554],[73.3696,5.4552],[73.3695,5.455],[73.3695,5.4547],[73.3696,5.4519],[73.37,5.4511],[73.3705,5.4511],[73.3708,5.4516],[73.3709,5.4527],[73.3709,5.4536],[73.3707,5.454],[73.3708,5.4541],[73.371,5.4546],[73.3709,5.4553],[73.3709,5.4558],[73.3709,5.456],[73.371,5.4561],[73.3709,5.4584],[73.3708,5.4585],[73.3709,5.4587],[73.3711,5.4606]]],[[[72.9147,5.4623],[72.9153,5.4627],[72.9166,5.4636],[72.9167,5.4644],[72.9164,5.465],[72.9155,5.4659],[72.9149,5.4662],[72.9134,5.4664],[72.9127,5.4663],[72.9122,5.4658],[72.9117,5.4656],[72.9112,5.4654],[72.9102,5.4647],[72.9101,5.4642],[72.9105,5.4633],[72.9109,5.4631],[72.912,5.4627],[72.9126,5.4626],[72.9133,5.4623],[72.9146,5.4623],[72.9147,5.4623]]],[[[73.555,5.473],[73.5549,5.4729],[73.5549,5.4728],[73.555,5.4728],[73.5551,5.4727],[73.5554,5.4725],[73.5554,5.4724],[73.5555,5.4724],[73.5557,5.4724],[73.5557,5.4722],[73.556,5.4721],[73.5567,5.4715],[73.5567,5.4714],[73.5568,5.4714],[73.5568,5.4713],[73.5569,5.4713],[73.5569,5.4712],[73.557,5.4712],[73.5573,5.471],[73.558,5.4705],[73.559,5.4696],[73.5597,5.4689],[73.5601,5.4686],[73.5601,5.4684],[73.561,5.4675],[73.5611,5.4675],[73.5617,5.4669],[73.562,5.4668],[73.5621,5.4667],[73.5625,5.4664],[73.5629,5.4662],[73.5634,5.4664],[73.5645,5.4667],[73.5648,5.4669],[73.5642,5.4674],[73.5638,5.4675],[73.5638,5.4675],[73.5635,5.4678],[73.5633,5.4678],[73.5632,5.468],[73.5625,5.4686],[73.5621,5.4687],[73.5621,5.4688],[73.5618,5.4689],[73.5618,5.469],[73.5617,5.469],[73.5616,5.469],[73.5614,5.4692],[73.5606,5.4697],[73.5604,5.4698],[73.5601,5.4699],[73.56,5.47],[73.56,5.4701],[73.5598,5.4701],[73.5598,5.4702],[73.5596,5.4702],[73.5596,5.4703],[73.5594,5.4703],[73.5594,5.4703],[73.5593,5.4703],[73.5593,5.4704],[73.5593,5.4704],[73.5593,5.4705],[73.5592,5.4705],[73.5591,5.4706],[73.559,5.4707],[73.5589,5.4708],[73.5589,5.4708],[73.5584,5.4712],[73.5582,5.4712],[73.5581,5.4714],[73.558,5.4714],[73.5579,5.4714],[73.5578,5.4716],[73.557,5.4719],[73.556,5.4725],[73.5554,5.4726],[73.555,5.473]]],[[[73.5548,5.473],[73.5547,5.4729],[73.5549,5.4729],[73.5548,5.473]]],[[[73.5543,5.4735],[73.554,5.4734],[73.5544,5.4733],[73.5543,5.4735]]],[[[72.958,5.4749],[72.9583,5.4753],[72.9578,5.4757],[72.9572,5.4761],[72.9568,5.4762],[72.9564,5.4763],[72.9549,5.4766],[72.9539,5.4766],[72.9535,5.4764],[72.9531,5.4763],[72.9529,5.4762],[72.9526,5.4761],[72.9509,5.4752],[72.9507,5.4748],[72.9502,5.4746],[72.95,5.4745],[72.9499,5.4745],[72.9498,5.4746],[72.9497,5.4746],[72.9497,5.4745],[72.9496,5.4743],[72.9494,5.4742],[72.9495,5.474],[72.9498,5.474],[72.95,5.4741],[72.9501,5.4741],[72.9506,5.4741],[72.951,5.4741],[72.9519,5.4741],[72.9529,5.4743],[72.9551,5.4744],[72.9562,5.4743],[72.9573,5.4744],[72.958,5.4749]]],[[[73.0299,5.4783],[73.0298,5.4782],[73.0299,5.4782],[73.0299,5.4783]]],[[[73.0401,5.4777],[73.0395,5.478],[73.039,5.4782],[73.0379,5.4784],[73.0357,5.4789],[73.0339,5.479],[73.0323,5.4789],[73.0311,5.4787],[73.0301,5.4786],[73.03,5.4778],[73.0302,5.4775],[73.0305,5.4772],[73.0312,5.4769],[73.0324,5.4766],[73.0343,5.4762],[73.0354,5.4759],[73.0361,5.4757],[73.0377,5.4753],[73.0387,5.4751],[73.0397,5.4749],[73.0406,5.4747],[73.042,5.4747],[73.0421,5.4747],[73.0425,5.4748],[73.043,5.475],[73.0434,5.4754],[73.0437,5.4761],[73.0433,5.4766],[73.043,5.4769],[73.0428,5.4773],[73.0424,5.4773],[73.042,5.4774],[73.0419,5.4777],[73.0415,5.4774],[73.0401,5.4777]]],[[[73.3843,5.4728],[73.3848,5.4732],[73.3856,5.4736],[73.3861,5.474],[73.3861,5.4748],[73.3863,5.4759],[73.3865,5.4762],[73.3865,5.4764],[73.3873,5.4771],[73.3874,5.4773],[73.3878,5.4776],[73.3879,5.478],[73.3885,5.4784],[73.3899,5.479],[73.3905,5.4795],[73.3909,5.4801],[73.3909,5.4801],[73.391,5.4802],[73.3913,5.4808],[73.3915,5.4813],[73.3914,5.4814],[73.3915,5.4816],[73.3915,5.4818],[73.3915,5.4822],[73.3915,5.4825],[73.3912,5.4825],[73.3912,5.4824],[73.3908,5.4823],[73.3901,5.4819],[73.39,5.4818],[73.3898,5.4817],[73.3894,5.4813],[73.3893,5.4812],[73.3888,5.4811],[73.3881,5.4806],[73.3876,5.4801],[73.3868,5.4796],[73.3852,5.4781],[73.3845,5.477],[73.3842,5.4768],[73.3835,5.4765],[73.3829,5.476],[73.3822,5.4756],[73.3817,5.4751],[73.3816,5.4745],[73.3814,5.4741],[73.3815,5.4731],[73.3814,5.4729],[73.3814,5.4727],[73.3814,5.4726],[73.3815,5.4724],[73.3817,5.4719],[73.3825,5.472],[73.3832,5.4725],[73.3836,5.4727],[73.3837,5.4726],[73.3843,5.4728]]],[[[73.4038,5.4846],[73.4037,5.4857],[73.4035,5.4858],[73.4036,5.4846],[73.4038,5.4845],[73.4038,5.4846]]],[[[72.9762,5.486],[72.9746,5.4861],[72.9733,5.4857],[72.9734,5.4855],[72.9742,5.4852],[72.9744,5.4853],[72.9744,5.4852],[72.9745,5.4852],[72.9745,5.4851],[72.9746,5.485],[72.975,5.4845],[72.9759,5.4843],[72.9765,5.4845],[72.9768,5.485],[72.9764,5.4852],[72.9765,5.4853],[72.9764,5.4855],[72.9764,5.4856],[72.9765,5.4856],[72.977,5.4855],[72.977,5.4858],[72.9762,5.486]]],[[[73.4034,5.4863],[73.4032,5.4862],[73.4033,5.4861],[73.4034,5.4863]]],[[[72.8957,5.4878],[72.8957,5.4883],[72.8954,5.4885],[72.8947,5.4884],[72.8942,5.4878],[72.8935,5.4874],[72.8933,5.4871],[72.8933,5.4857],[72.8938,5.485],[72.8959,5.4844],[72.8968,5.4844],[72.8968,5.4844],[72.8975,5.4845],[72.8981,5.4846],[72.8986,5.4847],[72.899,5.4849],[72.8991,5.4862],[72.8981,5.4873],[72.898,5.4876],[72.8975,5.4877],[72.8973,5.4873],[72.8957,5.4878]]],[[[73.5157,5.4905],[73.5158,5.4905],[73.5159,5.4907],[73.516,5.4909],[73.5155,5.4919],[73.5154,5.492],[73.5155,5.4922],[73.5153,5.4924],[73.515,5.4925],[73.515,5.4924],[73.5147,5.4923],[73.5145,5.492],[73.5144,5.4917],[73.5144,5.4915],[73.5149,5.4906],[73.5154,5.4904],[73.5157,5.4905]]],[[[73.4248,5.4929],[73.4245,5.4931],[73.4244,5.493],[73.4244,5.4929],[73.4247,5.4925],[73.4248,5.4929]]],[[[72.9394,5.4903],[72.9401,5.4908],[72.9408,5.4915],[72.941,5.4921],[72.9408,5.4929],[72.9392,5.4931],[72.9388,5.4933],[72.9378,5.4932],[72.9377,5.4931],[72.9372,5.4929],[72.9368,5.4927],[72.9361,5.4922],[72.9361,5.492],[72.936,5.4919],[72.9359,5.4917],[72.9361,5.4916],[72.9361,5.4915],[72.9364,5.4909],[72.9365,5.4907],[72.9368,5.4906],[72.937,5.4906],[72.9373,5.4903],[72.9383,5.4901],[72.9394,5.4903]]],[[[73.0406,5.4919],[73.0405,5.4924],[73.0403,5.4928],[73.0395,5.4932],[73.0382,5.4933],[73.0375,5.4931],[73.0374,5.4923],[73.0379,5.4919],[73.0395,5.4916],[73.0403,5.4915],[73.0406,5.4919]]],[[[72.9966,5.4944],[72.9966,5.4943],[72.9967,5.4944],[72.9966,5.4944]]],[[[73.4242,5.4931],[73.4245,5.4933],[73.4246,5.4939],[73.4242,5.4943],[73.424,5.4945],[73.4238,5.4946],[73.4237,5.4939],[73.424,5.4932],[73.4242,5.4931],[73.4242,5.4931]]],[[[72.9966,5.4944],[72.9966,5.4946],[72.9967,5.4948],[72.9962,5.4947],[72.9961,5.4945],[72.9966,5.4944]]],[[[72.9983,5.4944],[72.9981,5.4947],[72.9976,5.4949],[72.9969,5.4947],[72.9968,5.4944],[72.9967,5.4943],[72.9969,5.4942],[72.997,5.4941],[72.9972,5.4942],[72.9972,5.4942],[72.9973,5.4942],[72.9975,5.4942],[72.9975,5.4941],[72.9977,5.4941],[72.9981,5.494],[72.998,5.4937],[72.9982,5.4934],[72.9982,5.4938],[72.9983,5.4944]]],[[[72.8836,5.4933],[72.8843,5.4941],[72.8843,5.4947],[72.8838,5.4953],[72.8831,5.4956],[72.8819,5.4957],[72.8809,5.4955],[72.88,5.4952],[72.8792,5.4947],[72.879,5.4945],[72.8788,5.494],[72.8792,5.4932],[72.8795,5.4932],[72.8801,5.4925],[72.8806,5.4925],[72.881,5.4925],[72.8814,5.4926],[72.882,5.4926],[72.8836,5.4933]]],[[[73.4129,5.4968],[73.4129,5.4969],[73.4125,5.4971],[73.4119,5.4971],[73.4114,5.4969],[73.4114,5.4968],[73.4111,5.4966],[73.411,5.4964],[73.411,5.4964],[73.4105,5.4955],[73.4103,5.4949],[73.4094,5.4932],[73.409,5.4926],[73.4089,5.4924],[73.4088,5.4921],[73.4085,5.4914],[73.4083,5.4911],[73.4083,5.4909],[73.4082,5.4908],[73.4082,5.4907],[73.4082,5.4902],[73.408,5.4901],[73.4081,5.4887],[73.4085,5.4881],[73.4092,5.4879],[73.4098,5.4875],[73.4102,5.4874],[73.4104,5.4875],[73.4106,5.4881],[73.411,5.4884],[73.4113,5.4888],[73.4117,5.4891],[73.412,5.4895],[73.4125,5.4897],[73.4123,5.4903],[73.4132,5.491],[73.4138,5.4915],[73.4145,5.4921],[73.4149,5.492],[73.4151,5.4921],[73.4148,5.4932],[73.4149,5.4945],[73.4147,5.495],[73.4148,5.4956],[73.4147,5.4958],[73.4148,5.4958],[73.4146,5.4959],[73.4147,5.496],[73.414,5.4961],[73.4135,5.4965],[73.4134,5.4965],[73.4134,5.4966],[73.4133,5.4966],[73.4129,5.4968]]],[[[73.4333,5.5026],[73.4331,5.5027],[73.4332,5.5025],[73.4333,5.5026]]],[[[73.4333,5.5026],[73.4335,5.5025],[73.4337,5.5023],[73.4339,5.5028],[73.4338,5.5032],[73.4334,5.503],[73.4333,5.5026]]],[[[73.0425,5.5078],[73.042,5.5079],[73.0421,5.5077],[73.0425,5.5076],[73.0425,5.5078]]],[[[72.9688,5.5089],[72.9684,5.509],[72.9682,5.509],[72.9676,5.5087],[72.9674,5.5086],[72.9671,5.5084],[72.9669,5.5074],[72.9671,5.5072],[72.9672,5.507],[72.9673,5.5071],[72.9676,5.5069],[72.9684,5.5066],[72.9686,5.5066],[72.9692,5.5064],[72.97,5.5064],[72.9708,5.5071],[72.971,5.5076],[72.9707,5.5083],[72.9695,5.5087],[72.9692,5.5088],[72.9692,5.5089],[72.9691,5.5089],[72.9689,5.5089],[72.9688,5.5089]]],[[[72.9821,5.5114],[72.9806,5.5115],[72.9805,5.5115],[72.9801,5.5114],[72.9795,5.5113],[72.9793,5.5112],[72.979,5.5111],[72.9787,5.511],[72.9785,5.5107],[72.9783,5.5101],[72.9786,5.5097],[72.9791,5.5095],[72.9798,5.5097],[72.9807,5.5097],[72.9818,5.51],[72.9823,5.5103],[72.9825,5.5108],[72.9827,5.5109],[72.9825,5.5112],[72.9824,5.511],[72.9824,5.511],[72.9821,5.5114]]],[[[73.0404,5.5116],[73.0403,5.5112],[73.0401,5.5108],[73.0405,5.5098],[73.0408,5.5089],[73.0408,5.5088],[73.0408,5.5088],[73.0409,5.5086],[73.0414,5.5081],[73.0416,5.5082],[73.0416,5.5081],[73.0427,5.5079],[73.0428,5.5086],[73.043,5.509],[73.0431,5.5093],[73.0432,5.5099],[73.0432,5.5104],[73.043,5.5108],[73.0426,5.511],[73.0418,5.5112],[73.0417,5.5112],[73.0412,5.5113],[73.0411,5.5113],[73.041,5.5113],[73.0404,5.5116]]],[[[72.8256,5.5121],[72.8264,5.5125],[72.827,5.5128],[72.8284,5.5142],[72.8291,5.515],[72.8291,5.5151],[72.8286,5.5154],[72.8277,5.5153],[72.8268,5.5149],[72.8263,5.5147],[72.826,5.5142],[72.8255,5.5129],[72.825,5.5123],[72.8249,5.5121],[72.8255,5.512],[72.8256,5.5121]]],[[[73.4429,5.5208],[73.4428,5.5216],[73.442,5.5223],[73.4414,5.5226],[73.4407,5.5227],[73.4403,5.5225],[73.4404,5.5217],[73.4409,5.5206],[73.4412,5.5202],[73.4413,5.5199],[73.4413,5.5198],[73.4414,5.5198],[73.4418,5.5196],[73.4423,5.5198],[73.4427,5.5201],[73.4428,5.5201],[73.4428,5.5203],[73.4429,5.5203],[73.4429,5.5206],[73.4428,5.5206],[73.4429,5.5208]]],[[[72.8414,5.5236],[72.8416,5.5237],[72.8418,5.5238],[72.8424,5.5241],[72.8439,5.5251],[72.8446,5.5254],[72.8446,5.5254],[72.845,5.5255],[72.8454,5.5259],[72.8456,5.5261],[72.8454,5.5261],[72.8453,5.5262],[72.8442,5.5263],[72.8427,5.526],[72.8416,5.5253],[72.8412,5.5242],[72.8412,5.524],[72.8412,5.5238],[72.8411,5.5237],[72.8411,5.5236],[72.8412,5.5236],[72.8413,5.5234],[72.8414,5.5236]]],[[[72.8078,5.5282],[72.8073,5.5289],[72.8064,5.5292],[72.8062,5.5295],[72.8058,5.5294],[72.8066,5.5289],[72.8068,5.5285],[72.8071,5.5283],[72.8077,5.5281],[72.8078,5.5282]]],[[[73.0427,5.5329],[73.0419,5.533],[73.0399,5.5331],[73.0392,5.5333],[73.0378,5.5335],[73.0369,5.5332],[73.0365,5.5327],[73.0367,5.5322],[73.037,5.5319],[73.038,5.5314],[73.0386,5.5313],[73.0394,5.531],[73.0403,5.5308],[73.0415,5.5304],[73.0433,5.53],[73.0438,5.5298],[73.0441,5.5296],[73.0441,5.5296],[73.0447,5.5292],[73.0454,5.5291],[73.0465,5.5294],[73.0471,5.5299],[73.0473,5.5303],[73.047,5.5305],[73.0469,5.5307],[73.0467,5.5312],[73.0467,5.5313],[73.0467,5.5314],[73.0465,5.5317],[73.0465,5.5318],[73.0463,5.5322],[73.0461,5.5322],[73.0459,5.5323],[73.0458,5.5323],[73.0456,5.5326],[73.0451,5.5328],[73.0448,5.5327],[73.044,5.5329],[73.0439,5.5331],[73.0438,5.5331],[73.043,5.5333],[73.0428,5.5331],[73.0434,5.533],[73.0434,5.5329],[73.0427,5.5329]],[[73.0449,5.5298],[73.0447,5.5299],[73.0442,5.5301],[73.0442,5.5304],[73.0445,5.5305],[73.045,5.5303],[73.0456,5.5302],[73.0457,5.5298],[73.0454,5.5297],[73.0449,5.5298]]],[[[73.5046,5.5356],[73.5044,5.536],[73.5041,5.5358],[73.5048,5.5346],[73.5058,5.532],[73.5059,5.5319],[73.5063,5.5313],[73.5066,5.5309],[73.5068,5.5305],[73.5068,5.5304],[73.5069,5.5304],[73.5069,5.5302],[73.5074,5.5297],[73.5079,5.5295],[73.5081,5.5295],[73.5081,5.5295],[73.5084,5.5294],[73.5084,5.5298],[73.5082,5.5299],[73.5084,5.5303],[73.5081,5.5314],[73.5076,5.5325],[73.5068,5.5335],[73.5064,5.5343],[73.5061,5.5347],[73.5058,5.5349],[73.5058,5.535],[73.5057,5.535],[73.5057,5.5352],[73.5056,5.5352],[73.5055,5.5354],[73.5052,5.5358],[73.5048,5.5359],[73.5047,5.5354],[73.5046,5.5354],[73.5046,5.5356]],[[73.5048,5.5351],[73.505,5.535],[73.5052,5.5345],[73.5053,5.5341],[73.5052,5.5342],[73.5049,5.5349],[73.5048,5.5351]]],[[[73.503,5.5407],[73.5031,5.5406],[73.5031,5.5407],[73.503,5.5407]]],[[[73.503,5.5407],[73.503,5.5408],[73.5031,5.5408],[73.5033,5.5407],[73.5034,5.5409],[73.5031,5.541],[73.5026,5.5412],[73.5029,5.5408],[73.5029,5.5407],[73.503,5.5407]]],[[[73.5025,5.5413],[73.5025,5.5413],[73.5026,5.5412],[73.5025,5.5413]]],[[[73.0478,5.5478],[73.0478,5.548],[73.0478,5.548],[73.0478,5.5484],[73.048,5.5487],[73.0478,5.5491],[73.0479,5.5492],[73.0478,5.5493],[73.0478,5.5496],[73.0476,5.5506],[73.0474,5.5509],[73.0462,5.5515],[73.0454,5.5516],[73.044,5.5515],[73.0439,5.5514],[73.0423,5.5511],[73.042,5.551],[73.0409,5.5506],[73.0403,5.5503],[73.0402,5.5492],[73.0404,5.5488],[73.041,5.5485],[73.042,5.5483],[73.0424,5.5482],[73.0427,5.5477],[73.0431,5.5475],[73.0433,5.5477],[73.0434,5.5478],[73.0444,5.5476],[73.0448,5.5473],[73.0457,5.5469],[73.0467,5.547],[73.0473,5.5477],[73.0477,5.5476],[73.0478,5.5478]]],[[[73.4692,5.5528],[73.4688,5.5527],[73.4684,5.5526],[73.4684,5.5525],[73.4681,5.5525],[73.4677,5.5523],[73.4671,5.5521],[73.4668,5.5521],[73.4664,5.5521],[73.4664,5.5519],[73.4663,5.5519],[73.4655,5.5517],[73.4652,5.5508],[73.4647,5.5501],[73.4641,5.5498],[73.4636,5.5496],[73.4628,5.5493],[73.4624,5.549],[73.4618,5.5486],[73.4614,5.5484],[73.461,5.5482],[73.4607,5.5479],[73.4604,5.5477],[73.4602,5.5478],[73.4602,5.5476],[73.4597,5.5474],[73.4592,5.5472],[73.4589,5.547],[73.4588,5.5471],[73.4584,5.5471],[73.4582,5.5464],[73.4586,5.5466],[73.459,5.5467],[73.4591,5.5468],[73.4593,5.5468],[73.4597,5.5469],[73.4604,5.547],[73.4607,5.5472],[73.4608,5.547],[73.4608,5.5472],[73.461,5.5472],[73.4613,5.5473],[73.4613,5.5473],[73.4625,5.5476],[73.4638,5.5478],[73.4655,5.5477],[73.466,5.548],[73.4668,5.5486],[73.468,5.5493],[73.4691,5.5499],[73.4695,5.5501],[73.4697,5.5504],[73.4698,5.5504],[73.4703,5.5508],[73.4704,5.5508],[73.4704,5.5509],[73.4705,5.5509],[73.4705,5.551],[73.4706,5.551],[73.4706,5.5511],[73.4707,5.5511],[73.4707,5.5512],[73.4709,5.5512],[73.4711,5.5515],[73.471,5.5516],[73.4709,5.5518],[73.4707,5.5519],[73.4707,5.552],[73.4708,5.5521],[73.4703,5.5528],[73.4702,5.5525],[73.4699,5.5527],[73.4697,5.5528],[73.4695,5.5527],[73.4692,5.5528]]],[[[72.9462,5.5569],[72.9454,5.557],[72.9455,5.5565],[72.9456,5.5564],[72.9457,5.5568],[72.9461,5.5567],[72.9462,5.5569]]],[[[73.0437,5.5649],[73.0428,5.5647],[73.0421,5.5645],[73.0407,5.5643],[73.0406,5.5634],[73.0403,5.5625],[73.0405,5.5623],[73.0412,5.562],[73.0418,5.5617],[73.043,5.5614],[73.0438,5.5612],[73.0447,5.561],[73.0453,5.561],[73.0458,5.561],[73.0458,5.561],[73.0466,5.5613],[73.0472,5.5622],[73.0472,5.5625],[73.0471,5.5632],[73.0468,5.5638],[73.0464,5.5643],[73.0458,5.5647],[73.0454,5.5648],[73.0449,5.5648],[73.0437,5.5649]]],[[[72.9281,5.5651],[72.9279,5.5653],[72.9274,5.5654],[72.9277,5.5649],[72.9281,5.5646],[72.9284,5.5645],[72.9286,5.5643],[72.9288,5.5643],[72.9289,5.5646],[72.929,5.5649],[72.9286,5.5649],[72.9286,5.565],[72.9285,5.565],[72.9281,5.5651]]],[[[72.9582,5.5765],[72.9584,5.5766],[72.9582,5.5766],[72.9581,5.5769],[72.9577,5.577],[72.9573,5.5771],[72.9572,5.5772],[72.9562,5.5771],[72.956,5.5768],[72.9562,5.5764],[72.9568,5.5763],[72.9573,5.5764],[72.9574,5.5763],[72.9582,5.5765]]],[[[73.0466,5.5836],[73.0468,5.5857],[73.0467,5.5868],[73.0466,5.5872],[73.0467,5.5873],[73.0469,5.5877],[73.0461,5.5876],[73.0461,5.5874],[73.0458,5.5872],[73.0453,5.587],[73.0447,5.5869],[73.0441,5.5868],[73.0429,5.5863],[73.0426,5.586],[73.0421,5.5849],[73.042,5.5839],[73.0422,5.5834],[73.0424,5.5828],[73.0424,5.5826],[73.0425,5.5826],[73.0425,5.5825],[73.0425,5.5825],[73.0428,5.5823],[73.0437,5.5816],[73.0443,5.5808],[73.0443,5.5806],[73.0446,5.58],[73.045,5.5797],[73.0455,5.58],[73.0456,5.5799],[73.0458,5.5799],[73.046,5.5797],[73.0464,5.5794],[73.0465,5.5795],[73.0467,5.5799],[73.0465,5.5802],[73.0461,5.5807],[73.0462,5.5807],[73.0466,5.5836]]],[[[72.9535,5.6068],[72.954,5.6075],[72.9541,5.6081],[72.954,5.6088],[72.9536,5.609],[72.9529,5.609],[72.9525,5.6088],[72.9518,5.6084],[72.951,5.6077],[72.9503,5.6073],[72.9505,5.607],[72.9511,5.6069],[72.9516,5.6067],[72.9519,5.6068],[72.9523,5.6067],[72.9533,5.6066],[72.9533,5.6067],[72.9535,5.6068]]],[[[73.0468,5.6034],[73.0468,5.6035],[73.0468,5.6036],[73.0469,5.6039],[73.0469,5.604],[73.047,5.6046],[73.047,5.6046],[73.047,5.6049],[73.0472,5.6066],[73.0471,5.609],[73.0471,5.6094],[73.047,5.6095],[73.0469,5.6096],[73.0465,5.6098],[73.0463,5.6097],[73.0453,5.6095],[73.0447,5.6093],[73.0423,5.6085],[73.0416,5.6082],[73.0411,5.608],[73.0404,5.6076],[73.0402,5.6073],[73.0401,5.6073],[73.04,5.607],[73.0399,5.6069],[73.0399,5.6065],[73.0397,5.606],[73.0401,5.6057],[73.0404,5.6054],[73.0404,5.6053],[73.0405,5.6052],[73.0407,5.6051],[73.041,5.6049],[73.0412,5.6047],[73.0416,5.6045],[73.0423,5.6041],[73.0426,5.6039],[73.0427,5.6039],[73.0438,5.603],[73.0442,5.6029],[73.0442,5.6029],[73.0445,5.6028],[73.0447,5.6027],[73.0449,5.6028],[73.045,5.6026],[73.0456,5.6025],[73.0456,5.6024],[73.0457,5.6025],[73.0464,5.6025],[73.0467,5.6027],[73.0468,5.6034]]],[[[72.9694,5.6111],[72.9693,5.6106],[72.9696,5.6103],[72.9694,5.6111]]],[[[72.9193,5.6123],[72.9194,5.6123],[72.9197,5.6125],[72.9195,5.6128],[72.9189,5.6129],[72.9189,5.6127],[72.9185,5.6127],[72.9183,5.6127],[72.9184,5.6125],[72.9186,5.6125],[72.9188,5.6124],[72.9188,5.6122],[72.9192,5.6122],[72.9193,5.6123]]],[[[72.8559,5.6168],[72.8565,5.6173],[72.8563,5.6176],[72.8564,5.6176],[72.8565,5.6179],[72.8562,5.6196],[72.8561,5.6201],[72.8557,5.6205],[72.8555,5.6208],[72.8548,5.6207],[72.8546,5.6205],[72.8545,5.6204],[72.8544,5.6203],[72.8544,5.6202],[72.8543,5.6195],[72.8541,5.6193],[72.8541,5.6192],[72.8541,5.6184],[72.8541,5.618],[72.8542,5.6179],[72.8542,5.6177],[72.8544,5.6177],[72.8544,5.6173],[72.8548,5.617],[72.8551,5.6169],[72.8551,5.6168],[72.8552,5.6168],[72.8555,5.6167],[72.8559,5.6168]]],[[[72.8524,5.6223],[72.8523,5.6225],[72.8525,5.6226],[72.8522,5.6227],[72.8522,5.6225],[72.8522,5.6223],[72.8524,5.6223]]],[[[72.8525,5.6222],[72.8528,5.6224],[72.853,5.6227],[72.8527,5.6228],[72.8524,5.6221],[72.8525,5.6221],[72.8525,5.6222]]],[[[72.9243,5.63],[72.9242,5.6299],[72.9243,5.6299],[72.9243,5.63]]],[[[72.9237,5.6299],[72.9238,5.63],[72.9235,5.6301],[72.9232,5.63],[72.9232,5.6297],[72.9235,5.6292],[72.9238,5.6294],[72.9239,5.6292],[72.9241,5.6296],[72.9239,5.6298],[72.9237,5.6298],[72.9237,5.6299]]],[[[73.0421,5.6355],[73.0421,5.6356],[73.0422,5.6369],[73.042,5.6367],[73.0419,5.6362],[73.0413,5.6355],[73.0408,5.6346],[73.0403,5.6337],[73.0395,5.6321],[73.0392,5.6301],[73.0393,5.6293],[73.0394,5.6279],[73.0404,5.6261],[73.041,5.6253],[73.0413,5.6248],[73.0423,5.6236],[73.0434,5.6228],[73.0438,5.6229],[73.0439,5.6228],[73.0442,5.623],[73.0441,5.6231],[73.0444,5.6235],[73.0445,5.6241],[73.0445,5.6248],[73.0443,5.6255],[73.0442,5.626],[73.044,5.6266],[73.0438,5.627],[73.0438,5.6272],[73.0433,5.6279],[73.043,5.629],[73.043,5.6306],[73.0429,5.6313],[73.0428,5.6321],[73.0427,5.6326],[73.0425,5.6338],[73.0424,5.6349],[73.0421,5.6355]]],[[[72.8951,5.6403],[72.8947,5.6408],[72.8944,5.6408],[72.8942,5.641],[72.8939,5.6411],[72.8942,5.6404],[72.8943,5.6403],[72.8948,5.64],[72.8951,5.6403]]],[[[72.8402,5.6428],[72.8399,5.6429],[72.8398,5.6427],[72.8401,5.6426],[72.8402,5.6428]]],[[[72.9866,5.6442],[72.9861,5.6443],[72.9859,5.6446],[72.9853,5.6446],[72.9857,5.6441],[72.986,5.6439],[72.9863,5.6436],[72.9869,5.6433],[72.9869,5.6432],[72.9869,5.6432],[72.987,5.6431],[72.987,5.6432],[72.9872,5.6431],[72.9873,5.6431],[72.9873,5.643],[72.9874,5.643],[72.9874,5.6429],[72.9879,5.6426],[72.9882,5.6427],[72.9884,5.6426],[72.9885,5.6425],[72.9886,5.6426],[72.9889,5.6426],[72.9894,5.6429],[72.9896,5.6432],[72.989,5.6434],[72.9883,5.6436],[72.9882,5.6435],[72.988,5.6434],[72.9877,5.6434],[72.9874,5.6436],[72.9873,5.6436],[72.9873,5.6437],[72.9871,5.6437],[72.9871,5.6438],[72.987,5.6438],[72.987,5.6439],[72.9869,5.6439],[72.9866,5.6442]]],[[[73.3291,5.6442],[73.3305,5.6448],[73.3313,5.6453],[73.3316,5.6456],[73.3319,5.6462],[73.3318,5.6469],[73.3313,5.6478],[73.3311,5.648],[73.3304,5.6484],[73.3301,5.6486],[73.3295,5.6485],[73.3289,5.6483],[73.328,5.6478],[73.3276,5.647],[73.3274,5.6458],[73.3276,5.6448],[73.3282,5.6444],[73.329,5.6442],[73.3291,5.6442]]],[[[73.2989,5.6495],[73.298,5.6494],[73.2975,5.6492],[73.2974,5.6493],[73.2972,5.6492],[73.2971,5.6491],[73.2969,5.6491],[73.2967,5.6489],[73.2973,5.6483],[73.2977,5.6477],[73.298,5.6469],[73.2982,5.6462],[73.2983,5.6459],[73.2983,5.6458],[73.2983,5.6456],[73.2984,5.6457],[73.2986,5.6457],[73.2986,5.6456],[73.2986,5.6454],[73.2987,5.6455],[73.2989,5.6455],[73.2989,5.6454],[73.2991,5.6454],[73.2997,5.6454],[73.2998,5.6453],[73.3001,5.6454],[73.2999,5.6454],[73.3003,5.6459],[73.3005,5.6459],[73.3004,5.6461],[73.3004,5.6462],[73.3004,5.6463],[73.3006,5.6466],[73.3004,5.6478],[73.3001,5.6487],[73.2997,5.6491],[73.2989,5.6495]]],[[[72.8832,5.6524],[72.8829,5.6525],[72.8828,5.6523],[72.8831,5.6522],[72.8831,5.6521],[72.8832,5.6521],[72.8833,5.6518],[72.8834,5.6517],[72.8834,5.6517],[72.8837,5.6513],[72.8839,5.6509],[72.8841,5.6508],[72.8847,5.6499],[72.885,5.6498],[72.8856,5.6495],[72.8858,5.6496],[72.8863,5.6496],[72.8865,5.6501],[72.8864,5.6502],[72.8863,5.6503],[72.886,5.6509],[72.8851,5.6512],[72.8849,5.6513],[72.8849,5.6514],[72.8847,5.6514],[72.8846,5.6516],[72.8844,5.6517],[72.8842,5.6518],[72.8838,5.652],[72.8832,5.6524]]],[[[72.958,5.6607],[72.9575,5.6607],[72.9573,5.6607],[72.9573,5.6604],[72.9574,5.6604],[72.9574,5.6601],[72.9578,5.6595],[72.9584,5.6593],[72.9585,5.6597],[72.958,5.6607]]],[[[72.9572,5.6604],[72.9572,5.6609],[72.9569,5.6608],[72.957,5.6603],[72.9571,5.6603],[72.9572,5.6604]]],[[[73.3832,5.6658],[73.3829,5.6659],[73.3827,5.6655],[73.3828,5.6654],[73.3832,5.6658]]],[[[73.2767,5.66],[73.2772,5.6603],[73.2773,5.6607],[73.2774,5.6608],[73.2775,5.6613],[73.2777,5.6617],[73.2779,5.6624],[73.2774,5.6632],[73.2771,5.664],[73.2771,5.6642],[73.2771,5.6643],[73.277,5.6646],[73.2769,5.6648],[73.2769,5.6652],[73.2769,5.6653],[73.2769,5.6657],[73.2767,5.6658],[73.276,5.6662],[73.2744,5.6672],[73.2732,5.6678],[73.2719,5.6678],[73.2708,5.6675],[73.2707,5.6666],[73.2707,5.6665],[73.2707,5.6664],[73.2707,5.6662],[73.2708,5.6654],[73.2709,5.665],[73.2715,5.6641],[73.272,5.6634],[73.2726,5.6625],[73.273,5.6618],[73.2735,5.661],[73.274,5.6606],[73.2746,5.6604],[73.2749,5.6602],[73.276,5.6601],[73.2765,5.66],[73.2767,5.66]]],[[[73.3909,5.6704],[73.3908,5.6704],[73.3909,5.6703],[73.3909,5.6704]]],[[[73.3909,5.6704],[73.391,5.6704],[73.3909,5.6705],[73.3909,5.6704]]],[[[72.8464,5.6702],[72.8463,5.6709],[72.8459,5.6711],[72.8457,5.6714],[72.8453,5.6713],[72.8453,5.6709],[72.8451,5.6707],[72.845,5.6702],[72.8451,5.67],[72.8451,5.6698],[72.8452,5.6698],[72.8454,5.6693],[72.8454,5.6685],[72.8457,5.6683],[72.8459,5.6686],[72.8462,5.6687],[72.8465,5.669],[72.8465,5.6691],[72.8466,5.6689],[72.8467,5.6692],[72.8465,5.6693],[72.8464,5.6702]]],[[[73.0315,5.6647],[73.0318,5.6648],[73.0322,5.665],[73.0326,5.6659],[73.0324,5.6671],[73.0324,5.6683],[73.0323,5.6689],[73.0321,5.6702],[73.0317,5.6708],[73.0311,5.6712],[73.0308,5.6714],[73.0305,5.6719],[73.0302,5.672],[73.029,5.6715],[73.0284,5.6708],[73.0277,5.6692],[73.0278,5.6688],[73.0279,5.6677],[73.0279,5.6669],[73.0282,5.6668],[73.0285,5.6662],[73.0287,5.6661],[73.0289,5.666],[73.0293,5.6655],[73.0298,5.6649],[73.0309,5.6647],[73.0315,5.6647],[73.0315,5.6647]]],[[[73.3923,5.6713],[73.3921,5.6719],[73.3919,5.6721],[73.3914,5.6717],[73.3911,5.6711],[73.3911,5.6705],[73.3915,5.6704],[73.3923,5.6713]]],[[[73.3885,5.6729],[73.3879,5.6731],[73.3874,5.6735],[73.3873,5.6738],[73.3869,5.6741],[73.3864,5.674],[73.3862,5.6737],[73.3862,5.6731],[73.3861,5.6729],[73.386,5.6725],[73.3857,5.6714],[73.3857,5.6713],[73.3857,5.6712],[73.3854,5.6705],[73.3851,5.6698],[73.385,5.6696],[73.3847,5.669],[73.3846,5.6689],[73.3844,5.6684],[73.3842,5.668],[73.384,5.6676],[73.3838,5.6671],[73.3836,5.6669],[73.3835,5.6666],[73.3833,5.6663],[73.3834,5.6661],[73.3837,5.6662],[73.3844,5.6663],[73.3849,5.6666],[73.3857,5.6672],[73.3862,5.6677],[73.3867,5.6682],[73.3878,5.6686],[73.3883,5.6689],[73.3884,5.6691],[73.3885,5.6691],[73.3886,5.6695],[73.3891,5.67],[73.3893,5.6705],[73.3892,5.6706],[73.3894,5.6709],[73.3896,5.671],[73.3899,5.6711],[73.3902,5.6716],[73.3901,5.6719],[73.3902,5.6721],[73.39,5.6726],[73.3897,5.6728],[73.3896,5.6726],[73.3892,5.6726],[73.3891,5.6727],[73.3888,5.6727],[73.3888,5.6728],[73.3887,5.6728],[73.3886,5.6728],[73.3885,5.6729]]],[[[73.405,5.6865],[73.4049,5.6869],[73.4043,5.687],[73.4043,5.6867],[73.4046,5.6863],[73.4049,5.6863],[73.405,5.6865]]],[[[73.2588,5.6854],[73.2588,5.6858],[73.2578,5.688],[73.257,5.6885],[73.2562,5.6888],[73.2558,5.6888],[73.2555,5.6886],[73.2551,5.6875],[73.2551,5.6871],[73.2559,5.6857],[73.2563,5.685],[73.2567,5.6844],[73.2573,5.6836],[73.2575,5.6833],[73.2581,5.6824],[73.2586,5.6819],[73.2587,5.6818],[73.2588,5.6817],[73.2593,5.681],[73.2594,5.681],[73.2594,5.6809],[73.2597,5.6809],[73.2597,5.681],[73.2598,5.681],[73.2598,5.6811],[73.2599,5.6811],[73.2599,5.6809],[73.2602,5.6811],[73.2604,5.6814],[73.2601,5.6814],[73.26,5.6814],[73.2601,5.6815],[73.2602,5.6819],[73.2601,5.6828],[73.2598,5.6835],[73.2596,5.6837],[73.2594,5.6841],[73.2592,5.6845],[73.259,5.6848],[73.2589,5.6851],[73.2589,5.6852],[73.2588,5.6852],[73.2588,5.6854]]],[[[73.0271,5.689],[73.0275,5.6893],[73.0281,5.69],[73.0282,5.6907],[73.0278,5.6919],[73.0273,5.6923],[73.0257,5.6922],[73.025,5.6917],[73.0248,5.6914],[73.025,5.6904],[73.0254,5.6898],[73.0263,5.6891],[73.027,5.689],[73.0271,5.689]]],[[[73.3426,5.6923],[73.3419,5.6925],[73.3411,5.6925],[73.3408,5.6926],[73.3401,5.6928],[73.3396,5.6929],[73.3394,5.6929],[73.3393,5.6926],[73.3394,5.6918],[73.34,5.6914],[73.3405,5.691],[73.3407,5.691],[73.3407,5.6909],[73.3408,5.6909],[73.3409,5.6908],[73.3414,5.6907],[73.3421,5.691],[73.3424,5.6914],[73.3426,5.6915],[73.3428,5.6916],[73.3427,5.6917],[73.3427,5.6918],[73.3428,5.6919],[73.3429,5.6921],[73.3429,5.6921],[73.3428,5.6921],[73.3426,5.6923]]],[[[73.4082,5.6917],[73.4084,5.6928],[73.4085,5.6928],[73.4085,5.6929],[73.4089,5.6935],[73.4092,5.6949],[73.4093,5.6949],[73.4093,5.695],[73.4093,5.6951],[73.4094,5.6951],[73.4094,5.6952],[73.4097,5.6956],[73.4099,5.6959],[73.4093,5.6961],[73.409,5.6963],[73.4085,5.6969],[73.4082,5.6973],[73.408,5.6975],[73.4079,5.6956],[73.4081,5.6943],[73.408,5.6943],[73.408,5.6934],[73.4079,5.6933],[73.4078,5.6924],[73.4077,5.6915],[73.4082,5.6917]]],[[[73.3126,5.6937],[73.3134,5.6946],[73.3138,5.6956],[73.3139,5.6967],[73.3138,5.6968],[73.314,5.6971],[73.3139,5.698],[73.3137,5.6983],[73.3136,5.6987],[73.3132,5.6993],[73.3119,5.6994],[73.3115,5.6993],[73.311,5.6991],[73.3108,5.6989],[73.3107,5.6984],[73.3106,5.6983],[73.3105,5.698],[73.3105,5.6979],[73.3103,5.6971],[73.3104,5.6957],[73.3104,5.6952],[73.3105,5.6945],[73.3109,5.6939],[73.3119,5.6934],[73.3126,5.6937]]],[[[73.4088,5.7005],[73.4085,5.701],[73.4083,5.7009],[73.4082,5.7007],[73.4081,5.7001],[73.4081,5.6997],[73.4082,5.6996],[73.4088,5.7005]]],[[[73.4126,5.7062],[73.4125,5.7061],[73.4125,5.706],[73.4126,5.7062]]],[[[73.4126,5.7062],[73.4127,5.7062],[73.4126,5.7065],[73.4126,5.7062]]],[[[73.0246,5.7145],[73.0243,5.7146],[73.0244,5.7142],[73.0242,5.7142],[73.0243,5.7136],[73.0245,5.7136],[73.0248,5.7135],[73.0248,5.713],[73.0248,5.7128],[73.0248,5.7127],[73.0249,5.7124],[73.0247,5.7122],[73.0246,5.7131],[73.0241,5.7131],[73.0238,5.7129],[73.0237,5.7126],[73.0234,5.7126],[73.0232,5.7124],[73.023,5.7122],[73.0228,5.7119],[73.0223,5.7112],[73.022,5.7105],[73.0218,5.7094],[73.0219,5.7073],[73.0222,5.706],[73.0223,5.7052],[73.0227,5.7048],[73.0231,5.7039],[73.0233,5.7038],[73.0237,5.7032],[73.0242,5.7023],[73.0246,5.7021],[73.0248,5.702],[73.0248,5.7019],[73.0249,5.7019],[73.0251,5.7018],[73.0258,5.7017],[73.026,5.7018],[73.0261,5.7018],[73.0261,5.7018],[73.0262,5.7019],[73.0263,5.7021],[73.0262,5.7021],[73.0263,5.7022],[73.0263,5.7025],[73.0263,5.7026],[73.0264,5.7036],[73.0263,5.7036],[73.0263,5.704],[73.0261,5.7043],[73.0262,5.7044],[73.0261,5.7045],[73.0262,5.7046],[73.0261,5.7051],[73.026,5.7055],[73.026,5.7056],[73.026,5.7058],[73.026,5.7059],[73.0261,5.7059],[73.0261,5.7062],[73.026,5.7062],[73.026,5.7068],[73.0259,5.7069],[73.026,5.7069],[73.026,5.7071],[73.0259,5.7071],[73.0261,5.7075],[73.0259,5.7078],[73.026,5.7078],[73.026,5.7087],[73.026,5.7091],[73.0258,5.7109],[73.0257,5.7112],[73.0256,5.7115],[73.0255,5.7117],[73.0256,5.7118],[73.0254,5.7131],[73.0251,5.7137],[73.0246,5.7145]],[[73.025,5.7085],[73.0251,5.7093],[73.0253,5.709],[73.0252,5.7084],[73.025,5.7085]]],[[[73.2359,5.7164],[73.2356,5.717],[73.2347,5.717],[73.2337,5.717],[73.2336,5.7168],[73.2338,5.7164],[73.234,5.7162],[73.234,5.7161],[73.2341,5.7159],[73.2349,5.7161],[73.2355,5.7161],[73.2356,5.7161],[73.2358,5.7161],[73.2359,5.7161],[73.2361,5.7161],[73.2359,5.7164]]],[[[73.416,5.7102],[73.4161,5.7112],[73.4159,5.7114],[73.4158,5.7115],[73.4158,5.7116],[73.4159,5.7117],[73.4162,5.712],[73.4165,5.7126],[73.4164,5.7131],[73.4162,5.7132],[73.4163,5.7133],[73.4164,5.7141],[73.4162,5.7142],[73.4164,5.7145],[73.4165,5.715],[73.4166,5.7157],[73.4165,5.7165],[73.4164,5.7166],[73.4165,5.7177],[73.4161,5.7188],[73.416,5.7194],[73.4159,5.7199],[73.4155,5.7204],[73.4151,5.7206],[73.415,5.7208],[73.4147,5.7208],[73.4148,5.7204],[73.4149,5.7204],[73.4149,5.7203],[73.4148,5.7202],[73.4149,5.7198],[73.4147,5.7196],[73.4146,5.7188],[73.4145,5.7188],[73.4144,5.7184],[73.4145,5.7182],[73.4145,5.7181],[73.4143,5.7174],[73.4142,5.717],[73.4141,5.7169],[73.4141,5.7162],[73.4139,5.7158],[73.4137,5.7155],[73.4138,5.7146],[73.4138,5.7143],[73.4138,5.7141],[73.4137,5.7137],[73.4136,5.7132],[73.4135,5.7126],[73.4135,5.7124],[73.4134,5.7124],[73.4134,5.7121],[73.4133,5.7121],[73.413,5.7115],[73.4128,5.7107],[73.4128,5.7106],[73.4127,5.7105],[73.4126,5.71],[73.4127,5.7098],[73.4125,5.7097],[73.4125,5.7092],[73.4125,5.7089],[73.4127,5.7089],[73.4127,5.7086],[73.4128,5.7085],[73.4131,5.708],[73.413,5.7072],[73.4129,5.7071],[73.4128,5.7071],[73.4127,5.7068],[73.4127,5.7066],[73.4128,5.7065],[73.4129,5.7064],[73.4132,5.7065],[73.4135,5.7071],[73.4137,5.7074],[73.4138,5.7074],[73.4138,5.7075],[73.4139,5.7076],[73.415,5.7076],[73.4151,5.7077],[73.4154,5.7077],[73.4157,5.7081],[73.4155,5.7083],[73.4156,5.7084],[73.4157,5.7086],[73.4155,5.7091],[73.4158,5.7095],[73.416,5.7102]],[[73.4131,5.7089],[73.413,5.709],[73.4131,5.7091],[73.4133,5.7094],[73.4133,5.7096],[73.4133,5.7096],[73.4136,5.7098],[73.4137,5.7098],[73.4139,5.7096],[73.414,5.7093],[73.4138,5.7091],[73.4137,5.7089],[73.4133,5.7089],[73.4132,5.7089],[73.4131,5.7089]]],[[[73.4148,5.7214],[73.4146,5.7218],[73.4145,5.7213],[73.4146,5.7212],[73.4148,5.7214]]],[[[72.8566,5.7242],[72.8563,5.7244],[72.8555,5.7244],[72.8545,5.7242],[72.8544,5.7242],[72.8544,5.7241],[72.854,5.724],[72.8539,5.7239],[72.8551,5.7237],[72.8558,5.7239],[72.8564,5.724],[72.8566,5.7242]]],[[[72.8566,5.7242],[72.8569,5.7242],[72.8571,5.7242],[72.8572,5.7244],[72.8567,5.7246],[72.8566,5.7242]]],[[[72.9354,5.7288],[72.9357,5.7288],[72.9362,5.7293],[72.9365,5.7297],[72.9364,5.7307],[72.9361,5.7314],[72.935,5.7323],[72.9334,5.7324],[72.9329,5.7322],[72.9323,5.7317],[72.9324,5.7304],[72.9329,5.7296],[72.9345,5.7288],[72.9354,5.7287],[72.9354,5.7288]]],[[[73.414,5.7326],[73.4136,5.7326],[73.414,5.7325],[73.414,5.7326]]],[[[73.4136,5.7328],[73.4138,5.7329],[73.4137,5.7332],[73.4132,5.7332],[73.4133,5.7329],[73.4136,5.7327],[73.4136,5.7328]]],[[[73.3555,5.7372],[73.3559,5.7373],[73.3559,5.7375],[73.3549,5.7374],[73.3548,5.737],[73.355,5.7366],[73.3553,5.7365],[73.3555,5.7372]]],[[[73.3579,5.7375],[73.357,5.7375],[73.3573,5.7374],[73.3574,5.7373],[73.3575,5.7372],[73.3575,5.7371],[73.3573,5.7371],[73.3566,5.7372],[73.356,5.7372],[73.3559,5.7371],[73.3556,5.737],[73.3555,5.7364],[73.3554,5.7363],[73.3556,5.7357],[73.3557,5.7356],[73.3557,5.7354],[73.3558,5.7354],[73.3558,5.7352],[73.3561,5.7346],[73.3562,5.7345],[73.3562,5.7345],[73.3564,5.734],[73.3565,5.7338],[73.3567,5.7334],[73.3571,5.7326],[73.3575,5.7319],[73.3578,5.7315],[73.3578,5.7314],[73.3579,5.7314],[73.358,5.731],[73.3588,5.7301],[73.3596,5.7292],[73.3599,5.7291],[73.3607,5.7284],[73.3608,5.7283],[73.3609,5.7282],[73.3611,5.7279],[73.3611,5.7278],[73.3612,5.7278],[73.3613,5.7278],[73.3613,5.7277],[73.3613,5.7276],[73.3614,5.7276],[73.3614,5.7274],[73.3619,5.727],[73.3619,5.7269],[73.362,5.7269],[73.362,5.7268],[73.3621,5.7268],[73.3623,5.7266],[73.3625,5.7264],[73.3626,5.7262],[73.363,5.7259],[73.3631,5.7263],[73.3634,5.7264],[73.3633,5.7268],[73.363,5.727],[73.3629,5.7269],[73.3627,5.7273],[73.3626,5.7274],[73.3627,5.7277],[73.3624,5.7284],[73.3625,5.7284],[73.3625,5.7285],[73.3626,5.7286],[73.3625,5.7286],[73.3626,5.7288],[73.3624,5.7295],[73.3623,5.7296],[73.3623,5.7299],[73.3623,5.7301],[73.3623,5.7301],[73.3624,5.7307],[73.3621,5.7311],[73.3618,5.7318],[73.3617,5.7325],[73.3616,5.733],[73.361,5.7339],[73.3607,5.7347],[73.3603,5.7349],[73.3595,5.7359],[73.3595,5.7361],[73.3594,5.7361],[73.3594,5.7362],[73.3593,5.7362],[73.3588,5.7366],[73.3587,5.7369],[73.3579,5.7375]]],[[[73.0195,5.7386],[73.0193,5.7389],[73.0188,5.7389],[73.0188,5.7382],[73.0192,5.7381],[73.0195,5.7386]]],[[[73.2167,5.7411],[73.2166,5.7412],[73.2167,5.7414],[73.2167,5.7416],[73.2171,5.7418],[73.217,5.7421],[73.2171,5.7423],[73.2174,5.7428],[73.2175,5.743],[73.2175,5.7432],[73.2175,5.7432],[73.2177,5.7434],[73.2182,5.7448],[73.2184,5.746],[73.218,5.7469],[73.2167,5.7468],[73.216,5.7462],[73.215,5.7451],[73.2147,5.7446],[73.2141,5.7436],[73.214,5.7433],[73.2139,5.7429],[73.214,5.7418],[73.2145,5.741],[73.2148,5.741],[73.2153,5.7409],[73.2159,5.7407],[73.2161,5.7407],[73.2167,5.7411]]],[[[73.3236,5.7468],[73.3224,5.7475],[73.3217,5.7474],[73.3218,5.7468],[73.3219,5.7467],[73.322,5.7463],[73.3222,5.7456],[73.3222,5.7455],[73.3223,5.7455],[73.3223,5.7453],[73.3224,5.7453],[73.3224,5.7451],[73.3225,5.7449],[73.3226,5.7447],[73.3226,5.7447],[73.3227,5.7444],[73.3228,5.7439],[73.3231,5.7437],[73.3231,5.7436],[73.3232,5.7436],[73.3232,5.7435],[73.3233,5.7435],[73.3237,5.7429],[73.3239,5.7427],[73.3239,5.7426],[73.324,5.7426],[73.324,5.7424],[73.3241,5.7424],[73.3241,5.7422],[73.3241,5.742],[73.3244,5.7419],[73.3244,5.7418],[73.3247,5.7417],[73.3247,5.7416],[73.3249,5.7416],[73.325,5.7416],[73.3253,5.7416],[73.3253,5.7415],[73.3256,5.7415],[73.3256,5.7416],[73.3257,5.7416],[73.3259,5.7419],[73.326,5.7419],[73.326,5.742],[73.3261,5.7421],[73.3259,5.7422],[73.3258,5.7426],[73.3257,5.7426],[73.3258,5.7427],[73.3258,5.7429],[73.326,5.7431],[73.3256,5.7451],[73.3255,5.7451],[73.3256,5.7454],[73.3251,5.7459],[73.325,5.7459],[73.3247,5.7461],[73.3245,5.7463],[73.3244,5.7463],[73.3242,5.7466],[73.3238,5.7467],[73.3238,5.7468],[73.3237,5.7468],[73.3236,5.7468],[73.3236,5.7468]]],[[[73.017,5.7477],[73.0173,5.7479],[73.0176,5.7482],[73.0177,5.7486],[73.0177,5.7493],[73.0175,5.7501],[73.0173,5.7506],[73.0168,5.751],[73.0152,5.7509],[73.0148,5.7507],[73.0143,5.7505],[73.0139,5.7498],[73.014,5.7486],[73.0147,5.7479],[73.0158,5.7476],[73.0169,5.7476],[73.017,5.7477]]],[[[72.9628,5.7492],[72.9639,5.7501],[72.9635,5.7505],[72.9634,5.7509],[72.9631,5.7516],[72.9625,5.7521],[72.9617,5.7526],[72.9612,5.7529],[72.9605,5.753],[72.9599,5.7528],[72.9594,5.7523],[72.9592,5.7519],[72.9592,5.751],[72.9595,5.7505],[72.9597,5.7501],[72.9603,5.7494],[72.961,5.749],[72.9627,5.749],[72.9628,5.7492]]],[[[73.2517,5.7492],[73.2523,5.7495],[73.2526,5.7498],[73.2527,5.7502],[73.2527,5.7509],[73.252,5.7518],[73.2509,5.7527],[73.2506,5.7529],[73.2501,5.7532],[73.249,5.7534],[73.2479,5.7532],[73.2471,5.7526],[73.2465,5.752],[73.2467,5.7515],[73.2468,5.7508],[73.2471,5.7503],[73.2478,5.7498],[73.2488,5.7494],[73.25,5.7492],[73.2517,5.7492],[73.2517,5.7492]]],[[[73.2087,5.7538],[73.2085,5.7536],[73.2087,5.7535],[73.2087,5.7538]]],[[[73.2624,5.7523],[73.2629,5.7525],[73.2635,5.7529],[73.2638,5.7531],[73.2643,5.7536],[73.2649,5.7547],[73.2651,5.7556],[73.2653,5.756],[73.2653,5.7569],[73.2646,5.7576],[73.2642,5.7571],[73.264,5.757],[73.263,5.7569],[73.262,5.7567],[73.2616,5.756],[73.2615,5.7554],[73.2614,5.755],[73.2612,5.7544],[73.261,5.7535],[73.2611,5.7526],[73.2614,5.7523],[73.2624,5.7522],[73.2624,5.7523]]],[[[72.9643,5.7683],[72.9643,5.7684],[72.9641,5.7685],[72.9642,5.7682],[72.9643,5.7683]]],[[[72.9643,5.7683],[72.9644,5.7683],[72.9644,5.7682],[72.9644,5.7681],[72.9645,5.7681],[72.9645,5.7679],[72.9646,5.7678],[72.9648,5.7677],[72.9649,5.7676],[72.9653,5.7672],[72.966,5.7666],[72.9665,5.7671],[72.9664,5.7674],[72.9665,5.7675],[72.9664,5.7676],[72.9664,5.7677],[72.9665,5.7681],[72.9667,5.7681],[72.9664,5.7685],[72.966,5.7685],[72.9658,5.7686],[72.9652,5.7687],[72.9652,5.7688],[72.9651,5.7688],[72.9647,5.7689],[72.9643,5.7688],[72.9643,5.7683]]],[[[73.4048,5.7709],[73.4047,5.7707],[73.4049,5.7707],[73.4048,5.7709]]],[[[73.414,5.768],[73.4132,5.7683],[73.4122,5.7687],[73.412,5.7689],[73.4113,5.769],[73.4108,5.7691],[73.4101,5.7695],[73.4097,5.7696],[73.4089,5.7701],[73.4087,5.7702],[73.4087,5.7703],[73.4083,5.7705],[73.4082,5.7706],[73.4068,5.7716],[73.4053,5.7714],[73.405,5.7711],[73.4052,5.7705],[73.4051,5.7701],[73.4054,5.7692],[73.4056,5.7687],[73.4057,5.7683],[73.4058,5.7679],[73.4061,5.7666],[73.4062,5.7662],[73.4065,5.7654],[73.4066,5.7649],[73.4068,5.7643],[73.407,5.764],[73.407,5.7638],[73.4071,5.7636],[73.4073,5.7632],[73.4077,5.7625],[73.4083,5.7618],[73.4091,5.7613],[73.4095,5.761],[73.4102,5.7609],[73.4108,5.7607],[73.4122,5.7606],[73.4131,5.7609],[73.4143,5.761],[73.4149,5.7615],[73.4153,5.7616],[73.4159,5.762],[73.4161,5.7621],[73.4164,5.762],[73.4169,5.7622],[73.417,5.7627],[73.4171,5.7627],[73.417,5.7628],[73.417,5.7628],[73.4169,5.7628],[73.4168,5.7629],[73.4163,5.7633],[73.4161,5.7637],[73.4162,5.7649],[73.4162,5.7652],[73.4162,5.7659],[73.4165,5.7671],[73.4168,5.7677],[73.4169,5.7678],[73.417,5.768],[73.4166,5.7681],[73.4166,5.7682],[73.4162,5.7684],[73.4157,5.7685],[73.4155,5.7679],[73.4153,5.7676],[73.414,5.768]]],[[[73.406,5.7718],[73.4059,5.7717],[73.4061,5.7716],[73.406,5.7718]]],[[[73.3441,5.7648],[73.3448,5.765],[73.3462,5.7656],[73.3467,5.7661],[73.3469,5.7669],[73.3468,5.7676],[73.3463,5.7683],[73.346,5.7688],[73.3454,5.7696],[73.3445,5.7707],[73.3438,5.7712],[73.343,5.772],[73.3424,5.7724],[73.3415,5.7725],[73.3411,5.7723],[73.341,5.7714],[73.341,5.7696],[73.3412,5.7685],[73.3416,5.7672],[73.3418,5.7666],[73.3428,5.7654],[73.3433,5.765],[73.3437,5.7648],[73.344,5.7647],[73.3441,5.7648]]],[[[73.015,5.759],[73.0149,5.7591],[73.015,5.7592],[73.0151,5.7594],[73.0152,5.7602],[73.0149,5.7616],[73.0148,5.7624],[73.0147,5.7628],[73.0146,5.7632],[73.0144,5.7635],[73.0145,5.7635],[73.0146,5.7637],[73.0139,5.7649],[73.014,5.766],[73.0136,5.7667],[73.0135,5.7684],[73.0131,5.7695],[73.013,5.7697],[73.0131,5.7699],[73.0128,5.7705],[73.0125,5.7712],[73.0122,5.7718],[73.0121,5.7721],[73.0121,5.7721],[73.012,5.7723],[73.0121,5.7724],[73.0118,5.7726],[73.0114,5.7723],[73.0112,5.7717],[73.0112,5.7716],[73.0112,5.7715],[73.011,5.771],[73.0108,5.77],[73.0106,5.7684],[73.0103,5.7676],[73.0101,5.7666],[73.0099,5.766],[73.0101,5.7652],[73.01,5.7635],[73.0105,5.7629],[73.0107,5.7624],[73.0109,5.7616],[73.011,5.7613],[73.0112,5.7609],[73.0117,5.7603],[73.0124,5.7594],[73.0126,5.7593],[73.013,5.7589],[73.0134,5.7589],[73.0137,5.7585],[73.0142,5.7583],[73.0144,5.7586],[73.0146,5.7587],[73.0147,5.7586],[73.015,5.759]]],[[[73.0117,5.7727],[73.0118,5.7727],[73.0118,5.7728],[73.0121,5.773],[73.0119,5.7733],[73.0116,5.7731],[73.0114,5.7727],[73.0113,5.7727],[73.0113,5.7724],[73.0115,5.7726],[73.0116,5.7727],[73.0117,5.7726],[73.0117,5.7727]]],[[[73.361,5.779],[73.3602,5.7789],[73.36,5.7787],[73.3598,5.7786],[73.3594,5.7781],[73.3593,5.7766],[73.3595,5.7759],[73.36,5.7752],[73.3611,5.7746],[73.3616,5.7744],[73.3622,5.7742],[73.3626,5.7739],[73.3636,5.7737],[73.3645,5.7738],[73.3651,5.7743],[73.3656,5.775],[73.3658,5.776],[73.3656,5.7762],[73.3657,5.7766],[73.3654,5.7776],[73.3651,5.7781],[73.3645,5.7782],[73.3642,5.7783],[73.364,5.7785],[73.3625,5.7789],[73.3615,5.7788],[73.3615,5.7789],[73.3614,5.7789],[73.3611,5.7789],[73.361,5.779]]],[[[72.8759,5.7804],[72.8766,5.7806],[72.877,5.7811],[72.8764,5.7812],[72.8756,5.7811],[72.8753,5.7809],[72.8753,5.7805],[72.8758,5.7803],[72.8759,5.7804]]],[[[73.2764,5.787],[73.2765,5.787],[73.2764,5.7871],[73.2764,5.787]]],[[[73.2761,5.7872],[73.2762,5.7872],[73.2761,5.7873],[73.2761,5.7872]]],[[[73.2761,5.7872],[73.2759,5.7872],[73.2758,5.7872],[73.2755,5.7873],[73.2751,5.7874],[73.275,5.7874],[73.275,5.787],[73.2751,5.7858],[73.2756,5.7846],[73.276,5.7844],[73.2761,5.7843],[73.2761,5.7842],[73.2761,5.7841],[73.2766,5.7841],[73.2766,5.7842],[73.2768,5.7843],[73.2769,5.7844],[73.2774,5.7846],[73.2778,5.785],[73.2776,5.7853],[73.2775,5.786],[73.2772,5.7865],[73.2777,5.7865],[73.2769,5.7869],[73.2766,5.7869],[73.2764,5.7869],[73.2764,5.787],[73.2761,5.7871],[73.2761,5.7872]]],[[[73.2761,5.7873],[73.2761,5.7874],[73.276,5.7873],[73.2761,5.7873]]],[[[73.2753,5.7878],[73.2749,5.788],[73.2748,5.7878],[73.2755,5.7876],[73.2753,5.7878]]],[[[73.3646,5.7885],[73.3653,5.7886],[73.3657,5.7888],[73.366,5.7893],[73.3662,5.7898],[73.3656,5.79],[73.3654,5.7904],[73.3653,5.7907],[73.3646,5.7913],[73.3644,5.7916],[73.3636,5.792],[73.3624,5.7924],[73.3616,5.7923],[73.3606,5.7919],[73.36,5.7915],[73.3597,5.7909],[73.3596,5.7901],[73.3599,5.7897],[73.361,5.7893],[73.3623,5.7889],[73.3629,5.7888],[73.3636,5.7886],[73.3644,5.7885],[73.3646,5.7884],[73.3646,5.7885]]],[[[73.0077,5.7961],[73.0073,5.7962],[73.0068,5.7965],[73.0061,5.7967],[73.0058,5.797],[73.0055,5.7968],[73.005,5.796],[73.0047,5.7952],[73.0042,5.7939],[73.0043,5.7918],[73.0045,5.7913],[73.005,5.7906],[73.0052,5.7902],[73.0057,5.7898],[73.0062,5.7896],[73.0064,5.7895],[73.0069,5.7893],[73.0081,5.7889],[73.0086,5.7889],[73.0092,5.7894],[73.0094,5.7901],[73.009,5.7919],[73.0084,5.7938],[73.0082,5.794],[73.0084,5.7944],[73.008,5.7952],[73.0079,5.7959],[73.0079,5.796],[73.0079,5.7961],[73.0077,5.7961],[73.0077,5.7961]]],[[[73.227,5.7945],[73.2275,5.7947],[73.2277,5.7948],[73.2288,5.7952],[73.229,5.7955],[73.229,5.7955],[73.2293,5.7956],[73.2294,5.7961],[73.2295,5.7961],[73.2296,5.7963],[73.2297,5.7966],[73.2298,5.7967],[73.2298,5.7972],[73.2296,5.7977],[73.229,5.7981],[73.228,5.7983],[73.2276,5.7981],[73.2272,5.798],[73.2264,5.7974],[73.226,5.7971],[73.2259,5.7968],[73.2255,5.7964],[73.2253,5.7957],[73.2255,5.7953],[73.2257,5.795],[73.226,5.7944],[73.2263,5.7944],[73.227,5.7945]]],[[[73.3459,5.7957],[73.3462,5.7958],[73.3466,5.7962],[73.3468,5.7967],[73.3465,5.7973],[73.3461,5.7976],[73.346,5.7977],[73.3456,5.798],[73.3453,5.7982],[73.345,5.7984],[73.3441,5.7986],[73.343,5.7984],[73.3429,5.7981],[73.3429,5.7975],[73.3432,5.7969],[73.3438,5.7962],[73.3449,5.7957],[73.3458,5.7956],[73.3459,5.7957]]],[[[73.2957,5.8022],[73.2956,5.8021],[73.2957,5.8021],[73.2957,5.8022]]],[[[73.2976,5.8034],[73.297,5.8033],[73.297,5.8032],[73.2963,5.8031],[73.2962,5.8027],[73.2961,5.8027],[73.2961,5.8025],[73.2959,5.8024],[73.2958,5.8022],[73.2958,5.8019],[73.296,5.8016],[73.2968,5.8012],[73.2973,5.8008],[73.2976,5.8007],[73.2987,5.8006],[73.2994,5.8006],[73.2997,5.8013],[73.2998,5.802],[73.2995,5.8029],[73.2994,5.8033],[73.2988,5.8034],[73.2984,5.8032],[73.2976,5.8034]]],[[[73.1686,5.8087],[73.1682,5.8087],[73.1681,5.8084],[73.1683,5.8083],[73.1684,5.808],[73.1686,5.8077],[73.1687,5.8074],[73.1688,5.807],[73.169,5.8067],[73.1691,5.8063],[73.1693,5.806],[73.1693,5.8058],[73.1694,5.8056],[73.1699,5.8048],[73.17,5.8046],[73.1703,5.804],[73.1704,5.804],[73.1704,5.8039],[73.1705,5.8037],[73.1705,5.8036],[73.1706,5.8036],[73.1706,5.8034],[73.1707,5.8034],[73.1708,5.8032],[73.1709,5.8027],[73.1711,5.8022],[73.1714,5.8017],[73.172,5.8016],[73.1725,5.8015],[73.1732,5.8014],[73.1737,5.8017],[73.1736,5.802],[73.174,5.8023],[73.1743,5.8026],[73.1749,5.804],[73.175,5.8054],[73.1748,5.806],[73.1746,5.8063],[73.1741,5.807],[73.1735,5.8074],[73.1731,5.8076],[73.1727,5.8079],[73.1722,5.808],[73.1721,5.808],[73.1718,5.8083],[73.1711,5.8084],[73.1697,5.8087],[73.1694,5.8087],[73.1686,5.8087]]],[[[73.4586,5.8086],[73.4585,5.8088],[73.4576,5.8084],[73.4567,5.8084],[73.4561,5.8084],[73.456,5.8082],[73.4564,5.8078],[73.4566,5.8078],[73.4566,5.8077],[73.4569,5.8077],[73.4569,5.8076],[73.4569,5.8076],[73.4572,5.8075],[73.4573,5.8076],[73.4576,5.8076],[73.4586,5.8086]]],[[[73.0049,5.8078],[73.005,5.808],[73.0047,5.8086],[73.0048,5.8087],[73.0047,5.809],[73.0043,5.8101],[73.0041,5.8109],[73.0036,5.8114],[73.0032,5.8117],[73.0024,5.8117],[73.002,5.8115],[73.0015,5.8112],[73.0008,5.8108],[73.0005,5.8097],[73.0004,5.8083],[73.0002,5.8078],[73.0004,5.8078],[73.0007,5.8078],[73.001,5.8076],[73.0012,5.8063],[73.0008,5.8057],[73.0015,5.805],[73.0024,5.8047],[73.0032,5.8042],[73.0035,5.8042],[73.0039,5.804],[73.0041,5.8041],[73.0043,5.8039],[73.0044,5.804],[73.0046,5.8038],[73.005,5.8038],[73.0055,5.8042],[73.0057,5.8047],[73.0056,5.8054],[73.0054,5.8063],[73.0051,5.807],[73.0051,5.807],[73.0052,5.8073],[73.005,5.8078],[73.0049,5.8078]]],[[[73.3191,5.8139],[73.3194,5.814],[73.3199,5.8142],[73.3203,5.8148],[73.3198,5.8155],[73.3194,5.8159],[73.3187,5.8161],[73.3181,5.8161],[73.3177,5.8159],[73.3175,5.8152],[73.3176,5.8146],[73.3182,5.8139],[73.3191,5.8139],[73.3191,5.8139]]],[[[73.3271,5.8162],[73.3259,5.8162],[73.3253,5.8159],[73.3245,5.8155],[73.3244,5.815],[73.3246,5.8144],[73.3251,5.8141],[73.3258,5.8139],[73.3267,5.8136],[73.3279,5.8135],[73.3283,5.8141],[73.3284,5.8147],[73.3282,5.8155],[73.3274,5.816],[73.3273,5.8162],[73.3272,5.8162],[73.3271,5.8162]]],[[[73.3768,5.8191],[73.3756,5.8192],[73.3749,5.819],[73.3745,5.8188],[73.374,5.818],[73.3741,5.8172],[73.3747,5.8164],[73.375,5.8162],[73.3755,5.8157],[73.3756,5.8155],[73.3763,5.8151],[73.3765,5.8145],[73.3771,5.814],[73.3781,5.8135],[73.3785,5.8132],[73.3792,5.8127],[73.3798,5.8124],[73.3802,5.8127],[73.3806,5.8129],[73.381,5.8132],[73.3813,5.8139],[73.3811,5.8145],[73.3808,5.8151],[73.3808,5.8152],[73.381,5.8154],[73.3805,5.8165],[73.3801,5.8165],[73.3799,5.8171],[73.3795,5.8177],[73.3794,5.8182],[73.3788,5.8186],[73.3779,5.8191],[73.377,5.8192],[73.3769,5.8191],[73.3768,5.8191]]],[[[73.3882,5.8206],[73.3886,5.821],[73.389,5.8217],[73.3889,5.8229],[73.3886,5.8239],[73.3884,5.8243],[73.3879,5.8247],[73.3869,5.8247],[73.3864,5.8243],[73.3862,5.8236],[73.3862,5.8226],[73.3867,5.8213],[73.3873,5.8206],[73.3881,5.8205],[73.3882,5.8206]]],[[[73.2103,5.833],[73.2098,5.833],[73.2099,5.8327],[73.2098,5.8327],[73.209,5.8327],[73.2084,5.8325],[73.2082,5.8323],[73.208,5.8322],[73.2078,5.8321],[73.2074,5.831],[73.2073,5.8303],[73.2077,5.8297],[73.2082,5.8292],[73.2092,5.829],[73.2103,5.8293],[73.2104,5.8295],[73.2108,5.8296],[73.211,5.8298],[73.2113,5.8299],[73.2117,5.8304],[73.2116,5.831],[73.2115,5.8311],[73.2116,5.8312],[73.2115,5.8314],[73.2115,5.8317],[73.2113,5.832],[73.2114,5.832],[73.2115,5.8323],[73.2111,5.8327],[73.2103,5.833]]],[[[73.3056,5.8366],[73.3055,5.8367],[73.3054,5.8366],[73.3056,5.8366]]],[[[73.3053,5.8368],[73.3051,5.8367],[73.3053,5.8367],[73.3053,5.8368]]],[[[73.3048,5.8368],[73.3045,5.8366],[73.3046,5.8365],[73.3048,5.8368]]],[[[73.305,5.8369],[73.3049,5.8368],[73.305,5.8368],[73.305,5.8369]]],[[[73.3056,5.8366],[73.3056,5.8365],[73.3047,5.8365],[73.3046,5.8358],[73.3047,5.8357],[73.3047,5.8355],[73.3048,5.8355],[73.3048,5.8353],[73.3054,5.8348],[73.306,5.8346],[73.3068,5.8347],[73.3077,5.8351],[73.3087,5.8356],[73.3089,5.836],[73.3084,5.8369],[73.3078,5.837],[73.3072,5.8364],[73.3061,5.8363],[73.3061,5.8364],[73.306,5.8364],[73.3059,5.8364],[73.3059,5.8365],[73.3058,5.8365],[73.3058,5.8365],[73.3058,5.8366],[73.3056,5.8366]]],[[[73.4598,5.8096],[73.46,5.8097],[73.4605,5.8101],[73.4612,5.811],[73.4613,5.8112],[73.4613,5.8112],[73.4613,5.8113],[73.4614,5.8113],[73.4614,5.8113],[73.4615,5.8113],[73.4618,5.8115],[73.462,5.8118],[73.4622,5.8118],[73.4623,5.8122],[73.4625,5.8122],[73.4625,5.8123],[73.4626,5.8123],[73.4627,5.8125],[73.4634,5.8132],[73.4635,5.8132],[73.4635,5.8133],[73.4639,5.8136],[73.4645,5.8141],[73.4649,5.8146],[73.4653,5.8149],[73.4661,5.8153],[73.4665,5.8154],[73.4668,5.8159],[73.4673,5.8163],[73.4675,5.8165],[73.4677,5.8165],[73.4687,5.8172],[73.4688,5.8174],[73.4689,5.8174],[73.4689,5.8175],[73.4695,5.8178],[73.4698,5.818],[73.4702,5.8183],[73.4705,5.8184],[73.4715,5.8191],[73.4725,5.8198],[73.4731,5.8201],[73.4737,5.8205],[73.4737,5.8205],[73.4737,5.8206],[73.4739,5.8206],[73.4739,5.8207],[73.474,5.8207],[73.474,5.8208],[73.4741,5.8208],[73.4746,5.8211],[73.4748,5.8214],[73.4751,5.8215],[73.4756,5.8219],[73.4766,5.8225],[73.4776,5.8233],[73.4788,5.8241],[73.4792,5.8246],[73.4792,5.8246],[73.4794,5.8248],[73.4796,5.825],[73.4797,5.825],[73.4797,5.8251],[73.4799,5.8254],[73.4804,5.8261],[73.4813,5.8271],[73.4815,5.8278],[73.4813,5.8281],[73.4815,5.8283],[73.4814,5.8286],[73.4813,5.8288],[73.4814,5.8289],[73.4815,5.8293],[73.4815,5.8305],[73.4813,5.8313],[73.4814,5.8318],[73.4815,5.8327],[73.4817,5.8331],[73.4819,5.8341],[73.4821,5.8351],[73.4822,5.8358],[73.4821,5.8369],[73.482,5.837],[73.482,5.8371],[73.4821,5.8375],[73.482,5.8391],[73.4815,5.8398],[73.4806,5.8403],[73.4799,5.8404],[73.4798,5.8405],[73.4795,5.8406],[73.4793,5.8402],[73.4794,5.8399],[73.4794,5.8398],[73.4795,5.8396],[73.4796,5.8389],[73.4797,5.8387],[73.4796,5.8372],[73.4796,5.837],[73.4796,5.8368],[73.4795,5.8367],[73.4794,5.8362],[73.4792,5.8356],[73.4786,5.8353],[73.4785,5.835],[73.4787,5.8343],[73.4781,5.8327],[73.4776,5.8323],[73.4779,5.8317],[73.4778,5.8305],[73.4773,5.8291],[73.4767,5.8276],[73.4762,5.8266],[73.4754,5.826],[73.4749,5.8248],[73.4747,5.8242],[73.4746,5.8242],[73.4746,5.824],[73.4739,5.8231],[73.4735,5.8229],[73.4733,5.8226],[73.473,5.8224],[73.4727,5.8217],[73.4721,5.8211],[73.4719,5.8209],[73.4717,5.8206],[73.4714,5.8205],[73.4702,5.8195],[73.4693,5.8189],[73.4686,5.8184],[73.4685,5.8184],[73.4684,5.8184],[73.4684,5.8183],[73.4679,5.818],[73.4674,5.8178],[73.4673,5.8178],[73.4673,5.8177],[73.4672,5.8177],[73.4667,5.8174],[73.4658,5.8168],[73.4649,5.8164],[73.4646,5.8162],[73.4644,5.8159],[73.4636,5.8152],[73.4633,5.8148],[73.4627,5.8145],[73.4624,5.8141],[73.4617,5.8137],[73.4615,5.8135],[73.4614,5.8134],[73.4607,5.8126],[73.4605,5.8122],[73.4605,5.812],[73.4604,5.8118],[73.4604,5.8116],[73.4604,5.8114],[73.4604,5.8113],[73.4603,5.8112],[73.4598,5.8103],[73.4596,5.8099],[73.4592,5.8096],[73.4593,5.8093],[73.4598,5.8096]]],[[[73.4466,5.8439],[73.4463,5.8452],[73.4458,5.846],[73.4448,5.8468],[73.4437,5.8467],[73.4436,5.8456],[73.4441,5.8447],[73.445,5.8438],[73.4457,5.8435],[73.4463,5.8434],[73.4466,5.8439]]],[[[73.4436,5.8465],[73.4438,5.8469],[73.4433,5.8471],[73.4434,5.8465],[73.4436,5.8464],[73.4436,5.8465]]],[[[73.3365,5.8542],[73.3364,5.8541],[73.3362,5.8542],[73.3356,5.8541],[73.3353,5.8529],[73.3347,5.8518],[73.3346,5.8511],[73.3352,5.8507],[73.3359,5.8501],[73.3366,5.85],[73.337,5.85],[73.3376,5.8504],[73.3381,5.8513],[73.338,5.8525],[73.3378,5.853],[73.3371,5.8536],[73.3371,5.8537],[73.337,5.8537],[73.337,5.8538],[73.3369,5.8538],[73.3369,5.8538],[73.3368,5.8538],[73.3368,5.8539],[73.3367,5.8539],[73.3367,5.854],[73.3367,5.854],[73.3365,5.8542]]],[[[72.9894,5.8617],[72.9888,5.8616],[72.9885,5.8612],[72.9886,5.8606],[72.989,5.8598],[72.9891,5.8593],[72.9892,5.8586],[72.9897,5.8575],[72.9903,5.8565],[72.9904,5.8564],[72.9906,5.8561],[72.9909,5.8557],[72.9913,5.8544],[72.9918,5.8538],[72.9923,5.8526],[72.9924,5.8524],[72.9925,5.8523],[72.9926,5.8521],[72.9929,5.8507],[72.993,5.8504],[72.9931,5.8502],[72.9935,5.8505],[72.9936,5.8524],[72.9935,5.8525],[72.9936,5.8526],[72.9935,5.8528],[72.9935,5.8528],[72.9936,5.8536],[72.9936,5.8539],[72.9935,5.854],[72.9935,5.8541],[72.9937,5.8547],[72.9935,5.8556],[72.9935,5.8566],[72.9933,5.858],[72.9928,5.8581],[72.9922,5.8586],[72.9916,5.859],[72.9915,5.8595],[72.9913,5.8599],[72.9912,5.86],[72.9911,5.86],[72.991,5.8604],[72.9905,5.8613],[72.9903,5.8615],[72.9903,5.8616],[72.99,5.8616],[72.9894,5.8617]]],[[[73.2068,5.8623],[73.2068,5.8622],[73.2069,5.8623],[73.2068,5.8623]]],[[[73.2077,5.8624],[73.2076,5.8623],[73.2077,5.8623],[73.2077,5.8624]]],[[[73.2068,5.8623],[73.2067,5.8624],[73.2066,5.8623],[73.2068,5.8623]]],[[[73.2074,5.8623],[73.2072,5.8624],[73.2073,5.8626],[73.207,5.8628],[73.2069,5.8625],[73.207,5.8622],[73.2073,5.862],[73.2074,5.8623]]],[[[73.3686,5.8589],[73.3692,5.8593],[73.3694,5.8599],[73.3694,5.8603],[73.3691,5.8606],[73.3689,5.8609],[73.3686,5.8613],[73.3678,5.8618],[73.3672,5.8623],[73.3665,5.8625],[73.3664,5.8625],[73.3653,5.8629],[73.3643,5.8632],[73.3636,5.8631],[73.3633,5.8628],[73.3632,5.862],[73.3636,5.8613],[73.3645,5.8606],[73.365,5.8604],[73.3654,5.8601],[73.366,5.8597],[73.367,5.8593],[73.3676,5.859],[73.368,5.8589],[73.3686,5.8589]]],[[[73.2077,5.8643],[73.2073,5.8643],[73.2075,5.864],[73.2077,5.8639],[73.2077,5.8643]]],[[[73.1435,5.8713],[73.1443,5.8715],[73.1451,5.8718],[73.1458,5.8724],[73.1461,5.873],[73.1459,5.8737],[73.1455,5.8743],[73.1446,5.8746],[73.144,5.8751],[73.1434,5.8752],[73.143,5.8752],[73.1422,5.8746],[73.142,5.874],[73.1422,5.8726],[73.1423,5.872],[73.1427,5.8715],[73.1433,5.8713],[73.1434,5.8713],[73.1435,5.8713]]],[[[73.344,5.8759],[73.3437,5.8761],[73.3431,5.8767],[73.3426,5.877],[73.3425,5.8767],[73.3424,5.8766],[73.342,5.8766],[73.3418,5.8759],[73.342,5.8753],[73.3422,5.875],[73.3432,5.8747],[73.3443,5.8737],[73.3449,5.8736],[73.3451,5.874],[73.345,5.8743],[73.3451,5.8744],[73.345,5.8748],[73.3446,5.8754],[73.3445,5.8755],[73.3445,5.8757],[73.3443,5.8757],[73.344,5.8759]]],[[[73.4006,5.8807],[73.4015,5.8809],[73.4022,5.8812],[73.4033,5.8825],[73.4035,5.8827],[73.4034,5.8831],[73.4031,5.884],[73.4019,5.8845],[73.4013,5.8847],[73.3994,5.8846],[73.3983,5.8845],[73.3973,5.8841],[73.3971,5.8837],[73.3972,5.8829],[73.3975,5.8821],[73.3976,5.8818],[73.3981,5.8814],[73.3988,5.8809],[73.3995,5.8807],[73.4005,5.8806],[73.4006,5.8807]]],[[[73.3791,5.8844],[73.3789,5.8847],[73.3788,5.8849],[73.3785,5.8853],[73.3783,5.8859],[73.3781,5.886],[73.3782,5.8854],[73.3785,5.8852],[73.3786,5.8849],[73.3787,5.8846],[73.3786,5.8845],[73.3787,5.8842],[73.3788,5.8841],[73.3789,5.884],[73.3791,5.8839],[73.3791,5.8844]]],[[[73.3794,5.8825],[73.3787,5.8833],[73.3785,5.8836],[73.3783,5.884],[73.3782,5.884],[73.3783,5.8842],[73.3781,5.8847],[73.378,5.886],[73.378,5.8864],[73.3779,5.8866],[73.3778,5.8868],[73.3772,5.8868],[73.3767,5.8863],[73.3766,5.8856],[73.3769,5.8848],[73.3773,5.8845],[73.3774,5.8842],[73.3774,5.8841],[73.3775,5.884],[73.3775,5.8838],[73.3776,5.8836],[73.3777,5.8836],[73.3778,5.8834],[73.378,5.8833],[73.3781,5.8831],[73.3787,5.8824],[73.3792,5.8821],[73.3794,5.8825]]],[[[73.4673,5.8771],[73.4678,5.8775],[73.4678,5.8776],[73.4679,5.8777],[73.4682,5.8779],[73.4686,5.8785],[73.4689,5.8787],[73.4694,5.8791],[73.4698,5.8796],[73.4701,5.8799],[73.4704,5.8802],[73.4707,5.8808],[73.4708,5.8816],[73.4706,5.8824],[73.4704,5.8831],[73.4703,5.8833],[73.4701,5.8838],[73.4697,5.8847],[73.4692,5.8856],[73.4686,5.886],[73.4681,5.8865],[73.4676,5.8869],[73.4665,5.8871],[73.4653,5.8863],[73.4647,5.8856],[73.4632,5.884],[73.4629,5.8838],[73.4624,5.8832],[73.4624,5.8826],[73.4623,5.8811],[73.4622,5.8805],[73.4624,5.8797],[73.4625,5.8796],[73.4626,5.8795],[73.4627,5.8788],[73.463,5.8781],[73.4635,5.8776],[73.4643,5.877],[73.4644,5.8769],[73.4645,5.8769],[73.4645,5.8768],[73.4645,5.8767],[73.4647,5.8767],[73.4647,5.8766],[73.465,5.8766],[73.4651,5.8765],[73.4654,5.8764],[73.4654,5.8763],[73.4655,5.8764],[73.4655,5.8763],[73.4661,5.8763],[73.4668,5.8765],[73.4673,5.8771]]],[[[73.3775,5.8873],[73.3774,5.887],[73.3777,5.887],[73.3775,5.8873]]],[[[73.3182,5.8879],[73.3178,5.8878],[73.3178,5.8874],[73.318,5.8873],[73.3182,5.8879]]],[[[73.3187,5.8872],[73.3191,5.8875],[73.319,5.8878],[73.3185,5.8879],[73.3182,5.8875],[73.3184,5.8872],[73.3187,5.8872],[73.3187,5.8872]]],[[[73.4583,5.9026],[73.4582,5.9026],[73.4583,5.9025],[73.4583,5.9026]]],[[[73.4556,5.9051],[73.4547,5.905],[73.4544,5.905],[73.4542,5.905],[73.4541,5.905],[73.4542,5.9047],[73.4544,5.9042],[73.4544,5.9041],[73.4545,5.9038],[73.4547,5.9028],[73.4549,5.9025],[73.4552,5.9012],[73.4552,5.9005],[73.4555,5.8999],[73.4557,5.8992],[73.4564,5.8974],[73.4567,5.8968],[73.4569,5.8965],[73.4569,5.8964],[73.457,5.8964],[73.4575,5.8962],[73.4579,5.8963],[73.4583,5.8966],[73.4588,5.8974],[73.459,5.8977],[73.4592,5.8981],[73.4594,5.8986],[73.4593,5.8988],[73.4594,5.8989],[73.4593,5.8992],[73.4593,5.8992],[73.4594,5.8998],[73.459,5.901],[73.458,5.9006],[73.4577,5.9016],[73.4577,5.902],[73.4572,5.9033],[73.457,5.9036],[73.4569,5.9038],[73.4567,5.9043],[73.4564,5.9045],[73.4562,5.9049],[73.4556,5.9051]]],[[[73.315,5.9151],[73.3154,5.9152],[73.3151,5.9153],[73.3148,5.9151],[73.315,5.915],[73.315,5.9151]]],[[[73.3178,5.9151],[73.3178,5.9154],[73.3175,5.9156],[73.317,5.9159],[73.3165,5.916],[73.3156,5.915],[73.3151,5.915],[73.3148,5.9148],[73.3145,5.915],[73.3143,5.9148],[73.3146,5.9139],[73.3146,5.9138],[73.3146,5.9137],[73.3146,5.9134],[73.3145,5.9134],[73.3145,5.9131],[73.3143,5.9128],[73.3143,5.9121],[73.3143,5.9121],[73.3143,5.9115],[73.3142,5.9114],[73.3143,5.9108],[73.3146,5.91],[73.315,5.9098],[73.3156,5.9111],[73.3157,5.9121],[73.3159,5.9124],[73.3159,5.9125],[73.316,5.9126],[73.3159,5.9127],[73.316,5.9129],[73.3163,5.9133],[73.3164,5.9136],[73.3169,5.9139],[73.3173,5.9146],[73.3178,5.9151]],[[73.3147,5.9111],[73.3148,5.9111],[73.3149,5.9113],[73.3151,5.9113],[73.3151,5.9112],[73.3148,5.9109],[73.3146,5.9109],[73.3147,5.9111]]],[[[73.157,5.92],[73.1569,5.9199],[73.157,5.9199],[73.157,5.92]]],[[[73.4367,5.9188],[73.4368,5.9189],[73.4379,5.9192],[73.4383,5.9196],[73.4387,5.9202],[73.4385,5.9209],[73.4373,5.922],[73.4366,5.9224],[73.4355,5.9225],[73.435,5.9223],[73.4347,5.9216],[73.435,5.9208],[73.4352,5.9204],[73.4355,5.9196],[73.436,5.9188],[73.4366,5.9188],[73.4367,5.9188]]],[[[73.3066,5.9481],[73.3073,5.9483],[73.3074,5.9484],[73.3081,5.9487],[73.3088,5.949],[73.3092,5.9498],[73.3095,5.9506],[73.3093,5.9512],[73.3086,5.9514],[73.3078,5.9515],[73.3067,5.9513],[73.3058,5.9509],[73.3049,5.9503],[73.3046,5.9499],[73.3046,5.9491],[73.3051,5.9481],[73.3066,5.9481],[73.3066,5.9481]]],[[[73.1321,5.9514],[73.1324,5.9515],[73.1328,5.9521],[73.1338,5.953],[73.1346,5.9534],[73.1347,5.9535],[73.1338,5.9536],[73.133,5.9534],[73.1324,5.9533],[73.132,5.9531],[73.1315,5.9525],[73.1313,5.9521],[73.1313,5.9519],[73.1312,5.9518],[73.1315,5.9514],[73.1317,5.9512],[73.132,5.9511],[73.1321,5.9514]]],[[[73.387,5.9609],[73.3875,5.9613],[73.3877,5.9618],[73.3874,5.9624],[73.3866,5.9634],[73.3861,5.9635],[73.3852,5.9629],[73.3852,5.9621],[73.3854,5.9619],[73.3856,5.9615],[73.3863,5.9609],[73.387,5.9608],[73.387,5.9609]]],[[[73.3659,5.9673],[73.3657,5.9672],[73.3659,5.9671],[73.3659,5.9673]]],[[[73.3697,5.9668],[73.3693,5.9674],[73.3688,5.9675],[73.368,5.9676],[73.3677,5.9673],[73.3673,5.9672],[73.3669,5.9669],[73.3663,5.9667],[73.3659,5.9665],[73.3653,5.9668],[73.3652,5.9672],[73.3651,5.9673],[73.3649,5.9671],[73.3646,5.9662],[73.3648,5.9658],[73.3649,5.9654],[73.3655,5.9646],[73.367,5.9636],[73.3685,5.963],[73.3697,5.9629],[73.3707,5.9631],[73.3708,5.9633],[73.3709,5.9633],[73.3712,5.9634],[73.3712,5.9633],[73.3716,5.9635],[73.3719,5.9639],[73.372,5.9643],[73.372,5.9649],[73.3717,5.9654],[73.371,5.9661],[73.3702,5.9666],[73.3699,5.9666],[73.3703,5.9662],[73.3702,5.966],[73.3692,5.9662],[73.369,5.9665],[73.3697,5.9668]]],[[[73.3664,5.9677],[73.3661,5.9678],[73.366,5.9676],[73.3663,5.9676],[73.3664,5.9677]]],[[[73.4075,5.9686],[73.4076,5.9688],[73.4072,5.969],[73.407,5.9688],[73.4075,5.9686]]],[[[73.3456,5.9693],[73.3455,5.9692],[73.3456,5.9691],[73.3456,5.9693]]],[[[73.3456,5.9693],[73.3457,5.9693],[73.3457,5.9694],[73.3456,5.9694],[73.3456,5.9693]]],[[[73.3457,5.9694],[73.3458,5.9694],[73.3458,5.9695],[73.3457,5.9695],[73.3457,5.9694]]],[[[73.4075,5.9686],[73.4073,5.9683],[73.4067,5.9686],[73.4063,5.968],[73.4059,5.9679],[73.4056,5.9678],[73.4054,5.9679],[73.4052,5.968],[73.4048,5.9683],[73.4045,5.9684],[73.404,5.9688],[73.4038,5.9691],[73.4034,5.9692],[73.403,5.9696],[73.4025,5.9691],[73.4024,5.9685],[73.4027,5.9683],[73.4033,5.9681],[73.4034,5.9679],[73.4031,5.9674],[73.4035,5.9668],[73.4039,5.9668],[73.4041,5.9663],[73.4044,5.9662],[73.4047,5.9659],[73.4052,5.9655],[73.406,5.9645],[73.4074,5.9625],[73.4077,5.9622],[73.4081,5.9615],[73.4083,5.9613],[73.4088,5.9607],[73.4089,5.9606],[73.409,5.9605],[73.4091,5.9604],[73.4092,5.9604],[73.4096,5.9595],[73.4102,5.9586],[73.4106,5.958],[73.411,5.9575],[73.4116,5.9567],[73.4118,5.9564],[73.4121,5.9555],[73.4131,5.9539],[73.4132,5.9536],[73.4136,5.9526],[73.4136,5.9522],[73.4135,5.9521],[73.4136,5.952],[73.414,5.9518],[73.4147,5.9508],[73.4149,5.9505],[73.4149,5.9501],[73.4152,5.9501],[73.4156,5.95],[73.4159,5.9499],[73.4159,5.9498],[73.416,5.9498],[73.4163,5.9493],[73.4169,5.9483],[73.4182,5.9464],[73.4186,5.9454],[73.4188,5.9452],[73.4195,5.9442],[73.4199,5.9435],[73.4202,5.9429],[73.4209,5.9417],[73.4214,5.9412],[73.4217,5.9409],[73.4219,5.9404],[73.422,5.94],[73.4228,5.9387],[73.424,5.9374],[73.4241,5.9371],[73.4262,5.9349],[73.4272,5.9341],[73.4276,5.9339],[73.4283,5.9342],[73.4287,5.9348],[73.4287,5.9361],[73.4283,5.9375],[73.4277,5.9389],[73.4272,5.9394],[73.427,5.9398],[73.4269,5.9399],[73.427,5.9401],[73.4268,5.9403],[73.4268,5.9405],[73.4264,5.9411],[73.4261,5.9415],[73.4256,5.9423],[73.4253,5.9428],[73.4247,5.943],[73.4243,5.9435],[73.4242,5.9442],[73.4236,5.945],[73.4234,5.9452],[73.4231,5.945],[73.423,5.9449],[73.423,5.945],[73.4228,5.945],[73.4227,5.9454],[73.4232,5.9456],[73.4229,5.9461],[73.4219,5.9472],[73.4215,5.9477],[73.4211,5.9481],[73.4206,5.9478],[73.4205,5.9477],[73.4203,5.9478],[73.4197,5.9483],[73.419,5.9492],[73.4184,5.9498],[73.4178,5.9506],[73.4175,5.9508],[73.4171,5.951],[73.4167,5.9519],[73.4161,5.9527],[73.4159,5.9533],[73.4151,5.9542],[73.4149,5.9546],[73.4148,5.9547],[73.4145,5.9552],[73.4137,5.9565],[73.4134,5.9573],[73.4127,5.9587],[73.4113,5.9609],[73.4111,5.9612],[73.4109,5.9616],[73.4107,5.962],[73.4106,5.9621],[73.4105,5.9623],[73.4103,5.9626],[73.4104,5.9627],[73.4099,5.9633],[73.4099,5.9633],[73.4098,5.9633],[73.4097,5.9634],[73.4097,5.9636],[73.4096,5.964],[73.4094,5.9645],[73.4092,5.9656],[73.4095,5.9661],[73.409,5.967],[73.4088,5.9672],[73.4087,5.9675],[73.4082,5.9682],[73.4078,5.9683],[73.4077,5.9685],[73.4075,5.9686]]],[[[73.3941,5.9655],[73.3943,5.9657],[73.3947,5.966],[73.3948,5.9672],[73.3945,5.9684],[73.3937,5.9693],[73.3928,5.9696],[73.3922,5.9696],[73.392,5.9693],[73.3914,5.9685],[73.391,5.9683],[73.3911,5.9677],[73.3918,5.9671],[73.3925,5.9661],[73.3934,5.9656],[73.3941,5.9655],[73.3941,5.9655]]],[[[73.3458,5.9695],[73.3459,5.9696],[73.3459,5.9697],[73.3458,5.9695]]],[[[73.4046,5.9704],[73.4042,5.9703],[73.4041,5.9699],[73.4038,5.97],[73.4035,5.9702],[73.4036,5.9694],[73.4039,5.9694],[73.4043,5.9694],[73.4044,5.9693],[73.406,5.9692],[73.4061,5.9694],[73.4058,5.9699],[73.4046,5.9704]]],[[[72.9558,5.9703],[72.9551,5.9706],[72.9535,5.9707],[72.9532,5.9707],[72.953,5.9707],[72.9529,5.9705],[72.9526,5.9703],[72.9522,5.9705],[72.9519,5.9702],[72.9518,5.97],[72.9503,5.9695],[72.95,5.9696],[72.9495,5.9691],[72.9488,5.9691],[72.9487,5.9688],[72.9484,5.9682],[72.9484,5.9678],[72.9489,5.9671],[72.95,5.9664],[72.9502,5.9661],[72.951,5.9653],[72.9511,5.9648],[72.9513,5.9645],[72.9519,5.9642],[72.9529,5.9637],[72.9536,5.9636],[72.9548,5.9634],[72.9555,5.9636],[72.9564,5.9645],[72.9569,5.9647],[72.9569,5.9649],[72.9569,5.9652],[72.9573,5.9658],[72.9578,5.9664],[72.9578,5.9669],[72.9572,5.9676],[72.957,5.9683],[72.9569,5.9686],[72.9568,5.969],[72.9566,5.9695],[72.9558,5.9703]]],[[[73.1251,5.9669],[73.1254,5.9671],[73.1257,5.9675],[73.1259,5.9682],[73.1257,5.9697],[73.1254,5.9705],[73.125,5.971],[73.1244,5.9712],[73.124,5.9712],[73.1237,5.9705],[73.1235,5.9694],[73.1236,5.9678],[73.1243,5.967],[73.125,5.9668],[73.1251,5.9669]]],[[[73.3461,5.9704],[73.3462,5.9704],[73.3462,5.9706],[73.3462,5.9708],[73.3463,5.9708],[73.3463,5.9709],[73.3464,5.9712],[73.3464,5.9714],[73.347,5.9728],[73.3471,5.9731],[73.3472,5.9731],[73.3472,5.9732],[73.3477,5.9737],[73.3484,5.9742],[73.3486,5.9743],[73.3477,5.9748],[73.347,5.975],[73.3455,5.9752],[73.3444,5.9747],[73.3441,5.9742],[73.3439,5.9734],[73.3436,5.9728],[73.3436,5.9712],[73.3439,5.9706],[73.3444,5.9704],[73.3444,5.9704],[73.3445,5.9704],[73.3445,5.9702],[73.3444,5.9699],[73.3445,5.9691],[73.3444,5.9686],[73.3445,5.9682],[73.3446,5.9679],[73.3451,5.968],[73.3452,5.9683],[73.3454,5.9686],[73.3451,5.9687],[73.3451,5.9687],[73.3452,5.9689],[73.3451,5.9691],[73.3455,5.9695],[73.3455,5.9696],[73.3457,5.9701],[73.346,5.9703],[73.3461,5.9703],[73.3461,5.9704]]],[[[72.9399,5.9782],[72.9398,5.979],[72.9395,5.9792],[72.939,5.9795],[72.9381,5.9803],[72.9369,5.9803],[72.9366,5.98],[72.9364,5.9791],[72.9367,5.9783],[72.9371,5.978],[72.9376,5.978],[72.9381,5.978],[72.9386,5.9777],[72.9392,5.9776],[72.9401,5.9774],[72.9402,5.9777],[72.9399,5.9782]]],[[[73.3265,5.9811],[73.3267,5.9815],[73.3266,5.982],[73.326,5.9836],[73.3252,5.9847],[73.3243,5.9854],[73.3234,5.986],[73.3226,5.9861],[73.3224,5.9862],[73.3219,5.9863],[73.3215,5.9861],[73.3212,5.9858],[73.321,5.9854],[73.3211,5.9838],[73.3215,5.9829],[73.3218,5.9822],[73.3223,5.9817],[73.3224,5.9816],[73.3228,5.9813],[73.3241,5.9807],[73.3261,5.9807],[73.3265,5.9811]]],[[[73.21,5.9901],[73.21,5.9905],[73.2102,5.9908],[73.2104,5.9911],[73.2104,5.9915],[73.2106,5.9918],[73.2107,5.9921],[73.2113,5.9929],[73.2116,5.9932],[73.2121,5.994],[73.2123,5.9944],[73.2133,5.9957],[73.2145,5.9965],[73.2155,5.9968],[73.2178,5.9969],[73.2179,5.997],[73.2166,5.9974],[73.2145,5.997],[73.2141,5.9968],[73.2129,5.9962],[73.2118,5.9953],[73.2114,5.9948],[73.2109,5.994],[73.2104,5.9932],[73.21,5.992],[73.2099,5.9916],[73.2098,5.9914],[73.2098,5.9908],[73.2098,5.99],[73.21,5.9901]]],[[[73.3042,5.9976],[73.304,5.9975],[73.3042,5.9975],[73.3042,5.9976]]],[[[73.3057,6.0018],[73.3053,6.0021],[73.3051,6.0026],[73.3048,6.0028],[73.3036,6.0029],[73.3021,6.0022],[73.3005,6.0012],[73.3001,6.0009],[73.3,6.0005],[73.3,6.0004],[73.3003,6.0004],[73.3004,6.0002],[73.3001,6.0001],[73.2999,6.0],[73.2996,5.9999],[73.2998,5.9994],[73.2998,5.9993],[73.2999,5.9991],[73.3,5.9988],[73.3004,5.9982],[73.3012,5.9975],[73.3018,5.9973],[73.3019,5.9974],[73.302,5.9973],[73.3023,5.9974],[73.3022,5.9977],[73.302,5.9978],[73.3019,5.9979],[73.3008,5.9989],[73.3006,5.999],[73.3004,5.9991],[73.3004,5.9997],[73.3008,5.9999],[73.3011,6.0],[73.3016,6.0007],[73.3019,6.0011],[73.3022,6.0013],[73.3029,6.0016],[73.3036,6.0017],[73.3036,6.0017],[73.3036,6.0017],[73.3044,6.0015],[73.3049,6.0011],[73.3052,6.001],[73.3055,6.0009],[73.3057,6.0009],[73.3057,6.0018]]],[[[73.1158,6.0074],[73.1149,6.0077],[73.1146,6.0078],[73.1136,6.0085],[73.1128,6.0091],[73.1124,6.0095],[73.1114,6.0096],[73.1105,6.0092],[73.1098,6.009],[73.1093,6.0086],[73.1092,6.0085],[73.109,6.0084],[73.1087,6.0082],[73.1085,6.0078],[73.1085,6.0075],[73.1085,6.0074],[73.1086,6.0073],[73.1086,6.0072],[73.1087,6.0072],[73.1087,6.0065],[73.109,6.0061],[73.1096,6.0059],[73.1119,6.0054],[73.1123,6.0053],[73.1128,6.0051],[73.1135,6.0052],[73.1134,6.0059],[73.114,6.006],[73.1145,6.005],[73.1146,6.0052],[73.1151,6.0053],[73.1158,6.0056],[73.116,6.0062],[73.1162,6.0068],[73.1158,6.0074]]],[[[73.2961,6.0167],[73.2955,6.0168],[73.2935,6.0159],[73.2935,6.0157],[73.2945,6.0158],[73.2953,6.0156],[73.2959,6.0154],[73.2966,6.0148],[73.2972,6.0139],[73.2972,6.0136],[73.2971,6.0131],[73.2971,6.0129],[73.2972,6.0129],[73.2972,6.0128],[73.2974,6.0128],[73.2976,6.013],[73.2976,6.0133],[73.2976,6.0134],[73.2977,6.0135],[73.2977,6.0144],[73.2979,6.015],[73.2977,6.0157],[73.297,6.0164],[73.2967,6.0164],[73.2964,6.0164],[73.2961,6.0167]]],[[[73.0897,6.0186],[73.0891,6.0191],[73.0881,6.0199],[73.0876,6.02],[73.0867,6.0199],[73.0864,6.0199],[73.0863,6.0198],[73.087,6.0194],[73.0879,6.019],[73.0893,6.0185],[73.0897,6.0186]]],[[[73.0856,6.0203],[73.0854,6.0202],[73.0857,6.0201],[73.0856,6.0203]]],[[[73.0796,6.0229],[73.0795,6.0228],[73.0796,6.0228],[73.0796,6.0229]]],[[[73.2856,6.0345],[73.2861,6.0347],[73.2865,6.0353],[73.2868,6.036],[73.2868,6.0372],[73.2864,6.0378],[73.2859,6.0383],[73.2852,6.0388],[73.2844,6.039],[73.2834,6.0388],[73.2833,6.0387],[73.2827,6.0387],[73.2825,6.0386],[73.2821,6.0385],[73.282,6.0384],[73.2818,6.0384],[73.2815,6.038],[73.2813,6.0379],[73.281,6.0373],[73.2808,6.0362],[73.2813,6.0355],[73.2816,6.0353],[73.2821,6.0352],[73.2829,6.0348],[73.2834,6.0344],[73.2856,6.0345]]],[[[73.0518,6.0528],[73.0516,6.0528],[73.0519,6.0527],[73.0518,6.0528]]],[[[73.0516,6.0538],[73.0515,6.0537],[73.0516,6.0537],[73.0516,6.0538]]],[[[73.0519,6.0545],[73.0518,6.0544],[73.0519,6.0543],[73.0519,6.0545]]],[[[73.055,6.0556],[73.0543,6.0557],[73.0536,6.0554],[73.053,6.0553],[73.0524,6.0548],[73.0523,6.0536],[73.0526,6.0537],[73.0527,6.0537],[73.0528,6.0536],[73.0534,6.0532],[73.0542,6.0529],[73.0542,6.0528],[73.0542,6.0527],[73.0542,6.0524],[73.0543,6.0522],[73.0548,6.0525],[73.0553,6.0526],[73.0559,6.0529],[73.0561,6.0529],[73.0564,6.053],[73.0567,6.0532],[73.0563,6.0531],[73.0559,6.0532],[73.0558,6.0534],[73.0557,6.0542],[73.056,6.0543],[73.0564,6.0534],[73.0566,6.0532],[73.0566,6.0535],[73.0564,6.0537],[73.0561,6.0545],[73.056,6.0546],[73.056,6.0547],[73.0559,6.0547],[73.0559,6.0549],[73.0558,6.0549],[73.0558,6.055],[73.0557,6.055],[73.0557,6.0551],[73.0556,6.0551],[73.0555,6.0552],[73.0554,6.0552],[73.0554,6.0553],[73.0553,6.0553],[73.0553,6.0554],[73.0552,6.0554],[73.055,6.0556]]],[[[73.0454,6.0581],[73.0453,6.0572],[73.0452,6.0572],[73.0451,6.0568],[73.0455,6.0563],[73.0455,6.0562],[73.0456,6.056],[73.0457,6.056],[73.0461,6.0555],[73.0463,6.0556],[73.0464,6.0555],[73.0467,6.0556],[73.047,6.0559],[73.047,6.0561],[73.0471,6.0561],[73.0471,6.0565],[73.0472,6.0565],[73.0471,6.0566],[73.0472,6.0566],[73.0472,6.0573],[73.047,6.0581],[73.0463,6.058],[73.0454,6.0581]]],[[[73.0445,6.0647],[73.0445,6.065],[73.0444,6.0651],[73.0443,6.0642],[73.0445,6.0641],[73.0445,6.0647]]],[[[73.2851,6.0773],[73.2849,6.0775],[73.2846,6.078],[73.2843,6.0784],[73.2838,6.0787],[73.2826,6.0786],[73.2823,6.0783],[73.2824,6.0776],[73.282,6.0766],[73.2816,6.0749],[73.2815,6.0736],[73.2816,6.0732],[73.2815,6.0729],[73.2816,6.0718],[73.2817,6.0717],[73.2818,6.0715],[73.2818,6.0713],[73.2819,6.0713],[73.2819,6.071],[73.2819,6.0708],[73.2819,6.0706],[73.282,6.0703],[73.2821,6.0695],[73.2822,6.0688],[73.2825,6.0681],[73.2828,6.0672],[73.2828,6.0672],[73.2828,6.0671],[73.2828,6.067],[73.2829,6.067],[73.283,6.0665],[73.2835,6.0656],[73.2835,6.0655],[73.2836,6.0655],[73.2836,6.0654],[73.2837,6.0654],[73.2837,6.0652],[73.2838,6.0651],[73.2838,6.0649],[73.2839,6.0649],[73.2839,6.0648],[73.284,6.0648],[73.2841,6.0646],[73.2842,6.0645],[73.2842,6.0643],[73.2845,6.0638],[73.2846,6.0637],[73.2846,6.0635],[73.2847,6.0635],[73.2847,6.0634],[73.2848,6.0634],[73.285,6.0632],[73.2856,6.0628],[73.2861,6.0628],[73.2869,6.0635],[73.2873,6.0643],[73.2876,6.0652],[73.2876,6.0668],[73.2877,6.0668],[73.2877,6.0675],[73.2876,6.0675],[73.2875,6.0676],[73.2876,6.0676],[73.2876,6.0685],[73.2875,6.0685],[73.2875,6.069],[73.2873,6.0691],[73.287,6.0687],[73.2867,6.0683],[73.2861,6.0681],[73.2861,6.0681],[73.286,6.068],[73.2856,6.068],[73.2852,6.0676],[73.2852,6.0672],[73.2855,6.067],[73.2857,6.067],[73.2858,6.0669],[73.2858,6.0668],[73.2862,6.0668],[73.2862,6.0669],[73.2864,6.0668],[73.2864,6.0667],[73.2865,6.0667],[73.2865,6.0667],[73.2866,6.0667],[73.2866,6.0666],[73.2868,6.0666],[73.287,6.0665],[73.287,6.0664],[73.2871,6.0664],[73.2871,6.0662],[73.2872,6.0662],[73.2871,6.0659],[73.287,6.0654],[73.2869,6.0654],[73.2869,6.0652],[73.2868,6.0652],[73.2868,6.0651],[73.2867,6.0651],[73.2867,6.065],[73.2863,6.0648],[73.2856,6.065],[73.2849,6.0656],[73.2845,6.0663],[73.2842,6.0674],[73.2841,6.068],[73.284,6.0682],[73.2841,6.0682],[73.2841,6.0689],[73.2839,6.0699],[73.2837,6.0704],[73.2835,6.0715],[73.2833,6.072],[73.2833,6.0732],[73.2832,6.0732],[73.2834,6.0736],[73.2835,6.0745],[73.2837,6.0752],[73.2837,6.0753],[73.2838,6.0756],[73.2841,6.0759],[73.2841,6.076],[73.2845,6.0762],[73.285,6.076],[73.2853,6.0755],[73.2855,6.0754],[73.2859,6.0757],[73.2851,6.0773]]],[[[73.2036,6.0874],[73.2037,6.0875],[73.2038,6.0876],[73.2039,6.0878],[73.204,6.0878],[73.204,6.0879],[73.2042,6.0881],[73.2044,6.0882],[73.2046,6.0892],[73.2045,6.0897],[73.2046,6.0905],[73.2045,6.0907],[73.2027,6.0918],[73.2023,6.0919],[73.2025,6.0914],[73.2026,6.091],[73.2028,6.0905],[73.2029,6.0902],[73.2029,6.09],[73.2031,6.0894],[73.2032,6.0882],[73.2033,6.088],[73.2033,6.0879],[73.2034,6.0877],[73.2033,6.0874],[73.2035,6.0873],[73.2036,6.0874]]],[[[73.2891,6.1077],[73.2883,6.1082],[73.2878,6.1083],[73.287,6.1085],[73.2867,6.1086],[73.286,6.1086],[73.2848,6.1089],[73.2834,6.1088],[73.2828,6.1083],[73.2825,6.1081],[73.2824,6.1071],[73.2823,6.1059],[73.2826,6.1053],[73.2829,6.105],[73.2835,6.1048],[73.2848,6.1046],[73.2849,6.1048],[73.2839,6.105],[73.2833,6.1057],[73.2835,6.1067],[73.2838,6.1071],[73.2846,6.1074],[73.2855,6.1072],[73.2861,6.107],[73.2871,6.1063],[73.2877,6.1055],[73.2881,6.1044],[73.2882,6.103],[73.2878,6.1012],[73.2872,6.1001],[73.2865,6.0996],[73.2862,6.0997],[73.2858,6.0999],[73.2846,6.1004],[73.284,6.1001],[73.2839,6.0994],[73.2843,6.0991],[73.2852,6.0985],[73.2859,6.0982],[73.2863,6.0981],[73.2867,6.098],[73.2875,6.098],[73.2876,6.0981],[73.2879,6.0983],[73.2887,6.0985],[73.2896,6.0995],[73.2894,6.0999],[73.2895,6.1002],[73.2899,6.1009],[73.2902,6.1014],[73.2905,6.1032],[73.2908,6.1038],[73.2907,6.104],[73.2904,6.1044],[73.2906,6.1049],[73.2904,6.1053],[73.2902,6.1062],[73.29,6.1065],[73.2891,6.1077]]],[[[73.2282,6.1122],[73.2287,6.1127],[73.2292,6.1133],[73.2294,6.1141],[73.2293,6.115],[73.2288,6.1158],[73.2282,6.1163],[73.2277,6.1165],[73.2268,6.1162],[73.2266,6.1158],[73.2262,6.1154],[73.2261,6.1143],[73.2263,6.1134],[73.2267,6.1127],[73.2274,6.1122],[73.2281,6.1122],[73.2282,6.1122]]],[[[73.2534,6.1271],[73.2531,6.1272],[73.2526,6.1278],[73.2524,6.1277],[73.2527,6.1271],[73.2528,6.1269],[73.2528,6.1268],[73.2528,6.1268],[73.2529,6.1266],[73.2532,6.1256],[73.2536,6.1239],[73.2536,6.1231],[73.2535,6.1221],[73.2533,6.1211],[73.2534,6.1207],[73.2537,6.1205],[73.2537,6.1203],[73.2538,6.1203],[73.2538,6.1202],[73.2538,6.1201],[73.254,6.1201],[73.2544,6.1201],[73.2544,6.1202],[73.2545,6.1201],[73.2548,6.1202],[73.2551,6.1204],[73.256,6.1219],[73.2561,6.1228],[73.2557,6.1245],[73.2552,6.1254],[73.2549,6.1259],[73.2544,6.1265],[73.254,6.1267],[73.2539,6.1268],[73.2534,6.1271]]],[[[73.0364,6.1402],[73.0363,6.1404],[73.0356,6.1403],[73.0358,6.1399],[73.0362,6.14],[73.0363,6.1399],[73.0372,6.14],[73.0373,6.1402],[73.0368,6.1402],[73.0364,6.1402]]],[[[73.2938,6.1457],[73.2937,6.1456],[73.2938,6.1456],[73.2938,6.1457]]],[[[73.2937,6.147],[73.2934,6.1471],[73.2933,6.1465],[73.2934,6.1461],[73.2937,6.146],[73.2937,6.147]]],[[[73.2927,6.1495],[73.2927,6.1508],[73.2927,6.152],[73.2924,6.1524],[73.292,6.1522],[73.292,6.1512],[73.2924,6.1503],[73.2921,6.1495],[73.2926,6.1494],[73.2927,6.1495]]],[[[73.2892,6.1586],[73.2893,6.1586],[73.2893,6.1587],[73.2892,6.1587],[73.2892,6.1586]]],[[[73.2531,6.1669],[73.2529,6.1672],[73.2525,6.1675],[73.2519,6.1676],[73.2517,6.1676],[73.2516,6.1676],[73.2511,6.1675],[73.2508,6.1673],[73.2501,6.1671],[73.2491,6.1664],[73.2485,6.1654],[73.2484,6.1645],[73.2485,6.1641],[73.2486,6.1635],[73.2487,6.1631],[73.2488,6.163],[73.2492,6.1623],[73.2494,6.1622],[73.2496,6.1619],[73.2497,6.1619],[73.2504,6.161],[73.2515,6.1603],[73.2521,6.1601],[73.2529,6.1604],[73.2534,6.161],[73.2535,6.1614],[73.2539,6.1622],[73.2539,6.1628],[73.2541,6.1629],[73.2542,6.1631],[73.2543,6.1632],[73.2542,6.1632],[73.2541,6.1634],[73.254,6.1635],[73.2539,6.1639],[73.2542,6.1644],[73.2541,6.1652],[73.2543,6.1655],[73.254,6.166],[73.2538,6.1662],[73.2534,6.1667],[73.2533,6.1667],[73.2533,6.1668],[73.2532,6.1668],[73.2531,6.1669]]],[[[73.2893,6.1587],[73.2894,6.1587],[73.2894,6.1589],[73.2895,6.159],[73.2895,6.1594],[73.2894,6.1594],[73.2895,6.1601],[73.2894,6.1616],[73.2893,6.1621],[73.2892,6.1622],[73.2893,6.1624],[73.2892,6.1627],[73.2893,6.1634],[73.2892,6.1641],[73.2891,6.1643],[73.2892,6.1648],[73.2891,6.165],[73.2893,6.1651],[73.2891,6.1652],[73.2892,6.1654],[73.2893,6.1654],[73.2892,6.1655],[73.2894,6.166],[73.2895,6.1669],[73.2892,6.1677],[73.2892,6.1684],[73.2892,6.1689],[73.289,6.169],[73.2884,6.169],[73.2881,6.1683],[73.2882,6.1682],[73.2881,6.1681],[73.2881,6.168],[73.288,6.1679],[73.2881,6.1678],[73.2877,6.1668],[73.2877,6.1657],[73.2876,6.1656],[73.2876,6.1652],[73.2875,6.165],[73.2874,6.1646],[73.2873,6.1645],[73.2873,6.1644],[73.2873,6.1642],[73.2872,6.1637],[73.2871,6.1632],[73.2869,6.161],[73.2866,6.1593],[73.2864,6.1575],[73.2861,6.157],[73.2862,6.1564],[73.2863,6.1564],[73.2863,6.1562],[73.2864,6.1563],[73.2865,6.1562],[73.2866,6.1561],[73.2866,6.1562],[73.2867,6.1562],[73.2868,6.1561],[73.2871,6.156],[73.2871,6.1559],[73.2872,6.1559],[73.2878,6.1552],[73.288,6.1541],[73.2879,6.1537],[73.2877,6.1527],[73.2876,6.1518],[73.2879,6.1503],[73.2881,6.1488],[73.2879,6.1485],[73.288,6.1483],[73.2884,6.1478],[73.2886,6.1474],[73.2891,6.1465],[73.2895,6.1458],[73.29,6.1436],[73.2902,6.1431],[73.2901,6.1415],[73.2897,6.1407],[73.2897,6.1406],[73.2895,6.1406],[73.2895,6.1403],[73.2896,6.1399],[73.2899,6.1398],[73.2904,6.1391],[73.291,6.1391],[73.2912,6.1391],[73.2914,6.1389],[73.2916,6.139],[73.2918,6.1391],[73.2919,6.1391],[73.2919,6.1392],[73.292,6.1392],[73.292,6.1393],[73.2923,6.1395],[73.2927,6.14],[73.2936,6.1408],[73.2938,6.1409],[73.2939,6.1412],[73.2943,6.1418],[73.2942,6.1434],[73.294,6.1445],[73.2939,6.1451],[73.2938,6.1456],[73.2936,6.1453],[73.2936,6.145],[73.2937,6.1449],[73.2937,6.1447],[73.2937,6.1444],[73.2938,6.1439],[73.2939,6.1435],[73.2939,6.1432],[73.2938,6.1428],[73.2936,6.1424],[73.2935,6.1424],[73.2932,6.1422],[73.2928,6.1424],[73.2925,6.143],[73.2921,6.1435],[73.2923,6.1453],[73.2921,6.1465],[73.2919,6.1469],[73.2917,6.1484],[73.2916,6.149],[73.2912,6.1499],[73.291,6.1509],[73.2911,6.152],[73.2909,6.1527],[73.2905,6.1532],[73.2903,6.1537],[73.2902,6.1548],[73.2899,6.1554],[73.2895,6.1569],[73.2894,6.1584],[73.2892,6.1585],[73.2892,6.1586],[73.2891,6.1586],[73.2889,6.1585],[73.2886,6.1587],[73.2885,6.1592],[73.289,6.1594],[73.2892,6.1594],[73.2892,6.1594],[73.2891,6.1593],[73.2893,6.1589],[73.2893,6.1589],[73.2893,6.1587]]],[[[73.2934,6.1804],[73.2933,6.1803],[73.2934,6.1803],[73.2934,6.1804]]],[[[73.2933,6.1805],[73.2931,6.1804],[73.2929,6.1801],[73.2928,6.18],[73.2926,6.1798],[73.2922,6.1793],[73.2918,6.1788],[73.2919,6.1785],[73.2923,6.179],[73.2925,6.1791],[73.2925,6.1792],[73.2929,6.1795],[73.2932,6.1801],[73.2933,6.1805]]],[[[73.2987,6.1829],[73.2988,6.183],[73.2991,6.1837],[73.2992,6.1843],[73.299,6.1846],[73.2985,6.1842],[73.2985,6.1837],[73.2985,6.1831],[73.2986,6.1826],[73.2987,6.1825],[73.2987,6.1829]]],[[[73.2996,6.1862],[73.2994,6.1863],[73.2992,6.1859],[73.2995,6.1859],[73.2996,6.1862]]],[[[73.2997,6.1885],[73.2996,6.1884],[73.2997,6.1884],[73.2997,6.1885]]],[[[73.3003,6.1884],[73.3002,6.1887],[73.2997,6.1889],[73.2999,6.1879],[73.3,6.1878],[73.3003,6.1884]]],[[[73.247,6.1869],[73.2472,6.1878],[73.247,6.1884],[73.2462,6.1891],[73.2456,6.1894],[73.2453,6.1895],[73.2445,6.1895],[73.2439,6.1888],[73.2438,6.1881],[73.244,6.1875],[73.2446,6.1868],[73.2451,6.1866],[73.2457,6.1864],[73.2466,6.1863],[73.247,6.1869]]],[[[73.0321,6.1993],[73.0312,6.1994],[73.0311,6.1994],[73.0305,6.1994],[73.0303,6.1993],[73.0299,6.1993],[73.0298,6.1992],[73.0293,6.1991],[73.0293,6.1991],[73.029,6.1989],[73.029,6.1989],[73.0286,6.1988],[73.0278,6.1983],[73.0265,6.1972],[73.0258,6.1964],[73.0256,6.1956],[73.0259,6.195],[73.0267,6.1947],[73.0274,6.1946],[73.0292,6.1945],[73.0302,6.1946],[73.0311,6.1949],[73.0318,6.1951],[73.032,6.1953],[73.032,6.1954],[73.0328,6.1955],[73.0331,6.1957],[73.0337,6.196],[73.0339,6.1962],[73.0338,6.1964],[73.034,6.1966],[73.0339,6.1967],[73.0341,6.1969],[73.0342,6.1974],[73.034,6.1981],[73.0337,6.1983],[73.0337,6.1983],[73.0337,6.1983],[73.0337,6.1984],[73.0336,6.1984],[73.0334,6.1989],[73.0331,6.1989],[73.0331,6.199],[73.0328,6.199],[73.0328,6.1991],[73.0327,6.1991],[73.0321,6.1993]]],[[[73.2958,6.2004],[73.2955,6.2013],[73.2948,6.2014],[73.2947,6.2006],[73.295,6.2003],[73.2957,6.2002],[73.2958,6.2004]]],[[[73.2934,6.1804],[73.2938,6.1806],[73.2942,6.181],[73.2952,6.1816],[73.2955,6.182],[73.2962,6.1827],[73.2965,6.1828],[73.2974,6.1837],[73.2974,6.1839],[73.2968,6.1842],[73.2965,6.1849],[73.2965,6.1855],[73.2968,6.1861],[73.2968,6.1866],[73.297,6.1868],[73.297,6.1868],[73.2974,6.1868],[73.2977,6.1866],[73.2982,6.1869],[73.299,6.1889],[73.2993,6.1894],[73.2994,6.1905],[73.2998,6.1903],[73.2999,6.1899],[73.2999,6.1899],[73.2996,6.1894],[73.2999,6.1894],[73.3,6.1898],[73.3001,6.1899],[73.3004,6.1904],[73.3009,6.1908],[73.301,6.191],[73.3011,6.1912],[73.301,6.1919],[73.3008,6.1921],[73.3006,6.1924],[73.3005,6.1927],[73.3006,6.194],[73.3004,6.1961],[73.3006,6.1968],[73.3005,6.1972],[73.3002,6.1973],[73.3001,6.1974],[73.3,6.1974],[73.2999,6.1979],[73.2996,6.1985],[73.2995,6.199],[73.2991,6.1998],[73.2986,6.2008],[73.2984,6.2009],[73.2983,6.2011],[73.2981,6.2012],[73.2982,6.2014],[73.2974,6.2025],[73.2969,6.2029],[73.2961,6.2029],[73.2961,6.2029],[73.2961,6.2028],[73.296,6.2028],[73.296,6.2027],[73.2959,6.2027],[73.2959,6.2027],[73.296,6.2024],[73.2967,6.2018],[73.2966,6.2015],[73.2968,6.2014],[73.297,6.2011],[73.2974,6.2004],[73.2983,6.199],[73.2988,6.1983],[73.2989,6.1966],[73.2987,6.195],[73.2983,6.1943],[73.2982,6.1938],[73.2979,6.1931],[73.2975,6.1922],[73.2972,6.1913],[73.2969,6.1898],[73.2967,6.1893],[73.2966,6.1887],[73.2965,6.1881],[73.2964,6.1876],[73.2962,6.1872],[73.2961,6.1863],[73.2958,6.1851],[73.2954,6.1842],[73.2946,6.1828],[73.294,6.1818],[73.2934,6.1807],[73.2934,6.1806],[73.2934,6.1806],[73.2933,6.1806],[73.2933,6.1805],[73.2934,6.1805],[73.2934,6.1805],[73.2934,6.1804]],[[73.2975,6.2015],[73.2974,6.2012],[73.2971,6.2014],[73.297,6.2015],[73.2971,6.2017],[73.2972,6.2017],[73.2975,6.2015]]],[[[72.9977,6.2046],[72.9976,6.2048],[72.9974,6.2046],[72.9976,6.2041],[72.9977,6.204],[72.9978,6.2036],[72.9977,6.2028],[72.9977,6.2023],[72.9979,6.2021],[72.9991,6.2025],[72.9996,6.2027],[72.9992,6.2037],[72.9987,6.2043],[72.998,6.2047],[72.998,6.2045],[72.9977,6.2046]]],[[[73.0639,6.2119],[73.0638,6.2121],[73.0626,6.2124],[73.0621,6.2125],[73.0616,6.2125],[73.0611,6.2114],[73.0605,6.2108],[73.0595,6.2104],[73.059,6.2102],[73.0586,6.2101],[73.0583,6.21],[73.058,6.2093],[73.0581,6.2085],[73.0584,6.208],[73.0586,6.2077],[73.0589,6.2073],[73.059,6.2072],[73.0591,6.2071],[73.0597,6.2072],[73.0608,6.2074],[73.0611,6.2068],[73.0615,6.2069],[73.0618,6.207],[73.063,6.2075],[73.0631,6.2086],[73.063,6.2088],[73.0631,6.2088],[73.0632,6.2091],[73.063,6.2093],[73.0632,6.2094],[73.063,6.2098],[73.0631,6.2098],[73.0632,6.2103],[73.0633,6.2105],[73.0636,6.2109],[73.0641,6.2111],[73.0645,6.2115],[73.0642,6.2117],[73.0639,6.2117],[73.0639,6.2119]]],[[[73.2417,6.2273],[73.2419,6.2274],[73.2425,6.2282],[73.2427,6.2286],[73.2425,6.2295],[73.2422,6.23],[73.2414,6.2301],[73.2409,6.2299],[73.2404,6.2294],[73.2403,6.2287],[73.2403,6.2278],[73.2409,6.2273],[73.2417,6.2273],[73.2417,6.2273]]],[[[73.2691,6.2395],[73.2688,6.2397],[73.2685,6.2398],[73.2678,6.24],[73.2668,6.2397],[73.2663,6.239],[73.2658,6.2388],[73.2655,6.2385],[73.2651,6.2384],[73.2645,6.2376],[73.2642,6.2372],[73.264,6.2366],[73.2637,6.2361],[73.2636,6.2356],[73.2636,6.2354],[73.2634,6.2337],[73.2636,6.2324],[73.2638,6.2319],[73.2639,6.2314],[73.2641,6.231],[73.2646,6.2304],[73.2655,6.2298],[73.2666,6.2298],[73.2676,6.23],[73.2679,6.2301],[73.268,6.2301],[73.2681,6.23],[73.2691,6.2308],[73.2694,6.2311],[73.2696,6.2311],[73.2696,6.2312],[73.2696,6.2312],[73.2696,6.2313],[73.2699,6.2314],[73.27,6.2316],[73.2705,6.232],[73.2708,6.2325],[73.2712,6.2331],[73.2714,6.234],[73.2718,6.2345],[73.2719,6.2348],[73.2718,6.2368],[73.271,6.238],[73.27,6.2389],[73.2693,6.2394],[73.2691,6.2395]],[[73.2692,6.2392],[73.2692,6.2391],[73.2694,6.2391],[73.2694,6.2389],[73.269,6.2388],[73.2689,6.2392],[73.2692,6.2392]],[[73.2675,6.2362],[73.2678,6.2362],[73.2681,6.2363],[73.2685,6.2363],[73.2685,6.2363],[73.2688,6.2363],[73.2688,6.2362],[73.2691,6.2362],[73.2695,6.236],[73.2701,6.2354],[73.2704,6.2348],[73.2702,6.2342],[73.2698,6.2339],[73.2693,6.2338],[73.2687,6.2336],[73.267,6.2337],[73.2666,6.2342],[73.2665,6.235],[73.2667,6.2353],[73.2669,6.2358],[73.267,6.2358],[73.267,6.2359],[73.2671,6.2359],[73.2671,6.236],[73.2672,6.236],[73.2672,6.2361],[73.2674,6.2362],[73.2674,6.236],[73.2675,6.2362]]],[[[73.2193,6.2608],[73.2204,6.2617],[73.2206,6.2621],[73.2209,6.2625],[73.221,6.2633],[73.2211,6.2634],[73.2212,6.2639],[73.221,6.2641],[73.2211,6.2644],[73.221,6.2647],[73.2209,6.2649],[73.2208,6.265],[73.2208,6.2651],[73.2207,6.2655],[73.2205,6.2656],[73.2205,6.266],[73.2201,6.2662],[73.2199,6.2665],[73.2195,6.2668],[73.2197,6.2672],[73.2191,6.2677],[73.2181,6.2678],[73.2177,6.2677],[73.2176,6.2677],[73.2176,6.2676],[73.2172,6.2676],[73.2168,6.2675],[73.2164,6.2673],[73.2163,6.2673],[73.2163,6.2672],[73.2162,6.2672],[73.2162,6.2672],[73.2158,6.2668],[73.2156,6.2664],[73.2155,6.2659],[73.2155,6.2653],[73.2155,6.2648],[73.2156,6.2639],[73.2157,6.2634],[73.2158,6.2631],[73.2159,6.2629],[73.216,6.2627],[73.2165,6.2619],[73.2175,6.2611],[73.2184,6.2608],[73.2193,6.2608]]],[[[73.1958,6.2769],[73.1962,6.277],[73.197,6.2772],[73.1978,6.2776],[73.1982,6.278],[73.1986,6.2784],[73.1987,6.279],[73.1984,6.28],[73.1979,6.2808],[73.1975,6.281],[73.1971,6.2812],[73.1961,6.2815],[73.1951,6.2817],[73.1942,6.2815],[73.1934,6.2805],[73.1933,6.2797],[73.1933,6.2786],[73.1936,6.278],[73.1942,6.2773],[73.195,6.2769],[73.1957,6.2769],[73.1958,6.2769]]],[[[73.1518,6.2811],[73.1529,6.2817],[73.1539,6.2827],[73.154,6.2833],[73.1538,6.2834],[73.154,6.2836],[73.1538,6.2839],[73.154,6.284],[73.1542,6.2845],[73.1541,6.2853],[73.1538,6.2859],[73.1529,6.2869],[73.1521,6.2874],[73.151,6.2877],[73.1501,6.2876],[73.15,6.2874],[73.1497,6.2872],[73.1494,6.2867],[73.1491,6.2866],[73.1488,6.2864],[73.1487,6.2861],[73.1485,6.2858],[73.1487,6.2856],[73.1487,6.2853],[73.1485,6.285],[73.1485,6.285],[73.1483,6.285],[73.148,6.2846],[73.148,6.2837],[73.1481,6.283],[73.1486,6.2822],[73.1492,6.2817],[73.1496,6.2816],[73.1497,6.2815],[73.1503,6.2812],[73.1511,6.281],[73.1518,6.2811]]],[[[73.013,6.2831],[73.0132,6.2837],[73.0134,6.2841],[73.0135,6.2845],[73.0137,6.285],[73.0135,6.287],[73.0138,6.2872],[73.0137,6.2878],[73.0132,6.2881],[73.013,6.2885],[73.0125,6.2892],[73.0126,6.2892],[73.0125,6.2894],[73.0123,6.2894],[73.0121,6.2896],[73.0118,6.2897],[73.0119,6.2898],[73.0116,6.2903],[73.0113,6.2905],[73.0113,6.2903],[73.0113,6.2901],[73.0114,6.2897],[73.0116,6.2896],[73.0116,6.2893],[73.0116,6.289],[73.0117,6.2888],[73.0116,6.2888],[73.0116,6.2887],[73.0116,6.2886],[73.0116,6.2883],[73.0113,6.2856],[73.0113,6.2841],[73.0118,6.2833],[73.0119,6.2827],[73.0125,6.2825],[73.013,6.2831]]],[[[73.0112,6.2908],[73.0111,6.2907],[73.0112,6.2907],[73.0112,6.2908]]],[[[73.2431,6.2948],[73.243,6.2949],[73.2429,6.2951],[73.2422,6.2959],[73.2413,6.2964],[73.2408,6.2966],[73.2403,6.2965],[73.2403,6.2964],[73.2401,6.2963],[73.2399,6.2959],[73.2394,6.2953],[73.2394,6.2949],[73.2394,6.2942],[73.2394,6.2939],[73.2395,6.293],[73.2397,6.2925],[73.24,6.2923],[73.2402,6.2916],[73.2407,6.2909],[73.241,6.2907],[73.2411,6.2904],[73.2412,6.2903],[73.2412,6.2901],[73.242,6.2895],[73.2422,6.289],[73.2422,6.2889],[73.2424,6.2885],[73.2428,6.287],[73.243,6.2864],[73.2433,6.2854],[73.2434,6.2836],[73.2433,6.2824],[73.2431,6.2822],[73.243,6.2822],[73.2429,6.2821],[73.2427,6.2819],[73.2428,6.2816],[73.2427,6.2815],[73.2428,6.2801],[73.242,6.2796],[73.2419,6.2791],[73.2421,6.279],[73.2422,6.2789],[73.2419,6.2789],[73.2422,6.2787],[73.2422,6.2786],[73.2422,6.2785],[73.2422,6.2784],[73.2423,6.2783],[73.2425,6.2781],[73.2425,6.278],[73.2427,6.2777],[73.2428,6.2776],[73.2429,6.2775],[73.2431,6.2774],[73.2433,6.2773],[73.2448,6.2772],[73.2459,6.2776],[73.2461,6.2776],[73.2461,6.2777],[73.2465,6.2777],[73.2466,6.2778],[73.247,6.2779],[73.2473,6.278],[73.2482,6.2784],[73.249,6.279],[73.2495,6.2797],[73.2494,6.2797],[73.2497,6.28],[73.2497,6.2804],[73.2498,6.2804],[73.2501,6.2811],[73.2498,6.2824],[73.2493,6.2831],[73.2491,6.2833],[73.249,6.2836],[73.2488,6.2839],[73.2487,6.284],[73.2487,6.2841],[73.2488,6.2842],[73.2487,6.2842],[73.2486,6.2848],[73.2484,6.2849],[73.2485,6.2851],[73.2484,6.2855],[73.2483,6.2856],[73.2482,6.2857],[73.2479,6.2865],[73.2477,6.2873],[73.2473,6.2879],[73.2471,6.288],[73.2468,6.2886],[73.2466,6.2888],[73.2463,6.2897],[73.2462,6.2898],[73.2462,6.2899],[73.2452,6.292],[73.2444,6.2931],[73.244,6.2937],[73.2437,6.2941],[73.2436,6.2942],[73.2435,6.2943],[73.2434,6.2944],[73.2434,6.2946],[73.2433,6.2946],[73.2433,6.2946],[73.2432,6.2946],[73.2431,6.2948]],[[73.2412,6.2921],[73.2413,6.2915],[73.2409,6.2917],[73.2407,6.2919],[73.2408,6.292],[73.2408,6.2921],[73.2412,6.2921]],[[73.2414,6.2915],[73.2417,6.2914],[73.2417,6.2912],[73.2416,6.2912],[73.2413,6.2913],[73.2414,6.2915]]],[[[73.1085,6.2961],[73.1094,6.2968],[73.1101,6.2975],[73.1104,6.298],[73.1111,6.2988],[73.1119,6.3002],[73.1122,6.3005],[73.1121,6.3008],[73.1123,6.3009],[73.1122,6.301],[73.1124,6.3013],[73.1127,6.3017],[73.113,6.3021],[73.1136,6.3042],[73.1138,6.3046],[73.1139,6.3053],[73.1137,6.3059],[73.1134,6.3064],[73.1131,6.3068],[73.1126,6.3074],[73.1115,6.3081],[73.1095,6.3082],[73.1083,6.3079],[73.1074,6.3072],[73.1063,6.3057],[73.1059,6.305],[73.1053,6.3037],[73.1049,6.3027],[73.1047,6.302],[73.1045,6.301],[73.1046,6.2997],[73.1049,6.2989],[73.106,6.2974],[73.1063,6.2971],[73.107,6.2966],[73.1075,6.2962],[73.1082,6.2961],[73.1085,6.2961]]],[[[72.6396,6.3171],[72.6395,6.317],[72.6397,6.317],[72.6396,6.3171]]],[[[73.2264,6.3234],[73.2267,6.3238],[73.2261,6.3235],[73.226,6.3234],[73.2256,6.3233],[73.2254,6.3227],[73.2257,6.3229],[73.2258,6.3228],[73.2263,6.3228],[73.2264,6.3234]]],[[[73.2251,6.3269],[73.225,6.3268],[73.2249,6.3268],[73.2249,6.3267],[73.2248,6.3265],[73.2247,6.3264],[73.2247,6.3263],[73.2245,6.3258],[73.2244,6.3255],[73.2242,6.3248],[73.2238,6.3237],[73.2237,6.3223],[73.2246,6.3227],[73.2245,6.3231],[73.2244,6.3234],[73.2244,6.3236],[73.2244,6.3237],[73.2245,6.3237],[73.2245,6.3237],[73.2245,6.3237],[73.2245,6.3239],[73.2246,6.324],[73.2247,6.3241],[73.2251,6.3246],[73.2253,6.3248],[73.2254,6.3249],[73.2254,6.3252],[73.2255,6.3252],[73.2257,6.3256],[73.2258,6.3259],[73.226,6.3261],[73.2262,6.3262],[73.2263,6.3268],[73.2261,6.3268],[73.2258,6.3267],[73.2251,6.3269]]],[[[73.1517,6.324],[73.1518,6.3244],[73.152,6.3246],[73.1521,6.3246],[73.1521,6.3248],[73.1525,6.3254],[73.1525,6.3256],[73.1526,6.3258],[73.1529,6.3265],[73.153,6.3276],[73.1533,6.3282],[73.1534,6.3288],[73.1531,6.3299],[73.1524,6.3309],[73.1517,6.3312],[73.1508,6.3313],[73.1504,6.3313],[73.1503,6.3312],[73.1497,6.3311],[73.1491,6.3308],[73.149,6.3307],[73.1487,6.3306],[73.1485,6.3304],[73.1485,6.3304],[73.1484,6.3297],[73.1474,6.3289],[73.1471,6.3282],[73.1467,6.3275],[73.1461,6.3273],[73.1459,6.3266],[73.1458,6.3265],[73.1458,6.3261],[73.1458,6.325],[73.1456,6.325],[73.1458,6.3247],[73.1457,6.3246],[73.1458,6.3246],[73.1458,6.324],[73.1458,6.3239],[73.1459,6.3239],[73.146,6.3235],[73.1464,6.3233],[73.1463,6.3231],[73.1465,6.3228],[73.147,6.3224],[73.1477,6.3222],[73.1486,6.3222],[73.1496,6.3225],[73.1504,6.3229],[73.1517,6.324]]],[[[73.2289,6.3318],[73.2282,6.3319],[73.228,6.3319],[73.2275,6.3318],[73.2274,6.3317],[73.2269,6.3314],[73.2264,6.3309],[73.2266,6.331],[73.2269,6.3312],[73.2278,6.331],[73.2288,6.3305],[73.2295,6.3296],[73.2299,6.3287],[73.23,6.3286],[73.2301,6.3283],[73.2305,6.3281],[73.2309,6.3275],[73.2311,6.3269],[73.2311,6.3268],[73.2313,6.3264],[73.2314,6.3262],[73.2314,6.3259],[73.2315,6.3258],[73.2315,6.3257],[73.2315,6.325],[73.2316,6.3249],[73.2314,6.3249],[73.2316,6.3245],[73.2316,6.3244],[73.2316,6.3242],[73.2316,6.3241],[73.2315,6.3238],[73.2314,6.3236],[73.2312,6.3224],[73.2309,6.3223],[73.2304,6.3225],[73.2303,6.3226],[73.2297,6.3236],[73.2293,6.3242],[73.2294,6.3242],[73.2293,6.3243],[73.2293,6.3244],[73.2294,6.3244],[73.2294,6.3247],[73.2296,6.3248],[73.2297,6.325],[73.2298,6.325],[73.2299,6.3251],[73.2295,6.3253],[73.229,6.3256],[73.2287,6.3258],[73.2288,6.3247],[73.2288,6.3246],[73.2288,6.3243],[73.2289,6.3238],[73.2289,6.3236],[73.2287,6.3233],[73.2285,6.3232],[73.2281,6.3232],[73.2276,6.3228],[73.2276,6.3228],[73.2274,6.3228],[73.2272,6.3227],[73.2274,6.3227],[73.2277,6.3227],[73.2275,6.3224],[73.2278,6.3222],[73.2283,6.3223],[73.2284,6.3225],[73.2285,6.3224],[73.2289,6.3224],[73.2294,6.3211],[73.2293,6.3205],[73.2299,6.3204],[73.2303,6.3205],[73.2307,6.3203],[73.2307,6.3203],[73.2311,6.3198],[73.2311,6.3198],[73.2311,6.3195],[73.2311,6.3193],[73.2312,6.3193],[73.2312,6.3193],[73.2313,6.3189],[73.2318,6.3191],[73.2324,6.3199],[73.2322,6.3205],[73.2321,6.3208],[73.2322,6.321],[73.2324,6.3216],[73.2325,6.3221],[73.2326,6.3225],[73.2327,6.3231],[73.2325,6.3232],[73.2327,6.3236],[73.2327,6.3241],[73.2327,6.3243],[73.2327,6.3245],[73.2321,6.3261],[73.2319,6.3267],[73.2316,6.3276],[73.2313,6.3282],[73.2313,6.3282],[73.2313,6.3285],[73.2311,6.3291],[73.2309,6.3291],[73.2309,6.3293],[73.2307,6.3294],[73.2306,6.3298],[73.2305,6.3302],[73.2305,6.3303],[73.2304,6.3307],[73.2299,6.3313],[73.2296,6.3316],[73.2292,6.3317],[73.2292,6.3317],[73.2291,6.3317],[73.2289,6.3318]]],[[[72.9791,6.3371],[72.9792,6.339],[72.9791,6.3402],[72.979,6.3412],[72.9788,6.3418],[72.9784,6.3426],[72.9777,6.3432],[72.9775,6.3433],[72.9771,6.3426],[72.9765,6.3419],[72.9758,6.3415],[72.9753,6.3413],[72.975,6.3412],[72.9742,6.3411],[72.9738,6.3406],[72.9735,6.3398],[72.9733,6.3395],[72.9728,6.3389],[72.9727,6.3383],[72.9726,6.3382],[72.9725,6.3377],[72.9727,6.3377],[72.9725,6.3374],[72.9722,6.3372],[72.9722,6.337],[72.972,6.3368],[72.9718,6.3366],[72.9718,6.3365],[72.9714,6.3358],[72.9714,6.3357],[72.9712,6.3356],[72.971,6.3355],[72.9698,6.3343],[72.9693,6.3335],[72.969,6.3333],[72.9689,6.3333],[72.9689,6.3332],[72.9688,6.3331],[72.9687,6.333],[72.9685,6.3327],[72.9691,6.3326],[72.9708,6.3334],[72.9711,6.3335],[72.972,6.3339],[72.9729,6.3344],[72.9742,6.3355],[72.9756,6.3363],[72.9758,6.3365],[72.9761,6.3368],[72.9767,6.3369],[72.9769,6.3367],[72.9775,6.3368],[72.9776,6.3369],[72.9777,6.3365],[72.9782,6.3364],[72.9782,6.3363],[72.9783,6.336],[72.9783,6.3357],[72.9781,6.3358],[72.9776,6.3363],[72.9777,6.3359],[72.9781,6.3357],[72.9784,6.3355],[72.9784,6.3355],[72.9787,6.3356],[72.9788,6.3359],[72.9792,6.3365],[72.9789,6.337],[72.9791,6.3371]]],[[[73.2102,6.3446],[73.2117,6.3451],[73.2123,6.3456],[73.2126,6.3459],[73.2132,6.3464],[73.2139,6.3469],[73.2145,6.3477],[73.2147,6.3486],[73.2146,6.35],[73.2144,6.3503],[73.2133,6.351],[73.2124,6.3513],[73.2118,6.3517],[73.2113,6.352],[73.21,6.3524],[73.2093,6.3527],[73.2079,6.3531],[73.2071,6.3533],[73.2058,6.3533],[73.2056,6.353],[73.205,6.353],[73.205,6.3528],[73.2049,6.3527],[73.2048,6.3517],[73.2046,6.3516],[73.2045,6.3514],[73.2049,6.3513],[73.2051,6.3508],[73.2051,6.3506],[73.2051,6.3501],[73.2053,6.3496],[73.2055,6.3489],[73.2052,6.3485],[73.2055,6.3476],[73.2057,6.3474],[73.2061,6.3469],[73.2067,6.346],[73.2075,6.3453],[73.2076,6.345],[73.2076,6.3449],[73.2083,6.3444],[73.2085,6.3445],[73.2085,6.3444],[73.2088,6.3444],[73.2089,6.3444],[73.209,6.3443],[73.2102,6.3446]]],[[[73.0529,6.3602],[73.0531,6.3606],[73.0532,6.3606],[73.0532,6.3607],[73.0533,6.3607],[73.0533,6.3608],[73.0534,6.3609],[73.0534,6.3613],[73.0535,6.3613],[73.0535,6.3614],[73.0536,6.3616],[73.0538,6.362],[73.0537,6.3627],[73.0535,6.3634],[73.0529,6.3639],[73.0525,6.3644],[73.0521,6.3646],[73.0517,6.3651],[73.0511,6.3652],[73.0502,6.365],[73.0493,6.3649],[73.0486,6.3648],[73.0476,6.3644],[73.0463,6.3638],[73.0456,6.3633],[73.0453,6.3626],[73.0451,6.3624],[73.0451,6.3622],[73.045,6.362],[73.0449,6.362],[73.0449,6.3619],[73.0445,6.3612],[73.0444,6.3608],[73.0443,6.3606],[73.0442,6.3598],[73.0442,6.3596],[73.0441,6.3596],[73.044,6.3588],[73.0443,6.3587],[73.0443,6.3582],[73.0446,6.3575],[73.0446,6.3574],[73.0447,6.3574],[73.0448,6.3572],[73.0449,6.3572],[73.0453,6.3567],[73.0455,6.3566],[73.0455,6.3565],[73.0456,6.3565],[73.0458,6.3565],[73.0461,6.3564],[73.0462,6.3562],[73.0468,6.3559],[73.0471,6.3558],[73.0472,6.3557],[73.0479,6.3554],[73.0486,6.3555],[73.0493,6.3557],[73.0496,6.3561],[73.0498,6.3562],[73.0516,6.3577],[73.052,6.3583],[73.0522,6.3582],[73.0526,6.3586],[73.0523,6.3587],[73.0523,6.3591],[73.0524,6.3591],[73.0527,6.3596],[73.0528,6.3596],[73.0528,6.3597],[73.0529,6.3597],[73.0529,6.36],[73.0528,6.36],[73.0529,6.3602]]],[[[72.9265,6.395],[72.9264,6.3957],[72.9263,6.3958],[72.9263,6.3961],[72.9263,6.3962],[72.9262,6.3964],[72.9259,6.3966],[72.9257,6.3968],[72.9254,6.3969],[72.9261,6.3947],[72.9263,6.3946],[72.9265,6.395]]],[[[72.6947,6.3954],[72.6953,6.3958],[72.6953,6.396],[72.6946,6.397],[72.6943,6.3973],[72.6938,6.3963],[72.6934,6.3956],[72.6933,6.3956],[72.6931,6.3956],[72.6931,6.3953],[72.6933,6.3953],[72.6934,6.3951],[72.6936,6.3949],[72.6939,6.3949],[72.6947,6.3954]]],[[[72.6463,6.409],[72.646,6.4094],[72.6456,6.4094],[72.6455,6.4094],[72.6451,6.4092],[72.645,6.4092],[72.6449,6.4092],[72.6449,6.4088],[72.645,6.4088],[72.6453,6.4086],[72.6455,6.4085],[72.6463,6.409]]],[[[72.7103,6.4155],[72.7099,6.4156],[72.7091,6.4153],[72.7087,6.4152],[72.7082,6.4154],[72.7074,6.4155],[72.7066,6.4155],[72.706,6.4153],[72.7056,6.4148],[72.7053,6.4144],[72.7051,6.414],[72.705,6.4137],[72.7049,6.4135],[72.7048,6.4132],[72.7042,6.4128],[72.7041,6.4124],[72.704,6.412],[72.7034,6.411],[72.703,6.4103],[72.7026,6.4102],[72.7025,6.4094],[72.7023,6.409],[72.7022,6.4087],[72.7021,6.4082],[72.7018,6.408],[72.7014,6.4075],[72.7012,6.4071],[72.701,6.4067],[72.7008,6.4061],[72.7004,6.4053],[72.7003,6.4049],[72.7003,6.4048],[72.7001,6.4046],[72.6998,6.4034],[72.6999,6.4033],[72.7,6.4029],[72.7007,6.4032],[72.7013,6.404],[72.7016,6.4042],[72.7017,6.4042],[72.7017,6.4043],[72.7018,6.4044],[72.7021,6.4046],[72.7022,6.4047],[72.7024,6.4048],[72.7026,6.4048],[72.7027,6.405],[72.7029,6.405],[72.7038,6.4053],[72.7047,6.405],[72.7051,6.4054],[72.7053,6.4055],[72.7055,6.4057],[72.7061,6.4061],[72.7064,6.4065],[72.7066,6.4065],[72.7069,6.4067],[72.7085,6.4085],[72.7086,6.41],[72.7087,6.4107],[72.7089,6.413],[72.7091,6.4138],[72.7092,6.4138],[72.7092,6.414],[72.7093,6.4141],[72.7094,6.4143],[72.7097,6.4145],[72.71,6.4151],[72.7103,6.4155]]],[[[72.9374,6.4307],[72.9375,6.4308],[72.9378,6.4314],[72.9381,6.4319],[72.9376,6.4325],[72.9373,6.4325],[72.9372,6.4326],[72.9366,6.4328],[72.9361,6.433],[72.9347,6.4337],[72.9335,6.4341],[72.932,6.434],[72.9309,6.4337],[72.9303,6.4334],[72.93,6.4332],[72.9284,6.4325],[72.928,6.4322],[72.927,6.4318],[72.9264,6.4314],[72.9257,6.4309],[72.9256,6.4307],[72.9251,6.4305],[72.925,6.4304],[72.9248,6.4302],[72.9247,6.4301],[72.9241,6.4296],[72.924,6.4295],[72.9239,6.4295],[72.9239,6.4294],[72.9237,6.4293],[72.9235,6.4292],[72.9229,6.4288],[72.9219,6.4282],[72.9218,6.4281],[72.9221,6.4275],[72.9229,6.4272],[72.9233,6.4271],[72.9233,6.4271],[72.9237,6.4271],[72.9238,6.4269],[72.9249,6.4265],[72.9256,6.4263],[72.9265,6.426],[72.9269,6.4261],[72.927,6.426],[72.927,6.4261],[72.9271,6.4261],[72.928,6.4262],[72.9289,6.4265],[72.9298,6.4268],[72.9298,6.4269],[72.9307,6.4269],[72.9312,6.4272],[72.9326,6.4279],[72.9329,6.4282],[72.9331,6.4284],[72.9338,6.4287],[72.9342,6.429],[72.9347,6.4293],[72.9348,6.4296],[72.935,6.4296],[72.9353,6.4299],[72.9358,6.4302],[72.9364,6.4301],[72.9365,6.43],[72.9366,6.4299],[72.9367,6.43],[72.9368,6.43],[72.937,6.4299],[72.9374,6.4301],[72.9374,6.4307]]],[[[72.9078,6.435],[72.908,6.4352],[72.9082,6.4365],[72.9076,6.4368],[72.907,6.4366],[72.9071,6.4357],[72.9074,6.435],[72.9077,6.435],[72.9078,6.435]]],[[[73.0687,6.4314],[73.0693,6.4316],[73.0697,6.4317],[73.0699,6.4319],[73.07,6.4319],[73.0702,6.4321],[73.0704,6.4325],[73.0707,6.4328],[73.0715,6.4329],[73.0716,6.4332],[73.072,6.4336],[73.0723,6.434],[73.0725,6.4343],[73.0728,6.4347],[73.0729,6.4356],[73.0726,6.4365],[73.072,6.437],[73.0707,6.4371],[73.0697,6.4368],[73.0693,6.4366],[73.0692,6.4365],[73.0688,6.4364],[73.0683,6.4362],[73.0671,6.4354],[73.0665,6.4347],[73.0664,6.4345],[73.0663,6.4343],[73.0663,6.4342],[73.0662,6.4342],[73.0662,6.4341],[73.0658,6.4335],[73.0657,6.4332],[73.0656,6.4332],[73.0656,6.4331],[73.0657,6.432],[73.0659,6.4318],[73.066,6.4317],[73.0664,6.4315],[73.0674,6.4311],[73.0687,6.4314]]],[[[72.9184,6.4443],[72.9178,6.4443],[72.9178,6.4439],[72.9175,6.4437],[72.9159,6.4435],[72.9155,6.4439],[72.915,6.4437],[72.9147,6.4435],[72.9144,6.4429],[72.9138,6.4422],[72.9132,6.4419],[72.9128,6.4417],[72.9124,6.4415],[72.9123,6.4413],[72.9119,6.4411],[72.9117,6.4408],[72.9116,6.4408],[72.9116,6.4407],[72.9115,6.4405],[72.9114,6.4405],[72.9114,6.4404],[72.9113,6.4404],[72.9113,6.4403],[72.9112,6.4403],[72.9112,6.4403],[72.9107,6.4397],[72.9101,6.4389],[72.91,6.4389],[72.91,6.4388],[72.91,6.4388],[72.91,6.4387],[72.9099,6.4386],[72.9097,6.4385],[72.9097,6.4384],[72.9096,6.4383],[72.9089,6.4372],[72.9095,6.4371],[72.9101,6.4372],[72.9105,6.4372],[72.9107,6.4372],[72.9109,6.4372],[72.9111,6.4372],[72.9119,6.4371],[72.912,6.437],[72.912,6.4371],[72.9129,6.4372],[72.9131,6.4372],[72.9132,6.4372],[72.9155,6.4371],[72.9172,6.4374],[72.9173,6.4376],[72.9176,6.4375],[72.9182,6.4376],[72.9182,6.4377],[72.9184,6.4376],[72.9189,6.4377],[72.9201,6.4384],[72.9205,6.4385],[72.9209,6.4386],[72.9211,6.4387],[72.9212,6.4387],[72.9212,6.4386],[72.9213,6.4387],[72.9216,6.439],[72.9217,6.439],[72.9217,6.4391],[72.9218,6.4391],[72.9217,6.4392],[72.9218,6.4394],[72.9221,6.4396],[72.922,6.4396],[72.9221,6.4398],[72.9223,6.4399],[72.9223,6.4399],[72.9224,6.4395],[72.9229,6.4397],[72.9232,6.4403],[72.9234,6.4409],[72.9231,6.4411],[72.923,6.4407],[72.9228,6.4405],[72.9225,6.4404],[72.9226,6.4406],[72.9228,6.4411],[72.9229,6.4414],[72.9223,6.4425],[72.9218,6.4429],[72.9207,6.4434],[72.9204,6.4435],[72.9195,6.4442],[72.9187,6.4441],[72.9185,6.4442],[72.9184,6.4442],[72.9184,6.4443]]],[[[73.0594,6.4482],[73.0608,6.4483],[73.0614,6.4487],[73.062,6.4495],[73.0621,6.4504],[73.0621,6.4508],[73.0619,6.4514],[73.0617,6.4517],[73.0611,6.4522],[73.0604,6.4524],[73.0602,6.4522],[73.0595,6.4521],[73.0587,6.4515],[73.0577,6.4503],[73.0575,6.4498],[73.0575,6.4491],[73.058,6.4484],[73.0587,6.4481],[73.0593,6.4481],[73.0594,6.4482]]],[[[72.9021,6.4796],[72.9012,6.4797],[72.9004,6.4793],[72.9003,6.4791],[72.9006,6.4781],[72.9009,6.4778],[72.9011,6.4775],[72.9014,6.4771],[72.9017,6.477],[72.9023,6.4765],[72.9029,6.4762],[72.9036,6.4762],[72.9036,6.4762],[72.9039,6.4763],[72.9044,6.4767],[72.9045,6.4772],[72.9042,6.4782],[72.9039,6.4787],[72.9034,6.4791],[72.9031,6.4793],[72.9029,6.4793],[72.9028,6.4794],[72.9027,6.4794],[72.9026,6.4795],[72.9025,6.4795],[72.9021,6.4796]]],[[[73.0562,6.5133],[73.0571,6.514],[73.0577,6.5147],[73.058,6.516],[73.0575,6.5167],[73.0566,6.5172],[73.0554,6.5178],[73.0542,6.518],[73.0529,6.5179],[73.0514,6.5174],[73.0506,6.5169],[73.0504,6.5167],[73.0502,6.5163],[73.0502,6.5156],[73.0505,6.5154],[73.0505,6.5153],[73.0505,6.5152],[73.0506,6.515],[73.0511,6.5143],[73.052,6.5135],[73.0535,6.5128],[73.055,6.5127],[73.0562,6.5133]]],[[[72.8867,6.5408],[72.8865,6.5407],[72.8868,6.5405],[72.8867,6.5408]]],[[[72.9046,6.5435],[72.9044,6.5442],[72.9039,6.5447],[72.9027,6.5436],[72.9019,6.5433],[72.9009,6.5436],[72.9009,6.5437],[72.9009,6.5437],[72.9011,6.5439],[72.9003,6.5442],[72.9004,6.5438],[72.9004,6.5437],[72.9,6.5437],[72.8997,6.5437],[72.8994,6.5433],[72.8994,6.5431],[72.8993,6.543],[72.8982,6.5419],[72.898,6.5418],[72.8978,6.5417],[72.8977,6.5416],[72.8977,6.5415],[72.8969,6.5411],[72.8966,6.541],[72.8963,6.5408],[72.8962,6.5409],[72.8961,6.5405],[72.896,6.5405],[72.896,6.5404],[72.8959,6.5404],[72.8954,6.5402],[72.8953,6.5401],[72.8949,6.54],[72.8944,6.5398],[72.8936,6.5397],[72.8929,6.5396],[72.8927,6.5395],[72.8925,6.5395],[72.8913,6.5394],[72.8898,6.5397],[72.8892,6.5397],[72.889,6.5398],[72.8885,6.5398],[72.8883,6.5399],[72.8879,6.5399],[72.887,6.5402],[72.8868,6.5402],[72.8868,6.54],[72.8866,6.5398],[72.8868,6.5391],[72.8872,6.5387],[72.888,6.5384],[72.8893,6.5379],[72.8895,6.538],[72.8903,6.5384],[72.8927,6.5385],[72.8941,6.539],[72.895,6.5395],[72.8955,6.5397],[72.8963,6.5398],[72.8963,6.5399],[72.8964,6.5398],[72.8966,6.5399],[72.8966,6.5398],[72.8967,6.5399],[72.8974,6.5399],[72.8975,6.5401],[72.8978,6.54],[72.8979,6.54],[72.8981,6.54],[72.8992,6.5397],[72.9009,6.5396],[72.9017,6.5391],[72.9025,6.5384],[72.9031,6.538],[72.9036,6.5377],[72.9038,6.5376],[72.9043,6.5383],[72.9048,6.5397],[72.9049,6.5421],[72.9047,6.543],[72.9046,6.5435]]],[[[72.9828,6.5483],[72.9822,6.5486],[72.9821,6.5487],[72.9819,6.5488],[72.981,6.5489],[72.9806,6.5489],[72.9794,6.5488],[72.9784,6.5486],[72.9777,6.5483],[72.9771,6.5483],[72.9763,6.5477],[72.976,6.5476],[72.9755,6.5472],[72.9754,6.5469],[72.975,6.5466],[72.975,6.5465],[72.9749,6.5464],[72.9744,6.546],[72.9736,6.545],[72.9735,6.5446],[72.9732,6.5444],[72.9731,6.5441],[72.9731,6.5441],[72.9729,6.5437],[72.9727,6.543],[72.9727,6.5428],[72.9725,6.5415],[72.9725,6.5408],[72.9728,6.5402],[72.9734,6.5394],[72.9747,6.5384],[72.9755,6.5378],[72.976,6.5376],[72.9763,6.5375],[72.9768,6.5373],[72.9783,6.5372],[72.9791,6.537],[72.9798,6.5372],[72.9815,6.5379],[72.9822,6.5381],[72.9831,6.5386],[72.9832,6.5387],[72.9833,6.5387],[72.9833,6.5388],[72.9835,6.5388],[72.9842,6.5392],[72.9844,6.5392],[72.9848,6.5395],[72.9853,6.5397],[72.9857,6.5403],[72.9862,6.5407],[72.9864,6.5409],[72.9867,6.5412],[72.9868,6.5412],[72.9868,6.5413],[72.987,6.5415],[72.9869,6.5416],[72.9872,6.5424],[72.9874,6.5432],[72.9873,6.5434],[72.9874,6.5435],[72.9873,6.5437],[72.9874,6.5437],[72.9875,6.5439],[72.9873,6.5447],[72.9871,6.5447],[72.9867,6.5457],[72.9864,6.5461],[72.986,6.5465],[72.9855,6.5465],[72.9853,6.5467],[72.9851,6.5469],[72.9845,6.5474],[72.9837,6.5481],[72.9833,6.5482],[72.9832,6.5482],[72.9828,6.5483]]],[[[72.9588,6.5524],[72.9573,6.5527],[72.9568,6.5527],[72.9567,6.5528],[72.9562,6.553],[72.9543,6.5532],[72.9525,6.553],[72.9522,6.5526],[72.9513,6.5524],[72.9499,6.5522],[72.9495,6.5524],[72.9491,6.5521],[72.9486,6.5519],[72.9484,6.5517],[72.9476,6.5516],[72.9462,6.5504],[72.9459,6.5504],[72.9454,6.5499],[72.9454,6.5501],[72.9452,6.5498],[72.9454,6.5498],[72.9452,6.5492],[72.9453,6.5489],[72.9461,6.548],[72.9466,6.5477],[72.9468,6.5476],[72.9468,6.5476],[72.9471,6.5475],[72.9474,6.5473],[72.9474,6.5473],[72.9476,6.5472],[72.9476,6.5472],[72.9481,6.547],[72.9499,6.5465],[72.9513,6.5464],[72.9515,6.5465],[72.9517,6.5464],[72.9519,6.5465],[72.9521,6.5463],[72.9529,6.5464],[72.9534,6.5465],[72.9544,6.5466],[72.9547,6.5467],[72.9548,6.5466],[72.9555,6.5467],[72.9555,6.5468],[72.9565,6.5469],[72.9579,6.5472],[72.9591,6.5477],[72.9599,6.5483],[72.9606,6.5491],[72.9611,6.5498],[72.9612,6.5505],[72.9607,6.5512],[72.9599,6.5518],[72.9588,6.5524]]],[[[72.9837,6.566],[72.984,6.5664],[72.9839,6.5667],[72.984,6.5667],[72.9839,6.5667],[72.9838,6.5668],[72.9833,6.5671],[72.9824,6.5669],[72.9823,6.5663],[72.9825,6.5659],[72.9831,6.5658],[72.9837,6.566]]],[[[73.0518,6.5807],[73.0512,6.5809],[73.0502,6.5811],[73.0495,6.5809],[73.0485,6.5801],[73.0479,6.5794],[73.0478,6.5794],[73.0472,6.5785],[73.047,6.5782],[73.0468,6.5779],[73.0465,6.5769],[73.0464,6.5757],[73.0464,6.5756],[73.0465,6.5756],[73.0464,6.5753],[73.0465,6.5745],[73.0467,6.5739],[73.0468,6.5738],[73.0468,6.5737],[73.0469,6.5734],[73.0471,6.5731],[73.0471,6.573],[73.0472,6.5728],[73.0473,6.5726],[73.0473,6.5722],[73.0475,6.5723],[73.0476,6.572],[73.0477,6.5718],[73.0478,6.5717],[73.0482,6.5712],[73.0482,6.5711],[73.0484,6.5703],[73.0485,6.5702],[73.0485,6.5702],[73.0485,6.5701],[73.0485,6.57],[73.0486,6.57],[73.0485,6.5695],[73.0492,6.5695],[73.0498,6.5687],[73.0498,6.5684],[73.0497,6.568],[73.0498,6.5679],[73.0499,6.5678],[73.05,6.5677],[73.0501,6.5675],[73.0507,6.5669],[73.0512,6.566],[73.0517,6.5646],[73.0526,6.5632],[73.0536,6.5622],[73.0537,6.5618],[73.0539,6.5614],[73.0545,6.5612],[73.055,6.5614],[73.0562,6.5624],[73.0562,6.5625],[73.0567,6.5635],[73.057,6.5644],[73.0572,6.5658],[73.0573,6.5671],[73.0574,6.5717],[73.0571,6.5738],[73.0569,6.5743],[73.0567,6.5751],[73.0565,6.5758],[73.0564,6.5761],[73.0561,6.5772],[73.0557,6.5777],[73.055,6.5781],[73.0541,6.5789],[73.0533,6.5793],[73.0533,6.5794],[73.0532,6.5794],[73.0531,6.5796],[73.0531,6.5797],[73.0531,6.5797],[73.0518,6.5807]]],[[[73.0117,6.597],[73.0121,6.5972],[73.0126,6.5975],[73.0131,6.5982],[73.0133,6.5988],[73.0135,6.5994],[73.0137,6.6005],[73.0132,6.6024],[73.0129,6.6031],[73.0126,6.6039],[73.0124,6.6042],[73.0123,6.6045],[73.0121,6.6048],[73.0117,6.6052],[73.0115,6.6055],[73.0108,6.6064],[73.0102,6.6069],[73.0096,6.6076],[73.0086,6.6084],[73.0078,6.6086],[73.0067,6.6084],[73.0061,6.608],[73.0056,6.6075],[73.0052,6.6066],[73.005,6.6056],[73.0051,6.604],[73.0055,6.6027],[73.0061,6.6014],[73.0064,6.6009],[73.0068,6.6003],[73.0071,6.5999],[73.0077,6.5992],[73.0088,6.5982],[73.0097,6.5976],[73.0102,6.5973],[73.0108,6.597],[73.0116,6.5969],[73.0117,6.597]]],[[[73.0673,6.6317],[73.067,6.6318],[73.0668,6.632],[73.0655,6.6328],[73.0649,6.6329],[73.0644,6.6334],[73.0644,6.6336],[73.0644,6.6338],[73.0643,6.6338],[73.0641,6.6339],[73.063,6.6341],[73.0624,6.6337],[73.0622,6.6327],[73.0622,6.6323],[73.0626,6.6322],[73.0632,6.6318],[73.0633,6.6315],[73.0633,6.6314],[73.0634,6.6314],[73.0634,6.6307],[73.0635,6.6306],[73.0634,6.6285],[73.0637,6.6281],[73.0639,6.6278],[73.0642,6.6273],[73.0642,6.6269],[73.0641,6.6267],[73.0636,6.6264],[73.0637,6.626],[73.0638,6.6256],[73.0639,6.625],[73.064,6.6246],[73.0641,6.6241],[73.0642,6.6238],[73.0633,6.6237],[73.0634,6.6232],[73.0639,6.623],[73.0643,6.6226],[73.0645,6.6224],[73.0647,6.622],[73.0649,6.6209],[73.065,6.6204],[73.0651,6.6195],[73.0654,6.6182],[73.0653,6.618],[73.065,6.6178],[73.065,6.6177],[73.0643,6.6175],[73.0645,6.6171],[73.0648,6.617],[73.0659,6.6172],[73.066,6.6173],[73.0663,6.6173],[73.0663,6.6172],[73.0664,6.6172],[73.0668,6.6166],[73.0669,6.6162],[73.0664,6.6152],[73.0662,6.6151],[73.0658,6.6145],[73.0659,6.6143],[73.066,6.6142],[73.0663,6.614],[73.0664,6.6141],[73.0664,6.614],[73.0665,6.614],[73.0665,6.6139],[73.0667,6.6139],[73.0667,6.6138],[73.0669,6.6138],[73.0669,6.6137],[73.0671,6.6137],[73.0671,6.6137],[73.068,6.6133],[73.0685,6.6136],[73.0689,6.6136],[73.0692,6.6136],[73.0696,6.6135],[73.0702,6.6128],[73.0706,6.6124],[73.0711,6.6122],[73.0717,6.6123],[73.0726,6.6127],[73.0734,6.6136],[73.0738,6.6142],[73.074,6.615],[73.0747,6.6164],[73.0747,6.6166],[73.0752,6.6183],[73.0754,6.6191],[73.0753,6.6193],[73.0755,6.6194],[73.0755,6.6196],[73.0754,6.6197],[73.0755,6.6199],[73.0756,6.6204],[73.0755,6.6205],[73.0756,6.6205],[73.0758,6.6219],[73.0756,6.6224],[73.0757,6.6225],[73.0757,6.6226],[73.0756,6.6233],[73.0754,6.6244],[73.0752,6.6245],[73.0752,6.6248],[73.0751,6.6254],[73.0748,6.6258],[73.0748,6.6261],[73.0746,6.6266],[73.0743,6.6268],[73.0743,6.627],[73.074,6.6273],[73.0739,6.6276],[73.0737,6.6277],[73.0737,6.628],[73.0735,6.6282],[73.0737,6.6283],[73.0736,6.6286],[73.0733,6.6289],[73.0731,6.629],[73.073,6.6291],[73.0729,6.6292],[73.0721,6.6295],[73.0704,6.6311],[73.0699,6.6315],[73.0698,6.6316],[73.0696,6.6316],[73.0692,6.632],[73.0686,6.6324],[73.0676,6.6331],[73.0668,6.6335],[73.0662,6.6336],[73.0665,6.6331],[73.0668,6.633],[73.0668,6.6329],[73.0669,6.633],[73.0671,6.6329],[73.0675,6.6326],[73.0675,6.6325],[73.0676,6.6325],[73.068,6.632],[73.0681,6.6315],[73.0679,6.6314],[73.0673,6.6317]],[[73.0664,6.6273],[73.0663,6.6273],[73.0662,6.6275],[73.0658,6.6281],[73.0656,6.6292],[73.0659,6.6297],[73.0662,6.6299],[73.0668,6.6304],[73.0675,6.63],[73.0681,6.6297],[73.0689,6.6291],[73.0688,6.6288],[73.0688,6.6287],[73.0688,6.6286],[73.0687,6.6286],[73.0687,6.6285],[73.0686,6.6285],[73.0686,6.6282],[73.0685,6.6282],[73.0685,6.6279],[73.0685,6.6275],[73.0683,6.6272],[73.0681,6.6271],[73.0669,6.6271],[73.0666,6.6272],[73.0665,6.6272],[73.0664,6.6273]],[[73.0655,6.6208],[73.0656,6.6211],[73.0656,6.6211],[73.0661,6.6211],[73.0662,6.6212],[73.0663,6.6211],[73.0658,6.6206],[73.0655,6.6208]]],[[[72.9162,6.6436],[72.9161,6.6436],[72.9162,6.6435],[72.9162,6.6436]]],[[[72.9162,6.6436],[72.9164,6.6436],[72.9164,6.6437],[72.9162,6.6437],[72.9162,6.6436]]],[[[72.9164,6.6437],[72.9166,6.6437],[72.9166,6.6438],[72.9164,6.6438],[72.9164,6.6437]]],[[[72.9166,6.6438],[72.9168,6.6438],[72.9168,6.6439],[72.9166,6.6439],[72.9166,6.6438]]],[[[72.9168,6.6439],[72.9169,6.6439],[72.9168,6.644],[72.9168,6.6439]]],[[[72.9192,6.6443],[72.919,6.6442],[72.9192,6.6442],[72.9192,6.6443]]],[[[72.9223,6.6436],[72.9218,6.644],[72.9215,6.6441],[72.9212,6.6442],[72.9201,6.6444],[72.9193,6.6441],[72.9175,6.644],[72.9172,6.6439],[72.9167,6.6437],[72.9161,6.6434],[72.9156,6.6433],[72.9153,6.6433],[72.9153,6.6433],[72.9153,6.6432],[72.9149,6.6433],[72.915,6.6428],[72.9152,6.6429],[72.9153,6.6428],[72.9153,6.6429],[72.9156,6.6428],[72.9161,6.6427],[72.9177,6.6425],[72.9184,6.6421],[72.9204,6.6419],[72.921,6.6414],[72.9222,6.6411],[72.9229,6.6409],[72.9235,6.6409],[72.9242,6.6414],[72.9247,6.6423],[72.9248,6.643],[72.9242,6.6432],[72.9237,6.6431],[72.9231,6.6432],[72.9226,6.6434],[72.9226,6.6435],[72.9224,6.6435],[72.9223,6.6436]]],[[[72.9378,6.6549],[72.9384,6.6551],[72.9386,6.6552],[72.9389,6.6553],[72.9395,6.6558],[72.9399,6.6565],[72.94,6.6575],[72.9399,6.6581],[72.9398,6.659],[72.9394,6.6596],[72.9387,6.6603],[72.9377,6.6607],[72.9365,6.661],[72.935,6.6612],[72.9341,6.6612],[72.9333,6.6601],[72.9329,6.6595],[72.9332,6.6576],[72.9334,6.6574],[72.9335,6.657],[72.9341,6.656],[72.9343,6.6558],[72.9344,6.6556],[72.9349,6.6552],[72.9356,6.655],[72.9372,6.6549],[72.9378,6.6549],[72.9378,6.6549]]],[[[73.0279,6.6546],[73.0287,6.6546],[73.0293,6.6549],[73.0303,6.6557],[73.0307,6.6565],[73.0308,6.6577],[73.0305,6.6587],[73.0302,6.6596],[73.0296,6.6605],[73.0289,6.6611],[73.0283,6.6615],[73.027,6.662],[73.0258,6.6619],[73.0253,6.6616],[73.0247,6.6609],[73.0244,6.6599],[73.0245,6.6594],[73.0244,6.659],[73.0245,6.6587],[73.0247,6.6576],[73.025,6.6568],[73.0255,6.6561],[73.0257,6.6558],[73.0266,6.6549],[73.0274,6.6546],[73.0279,6.6545],[73.0279,6.6546]]],[[[72.9983,6.6622],[72.9989,6.6624],[72.9996,6.6633],[72.9997,6.664],[72.9999,6.6643],[72.9998,6.666],[72.9993,6.6662],[72.999,6.6667],[72.9992,6.6669],[72.9993,6.6671],[72.9988,6.6672],[72.9987,6.6674],[72.9984,6.6675],[72.9984,6.6676],[72.998,6.6679],[72.9977,6.668],[72.9975,6.6682],[72.9968,6.6686],[72.9956,6.6687],[72.9947,6.6684],[72.994,6.6681],[72.9939,6.6678],[72.9939,6.6678],[72.9939,6.6676],[72.9938,6.6676],[72.9938,6.6674],[72.9936,6.667],[72.9937,6.666],[72.9939,6.6658],[72.994,6.6655],[72.9942,6.6654],[72.9943,6.6651],[72.9946,6.6644],[72.9952,6.6636],[72.9963,6.6627],[72.9968,6.6626],[72.997,6.6624],[72.9978,6.6622],[72.9983,6.6622]]],[[[73.0869,6.6649],[73.087,6.665],[73.0872,6.6652],[73.0871,6.6653],[73.0872,6.6655],[73.0871,6.6661],[73.0868,6.6672],[73.0865,6.6677],[73.0862,6.6684],[73.0857,6.6688],[73.0855,6.6693],[73.0852,6.6697],[73.085,6.6699],[73.0848,6.6703],[73.0845,6.6704],[73.0842,6.6705],[73.0842,6.671],[73.0837,6.6713],[73.0828,6.6719],[73.0819,6.672],[73.0812,6.672],[73.08,6.6714],[73.0792,6.6707],[73.0791,6.6706],[73.0787,6.6702],[73.0782,6.6692],[73.0782,6.6689],[73.0781,6.6688],[73.0781,6.6687],[73.078,6.668],[73.0779,6.6678],[73.0779,6.6678],[73.0778,6.667],[73.0778,6.6667],[73.0777,6.6662],[73.0777,6.6642],[73.0776,6.6636],[73.0777,6.6636],[73.0778,6.6635],[73.0776,6.6635],[73.0777,6.6634],[73.0778,6.6632],[73.0777,6.663],[73.0776,6.663],[73.0776,6.6629],[73.0775,6.6626],[73.0776,6.662],[73.0777,6.662],[73.0777,6.6615],[73.0778,6.6609],[73.0779,6.6604],[73.078,6.6601],[73.0779,6.6601],[73.0778,6.66],[73.0777,6.6595],[73.0779,6.6594],[73.0779,6.6593],[73.078,6.6593],[73.078,6.659],[73.0781,6.6588],[73.078,6.6587],[73.0779,6.6586],[73.078,6.6586],[73.0781,6.6584],[73.0781,6.6583],[73.0782,6.6571],[73.0783,6.6566],[73.0784,6.656],[73.0786,6.6555],[73.0785,6.6554],[73.0786,6.6552],[73.0787,6.6551],[73.0787,6.6551],[73.0792,6.6541],[73.0797,6.6537],[73.0802,6.6534],[73.0805,6.6533],[73.0805,6.6531],[73.0809,6.6531],[73.0809,6.6532],[73.0815,6.6529],[73.0828,6.6532],[73.0842,6.654],[73.0851,6.6547],[73.0856,6.6546],[73.0861,6.655],[73.0865,6.6555],[73.0873,6.6567],[73.0877,6.6577],[73.0879,6.6584],[73.0877,6.6589],[73.0875,6.6598],[73.0875,6.6598],[73.0876,6.6602],[73.0875,6.6604],[73.0875,6.6606],[73.0876,6.6614],[73.0873,6.6619],[73.0872,6.662],[73.0872,6.662],[73.0873,6.6622],[73.0874,6.6626],[73.0873,6.663],[73.0872,6.6641],[73.0874,6.6645],[73.0872,6.6649],[73.087,6.6648],[73.0869,6.6649]],[[73.0866,6.6589],[73.0867,6.6589],[73.0867,6.659],[73.0873,6.6589],[73.0874,6.6584],[73.0873,6.6583],[73.0872,6.658],[73.0871,6.658],[73.0871,6.6579],[73.087,6.6577],[73.0865,6.6571],[73.0863,6.6564],[73.0859,6.656],[73.0858,6.6555],[73.0855,6.6554],[73.0854,6.6555],[73.0854,6.6556],[73.0855,6.6558],[73.0854,6.656],[73.0853,6.656],[73.0853,6.6561],[73.0852,6.6561],[73.0852,6.6562],[73.0853,6.6564],[73.0852,6.6565],[73.0854,6.6568],[73.0855,6.6579],[73.0854,6.6581],[73.0857,6.6582],[73.0858,6.6585],[73.0861,6.6587],[73.0861,6.6587],[73.0862,6.6587],[73.0862,6.6588],[73.0864,6.6589],[73.0865,6.6589],[73.0865,6.6588],[73.0866,6.6589]]],[[[72.9134,6.6715],[72.9136,6.6716],[72.9139,6.6718],[72.9145,6.6722],[72.9149,6.673],[72.9153,6.6739],[72.915,6.6741],[72.9142,6.674],[72.9129,6.6735],[72.9122,6.6731],[72.9116,6.6729],[72.9115,6.6728],[72.9104,6.6721],[72.9094,6.6716],[72.9084,6.6714],[72.907,6.6715],[72.906,6.671],[72.9058,6.6709],[72.9054,6.6707],[72.9036,6.67],[72.903,6.6699],[72.903,6.6699],[72.901,6.6699],[72.9004,6.67],[72.8996,6.67],[72.8996,6.6701],[72.8986,6.6704],[72.8983,6.6705],[72.8981,6.6705],[72.898,6.6706],[72.8975,6.6707],[72.8969,6.6709],[72.8968,6.6709],[72.8968,6.671],[72.8967,6.671],[72.8965,6.671],[72.8964,6.6709],[72.8963,6.6709],[72.8961,6.6709],[72.8955,6.6709],[72.895,6.6711],[72.8949,6.6712],[72.8944,6.6714],[72.8942,6.6713],[72.8941,6.6712],[72.894,6.6711],[72.8938,6.6695],[72.8936,6.6681],[72.8937,6.6679],[72.8936,6.6677],[72.8934,6.6677],[72.8932,6.667],[72.8934,6.667],[72.8935,6.667],[72.8936,6.6669],[72.8948,6.6673],[72.8959,6.6675],[72.898,6.6677],[72.8987,6.6678],[72.8998,6.6677],[72.9006,6.6679],[72.9013,6.668],[72.9027,6.668],[72.9037,6.668],[72.9041,6.668],[72.9048,6.668],[72.9055,6.6682],[72.9072,6.67],[72.9082,6.6707],[72.9092,6.6711],[72.91,6.6712],[72.9108,6.6713],[72.9134,6.6715]]],[[[73.1127,6.6781],[73.1125,6.6782],[73.1121,6.678],[73.112,6.6779],[73.1125,6.6779],[73.1127,6.6781]]],[[[72.9488,6.7005],[72.9491,6.7007],[72.9495,6.7011],[72.9494,6.7019],[72.9488,6.7027],[72.9481,6.7028],[72.9474,6.7026],[72.9472,6.7021],[72.9474,6.7015],[72.9476,6.7013],[72.9478,6.701],[72.9482,6.7005],[72.9488,6.7004],[72.9488,6.7005]]],[[[72.9007,6.7053],[72.8996,6.7055],[72.8998,6.7051],[72.9004,6.705],[72.9007,6.7053]]],[[[72.8998,6.705],[72.8994,6.7051],[72.8994,6.7053],[72.8985,6.7057],[72.8988,6.7052],[72.8992,6.7049],[72.8994,6.705],[72.8996,6.7048],[72.8998,6.705]]],[[[73.1239,6.7087],[73.1236,6.7088],[73.1214,6.7086],[73.1207,6.7079],[73.1207,6.7079],[73.1206,6.708],[73.1203,6.7079],[73.1204,6.7075],[73.1203,6.7072],[73.1202,6.7072],[73.1202,6.7071],[73.1196,6.7068],[73.1191,6.7065],[73.1186,6.7064],[73.1186,6.7062],[73.1184,6.7061],[73.1184,6.7059],[73.118,6.7057],[73.1176,6.7053],[73.1169,6.705],[73.1167,6.7049],[73.1164,6.7048],[73.1161,6.7043],[73.1158,6.704],[73.1155,6.7035],[73.1154,6.7033],[73.1151,6.7031],[73.1152,6.7027],[73.1153,6.7026],[73.1154,6.7026],[73.1156,6.7024],[73.1158,6.7023],[73.1158,6.7022],[73.1163,6.7022],[73.1168,6.7018],[73.117,6.7016],[73.1171,6.7016],[73.1171,6.7015],[73.1171,6.7014],[73.1172,6.7014],[73.1173,6.7012],[73.1176,6.7008],[73.118,6.7002],[73.1183,6.6994],[73.1185,6.6979],[73.1186,6.6969],[73.1186,6.6968],[73.1185,6.6965],[73.1186,6.6956],[73.1186,6.6942],[73.1185,6.6936],[73.1184,6.6918],[73.1182,6.6912],[73.1182,6.6908],[73.1181,6.6898],[73.118,6.6891],[73.118,6.6884],[73.1179,6.6879],[73.1177,6.6869],[73.1175,6.6862],[73.1173,6.6855],[73.117,6.6846],[73.1164,6.6833],[73.1164,6.6831],[73.1162,6.683],[73.1161,6.6825],[73.116,6.6825],[73.116,6.6824],[73.1159,6.6824],[73.1159,6.6822],[73.1158,6.6821],[73.1158,6.6818],[73.1157,6.6818],[73.1157,6.6817],[73.1157,6.6816],[73.1155,6.6813],[73.1152,6.6807],[73.1151,6.6804],[73.1153,6.68],[73.1151,6.68],[73.1149,6.68],[73.1145,6.68],[73.1143,6.6796],[73.1141,6.6793],[73.1139,6.6791],[73.1137,6.6786],[73.1134,6.6782],[73.1137,6.6784],[73.1142,6.6785],[73.1144,6.6787],[73.1145,6.6787],[73.115,6.679],[73.1166,6.6812],[73.1173,6.6828],[73.1174,6.6829],[73.1177,6.6836],[73.1178,6.6837],[73.1179,6.6839],[73.118,6.6841],[73.1185,6.6851],[73.1191,6.6863],[73.1202,6.688],[73.1205,6.6884],[73.1211,6.6894],[73.1218,6.6906],[73.122,6.691],[73.1223,6.6916],[73.1225,6.692],[73.1231,6.6931],[73.1236,6.6943],[73.1241,6.6955],[73.1242,6.6962],[73.1243,6.6966],[73.1244,6.697],[73.1243,6.6981],[73.1245,6.6986],[73.1246,6.6998],[73.1241,6.7006],[73.1239,6.7008],[73.124,6.701],[73.1239,6.7014],[73.124,6.7016],[73.1239,6.7018],[73.124,6.7018],[73.1242,6.7039],[73.1243,6.7064],[73.1242,6.7078],[73.1239,6.7087]]],[[[72.9481,6.7115],[72.9487,6.712],[72.9488,6.7131],[72.949,6.7139],[72.9491,6.7151],[72.9493,6.7154],[72.9492,6.7156],[72.949,6.7162],[72.9489,6.7166],[72.948,6.7177],[72.9474,6.718],[72.9471,6.7181],[72.947,6.7182],[72.9467,6.7183],[72.9462,6.7182],[72.9458,6.7182],[72.9453,6.7181],[72.9449,6.7177],[72.9447,6.7161],[72.9449,6.7155],[72.945,6.7144],[72.9453,6.7135],[72.9454,6.713],[72.9458,6.7125],[72.9466,6.7117],[72.9473,6.7115],[72.9481,6.7115]]],[[[73.1502,6.7262],[73.1493,6.7264],[73.1488,6.7266],[73.1488,6.7267],[73.1485,6.7269],[73.1482,6.7269],[73.1481,6.727],[73.148,6.7269],[73.1481,6.7267],[73.1482,6.7266],[73.1485,6.7264],[73.1486,6.7264],[73.1492,6.7261],[73.1493,6.7262],[73.1494,6.7261],[73.1495,6.726],[73.1495,6.7261],[73.15,6.7259],[73.1502,6.7258],[73.1502,6.7258],[73.1507,6.7256],[73.151,6.7258],[73.1505,6.726],[73.1503,6.7261],[73.1502,6.7262]]],[[[73.0268,6.721],[73.0272,6.7216],[73.0275,6.7225],[73.0275,6.7231],[73.0273,6.7236],[73.0273,6.7237],[73.0273,6.7239],[73.0272,6.724],[73.0271,6.7241],[73.0267,6.7242],[73.0263,6.7249],[73.0264,6.7255],[73.0263,6.7257],[73.0262,6.7261],[73.026,6.7265],[73.0249,6.7279],[73.0239,6.7286],[73.0233,6.7289],[73.0222,6.7288],[73.0216,6.728],[73.0214,6.7275],[73.0213,6.7252],[73.0214,6.7251],[73.0214,6.7249],[73.0215,6.7243],[73.022,6.7233],[73.0229,6.7223],[73.0239,6.7218],[73.0246,6.7212],[73.025,6.721],[73.0259,6.7208],[73.0261,6.7209],[73.0262,6.7208],[73.0268,6.721]]],[[[73.0366,6.7396],[73.0361,6.7402],[73.036,6.7404],[73.0358,6.7406],[73.0356,6.7407],[73.0354,6.7412],[73.0353,6.7414],[73.0352,6.7417],[73.0349,6.7419],[73.0349,6.7422],[73.0343,6.7431],[73.0337,6.7442],[73.0331,6.7449],[73.0326,6.7453],[73.0315,6.7455],[73.0308,6.7452],[73.0305,6.7449],[73.0303,6.744],[73.0305,6.7425],[73.0308,6.7416],[73.0312,6.7408],[73.0313,6.7406],[73.0315,6.7403],[73.0324,6.7384],[73.0324,6.7382],[73.0325,6.7381],[73.0325,6.7378],[73.0326,6.7377],[73.0327,6.7369],[73.0329,6.7361],[73.0333,6.7358],[73.0337,6.7355],[73.0338,6.7352],[73.0341,6.735],[73.0345,6.7347],[73.0348,6.7348],[73.035,6.7348],[73.0356,6.7349],[73.0362,6.7354],[73.0363,6.7359],[73.0363,6.736],[73.0363,6.7362],[73.0363,6.7362],[73.0364,6.7366],[73.0366,6.7372],[73.0364,6.7375],[73.0365,6.7376],[73.0363,6.7379],[73.0362,6.739],[73.0362,6.7395],[73.0364,6.7395],[73.0366,6.7396]]],[[[72.9353,6.7436],[72.9362,6.7453],[72.9365,6.746],[72.9365,6.746],[72.9367,6.7467],[72.9369,6.7472],[72.9371,6.7478],[72.9374,6.748],[72.9372,6.7484],[72.9372,6.7489],[72.9376,6.7491],[72.9373,6.7496],[72.9372,6.7497],[72.937,6.7501],[72.9368,6.7504],[72.9369,6.7504],[72.9368,6.7504],[72.9368,6.7508],[72.9365,6.7509],[72.9365,6.751],[72.9363,6.7513],[72.935,6.7493],[72.9345,6.7487],[72.9343,6.7484],[72.9332,6.7468],[72.9331,6.7465],[72.9329,6.7463],[72.9324,6.7458],[72.9323,6.7452],[72.9328,6.7448],[72.9331,6.7443],[72.9334,6.7439],[72.9338,6.7438],[72.9348,6.743],[72.9353,6.7436]]],[[[73.0567,6.7471],[73.0566,6.7474],[73.0563,6.7488],[73.0561,6.7494],[73.056,6.7497],[73.0557,6.7504],[73.0543,6.7519],[73.0531,6.7526],[73.0528,6.7527],[73.0526,6.7529],[73.0514,6.7528],[73.0508,6.7525],[73.05,6.7516],[73.0498,6.7509],[73.0497,6.75],[73.0496,6.7499],[73.0496,6.7499],[73.0496,6.7494],[73.0494,6.7488],[73.0494,6.7487],[73.0494,6.7484],[73.0493,6.7483],[73.0492,6.7475],[73.0491,6.7474],[73.049,6.7472],[73.0491,6.7458],[73.0492,6.7458],[73.0492,6.745],[73.0494,6.7442],[73.0497,6.7437],[73.0503,6.7429],[73.0508,6.7419],[73.0515,6.7411],[73.0524,6.7404],[73.0527,6.7403],[73.0535,6.7398],[73.054,6.7395],[73.0552,6.7392],[73.0555,6.7391],[73.0558,6.7391],[73.0562,6.7395],[73.0573,6.7405],[73.0578,6.7413],[73.0581,6.742],[73.0583,6.7435],[73.0576,6.7437],[73.0574,6.7443],[73.0574,6.7443],[73.0576,6.7449],[73.0573,6.7454],[73.0573,6.7454],[73.0573,6.7458],[73.0573,6.7458],[73.0574,6.746],[73.0572,6.7461],[73.0572,6.7462],[73.0571,6.7462],[73.057,6.7463],[73.0567,6.7469],[73.0567,6.7469],[73.0567,6.7469],[73.0567,6.7471]]],[[[73.0889,6.7674],[73.0892,6.7676],[73.0895,6.768],[73.0897,6.7685],[73.0895,6.7694],[73.0892,6.77],[73.0888,6.7707],[73.0884,6.7713],[73.0877,6.7718],[73.0871,6.772],[73.0864,6.772],[73.086,6.7715],[73.0859,6.771],[73.0859,6.77],[73.0861,6.7695],[73.0867,6.7685],[73.0875,6.7678],[73.088,6.7675],[73.0887,6.7674],[73.0888,6.7673],[73.0889,6.7674]]],[[[73.1808,6.7739],[73.1809,6.7741],[73.1807,6.774],[73.1808,6.7739]]],[[[73.1808,6.7739],[73.1807,6.7738],[73.18,6.7735],[73.1799,6.7735],[73.1798,6.7733],[73.1795,6.7731],[73.179,6.7729],[73.1788,6.7724],[73.1788,6.7722],[73.1787,6.7722],[73.1784,6.7721],[73.1779,6.7714],[73.1775,6.7709],[73.1774,6.7709],[73.1774,6.7708],[73.1773,6.7708],[73.1773,6.7708],[73.1772,6.7708],[73.1772,6.7707],[73.1768,6.7704],[73.176,6.7693],[73.1758,6.769],[73.1755,6.7686],[73.1753,6.7682],[73.1749,6.7676],[73.1745,6.7674],[73.1742,6.7674],[73.1742,6.7672],[73.1741,6.7672],[73.1738,6.7667],[73.1739,6.7665],[73.1735,6.7662],[73.1736,6.766],[73.1735,6.766],[73.1735,6.7658],[73.1734,6.7655],[73.1734,6.7654],[73.1731,6.7646],[73.1731,6.7645],[73.173,6.7643],[73.1728,6.7632],[73.1721,6.7616],[73.1719,6.7609],[73.1717,6.7605],[73.1716,6.7592],[73.1714,6.7586],[73.1715,6.7584],[73.1714,6.7582],[73.1715,6.7579],[73.1713,6.7576],[73.1713,6.7574],[73.1707,6.7562],[73.1706,6.7557],[73.1706,6.7557],[73.1704,6.7553],[73.1701,6.7544],[73.17,6.7541],[73.1699,6.7538],[73.1698,6.753],[73.1696,6.7527],[73.1695,6.7524],[73.1694,6.7523],[73.1689,6.7507],[73.1685,6.7493],[73.1679,6.7479],[73.1678,6.7477],[73.1676,6.7473],[73.1673,6.7467],[73.1672,6.7463],[73.1672,6.7462],[73.1672,6.7462],[73.1664,6.7448],[73.1661,6.7442],[73.1655,6.7431],[73.1651,6.7426],[73.1648,6.7418],[73.1644,6.7411],[73.1641,6.7403],[73.164,6.7402],[73.1639,6.7398],[73.1638,6.7398],[73.1636,6.7395],[73.1628,6.738],[73.1622,6.737],[73.1616,6.7361],[73.1607,6.7345],[73.1606,6.7342],[73.1605,6.7339],[73.1602,6.7329],[73.1601,6.7322],[73.1614,6.7332],[73.1626,6.7344],[73.1637,6.7354],[73.1638,6.7355],[73.1648,6.7364],[73.1653,6.737],[73.1659,6.7376],[73.1668,6.7387],[73.1672,6.7393],[73.1685,6.7413],[73.1699,6.7439],[73.1703,6.7447],[73.1706,6.7452],[73.1712,6.7462],[73.1716,6.7469],[73.1724,6.748],[73.1729,6.7486],[73.1735,6.7496],[73.1745,6.7514],[73.1747,6.752],[73.1749,6.7525],[73.1752,6.7532],[73.1755,6.7539],[73.1755,6.7542],[73.1757,6.7545],[73.1765,6.7564],[73.1782,6.7596],[73.1789,6.7612],[73.1788,6.7612],[73.1791,6.7617],[73.1792,6.7619],[73.1794,6.7621],[73.1798,6.7632],[73.1799,6.7635],[73.18,6.7636],[73.1807,6.7646],[73.1807,6.7648],[73.1808,6.7649],[73.1821,6.7669],[73.183,6.7686],[73.1835,6.7695],[73.184,6.7706],[73.1842,6.7713],[73.1843,6.7717],[73.1843,6.7721],[73.1845,6.7728],[73.1846,6.7745],[73.1846,6.7761],[73.1842,6.7765],[73.1836,6.7767],[73.1831,6.7771],[73.1823,6.7769],[73.1823,6.7758],[73.1821,6.7752],[73.1815,6.7744],[73.1811,6.774],[73.181,6.774],[73.181,6.7739],[73.1808,6.7739]],[[73.1786,6.7707],[73.1787,6.771],[73.1791,6.7715],[73.1794,6.7713],[73.1792,6.771],[73.179,6.7707],[73.1786,6.7707]]],[[[73.1199,6.7848],[73.1197,6.7849],[73.1197,6.7852],[73.1193,6.7854],[73.1189,6.7855],[73.1187,6.7851],[73.1188,6.7848],[73.1188,6.7847],[73.1188,6.7845],[73.1187,6.7844],[73.1187,6.7841],[73.1188,6.7841],[73.1188,6.7837],[73.1189,6.7834],[73.119,6.7827],[73.1189,6.7822],[73.1191,6.7815],[73.1192,6.7806],[73.1191,6.7803],[73.1192,6.7799],[73.1189,6.7797],[73.1188,6.7786],[73.1189,6.7785],[73.119,6.7783],[73.1191,6.7774],[73.1192,6.7773],[73.1193,6.7767],[73.1197,6.7761],[73.1205,6.7751],[73.121,6.7747],[73.1211,6.7746],[73.1219,6.7739],[73.1226,6.7736],[73.1228,6.7735],[73.1228,6.7734],[73.1229,6.7735],[73.123,6.7734],[73.123,6.7734],[73.1232,6.7734],[73.1233,6.7733],[73.1241,6.7729],[73.1244,6.7728],[73.1249,6.7726],[73.1252,6.7724],[73.1257,6.7722],[73.1264,6.7721],[73.1266,6.7722],[73.1262,6.7731],[73.1257,6.7738],[73.1255,6.774],[73.1251,6.7744],[73.1244,6.7757],[73.124,6.7761],[73.1241,6.7762],[73.1238,6.7768],[73.1238,6.7769],[73.1238,6.777],[73.1237,6.7779],[73.1235,6.7786],[73.123,6.7793],[73.1227,6.7797],[73.1223,6.7803],[73.122,6.7805],[73.122,6.7805],[73.1219,6.7807],[73.1217,6.7808],[73.1216,6.7809],[73.1215,6.781],[73.1215,6.7811],[73.1214,6.7812],[73.121,6.7817],[73.1205,6.7822],[73.1205,6.7825],[73.1204,6.7825],[73.1203,6.7827],[73.1204,6.7827],[73.1205,6.7833],[73.1199,6.7848]]],[[[73.1189,6.7857],[73.1194,6.7858],[73.1193,6.7863],[73.1187,6.7865],[73.1186,6.7857],[73.1189,6.7857],[73.1189,6.7857]]],[[[73.055,6.7824],[73.0554,6.7825],[73.056,6.7831],[73.0564,6.7839],[73.0563,6.7849],[73.0559,6.7864],[73.0555,6.7869],[73.0545,6.7873],[73.0531,6.7874],[73.0526,6.7872],[73.0523,6.7867],[73.0521,6.7862],[73.052,6.786],[73.0518,6.7855],[73.052,6.7846],[73.0521,6.7845],[73.0522,6.7842],[73.0525,6.7838],[73.0529,6.7832],[73.0536,6.7827],[73.0541,6.7824],[73.0549,6.7823],[73.055,6.7824]]],[[[73.2064,6.8079],[73.2062,6.8078],[73.2061,6.8074],[73.2064,6.8074],[73.2064,6.8079]]],[[[73.2087,6.8077],[73.2087,6.8078],[73.2089,6.8078],[73.2086,6.8079],[73.2086,6.808],[73.2085,6.8079],[73.2085,6.8077],[73.2087,6.8077]]],[[[73.2123,6.8109],[73.2121,6.8109],[73.2122,6.8107],[73.2123,6.8109]]],[[[73.2123,6.8109],[73.2124,6.8109],[73.2124,6.811],[73.2123,6.8109]]],[[[73.2047,6.8154],[73.2046,6.8156],[73.2047,6.8156],[73.2047,6.8161],[73.2045,6.8157],[73.2044,6.8156],[73.2043,6.8156],[73.2043,6.8155],[73.2044,6.8153],[73.2047,6.8154]]],[[[73.2174,6.8185],[73.2172,6.8184],[73.2174,6.8183],[73.2174,6.8185]]],[[[73.2134,6.8253],[73.2135,6.8254],[73.2134,6.8257],[73.213,6.8259],[73.2125,6.826],[73.2119,6.8263],[73.2115,6.8264],[73.21,6.8264],[73.2094,6.8262],[73.2091,6.8257],[73.2073,6.824],[73.2069,6.8235],[73.2065,6.823],[73.206,6.8229],[73.206,6.8224],[73.2066,6.8219],[73.2071,6.8216],[73.2073,6.8216],[73.2076,6.8218],[73.2095,6.8215],[73.2098,6.8213],[73.21,6.8212],[73.2099,6.821],[73.2102,6.8194],[73.21,6.8189],[73.2098,6.8184],[73.2097,6.818],[73.2096,6.8176],[73.209,6.8164],[73.2085,6.8155],[73.2072,6.8141],[73.2065,6.8139],[73.2064,6.8137],[73.2063,6.8137],[73.206,6.8137],[73.2055,6.8135],[73.2047,6.8135],[73.2044,6.813],[73.204,6.813],[73.2038,6.813],[73.2034,6.8132],[73.2023,6.8133],[73.2018,6.8134],[73.2017,6.8134],[73.2017,6.8135],[73.2014,6.8137],[73.2014,6.8138],[73.2013,6.8138],[73.2009,6.8138],[73.2006,6.8142],[73.2006,6.8146],[73.2007,6.8147],[73.201,6.8154],[73.2012,6.8163],[73.2014,6.8163],[73.2018,6.8159],[73.2019,6.8152],[73.2026,6.8151],[73.2029,6.815],[73.2033,6.8148],[73.2036,6.8145],[73.2037,6.8139],[73.204,6.8136],[73.2043,6.8137],[73.204,6.8144],[73.2039,6.8147],[73.2039,6.8148],[73.2038,6.8155],[73.2037,6.8161],[73.2035,6.8168],[73.2036,6.8171],[73.204,6.8174],[73.2043,6.8179],[73.2041,6.8184],[73.2033,6.8188],[73.2026,6.8188],[73.202,6.8183],[73.2015,6.8177],[73.2012,6.8174],[73.201,6.8172],[73.2008,6.8171],[73.2004,6.817],[73.2001,6.8168],[73.1992,6.816],[73.1991,6.8159],[73.199,6.8159],[73.1989,6.8156],[73.1989,6.8153],[73.1988,6.8152],[73.1988,6.8151],[73.1988,6.815],[73.1989,6.815],[73.199,6.815],[73.199,6.8149],[73.1988,6.8147],[73.1985,6.8141],[73.1982,6.8136],[73.1979,6.813],[73.1979,6.8126],[73.1982,6.8122],[73.1987,6.8119],[73.1994,6.8113],[73.2,6.8105],[73.2003,6.8105],[73.2005,6.8105],[73.2005,6.8105],[73.2007,6.8105],[73.2008,6.8106],[73.2007,6.8106],[73.2008,6.8108],[73.2015,6.8103],[73.2016,6.8105],[73.2015,6.8109],[73.2018,6.8107],[73.2019,6.8106],[73.2019,6.8105],[73.2021,6.8105],[73.2021,6.8105],[73.2022,6.8105],[73.2024,6.8104],[73.2024,6.8103],[73.2024,6.8103],[73.2027,6.81],[73.203,6.8097],[73.2032,6.8095],[73.2036,6.8092],[73.2044,6.8087],[73.2045,6.8084],[73.2052,6.808],[73.2054,6.8081],[73.2054,6.8084],[73.2055,6.8084],[73.2055,6.8083],[73.2064,6.8083],[73.2073,6.8081],[73.2074,6.8082],[73.2077,6.8082],[73.2077,6.8081],[73.2077,6.8082],[73.2078,6.8082],[73.2079,6.8081],[73.2079,6.8082],[73.208,6.8082],[73.2082,6.8082],[73.2084,6.8084],[73.2088,6.8084],[73.2089,6.8087],[73.2091,6.8087],[73.2096,6.809],[73.2097,6.8092],[73.21,6.8092],[73.2102,6.8094],[73.2106,6.8097],[73.2115,6.8106],[73.2116,6.8109],[73.2121,6.8114],[73.2122,6.8115],[73.2127,6.8118],[73.2128,6.8117],[73.2128,6.8114],[73.2128,6.8111],[73.213,6.8114],[73.213,6.8114],[73.213,6.8114],[73.2131,6.8116],[73.2134,6.8118],[73.2131,6.812],[73.213,6.812],[73.213,6.8121],[73.213,6.8121],[73.213,6.8125],[73.2138,6.8133],[73.214,6.8134],[73.2142,6.8131],[73.2138,6.8124],[73.2139,6.8122],[73.2145,6.8131],[73.2148,6.8136],[73.215,6.8138],[73.2158,6.8147],[73.2161,6.8154],[73.2166,6.816],[73.2171,6.817],[73.217,6.8171],[73.2169,6.8172],[73.2167,6.817],[73.2163,6.8171],[73.2165,6.8187],[73.2168,6.8198],[73.2169,6.8209],[73.2167,6.8221],[73.2167,6.8224],[73.2173,6.8224],[73.2175,6.8197],[73.2176,6.8196],[73.2178,6.8202],[73.2176,6.8218],[73.2174,6.8224],[73.2172,6.8228],[73.2167,6.8237],[73.2162,6.8244],[73.2156,6.8248],[73.2155,6.824],[73.215,6.8241],[73.2144,6.8244],[73.2143,6.8245],[73.2143,6.8246],[73.2142,6.8246],[73.2143,6.8246],[73.2144,6.8251],[73.2143,6.8254],[73.2143,6.8255],[73.2139,6.8256],[73.2139,6.8252],[73.2137,6.8251],[73.2134,6.8253]]],[[[73.1559,6.833],[73.1556,6.8335],[73.1546,6.8346],[73.1541,6.8348],[73.1533,6.8345],[73.153,6.8343],[73.1528,6.8342],[73.1526,6.834],[73.1525,6.8339],[73.1517,6.833],[73.1514,6.8321],[73.1513,6.8301],[73.1515,6.8294],[73.1514,6.8292],[73.1514,6.8291],[73.1514,6.8291],[73.1515,6.8291],[73.1515,6.8289],[73.1515,6.8288],[73.1516,6.8284],[73.152,6.8282],[73.152,6.8281],[73.1521,6.8281],[73.1525,6.8276],[73.1526,6.8273],[73.1527,6.827],[73.1529,6.8266],[73.1537,6.8256],[73.1542,6.8254],[73.1556,6.8252],[73.1563,6.825],[73.1565,6.8248],[73.1567,6.8244],[73.1568,6.8241],[73.1574,6.8238],[73.1578,6.8234],[73.1582,6.8236],[73.1583,6.8234],[73.1593,6.8234],[73.1602,6.8236],[73.1621,6.8242],[73.1628,6.8246],[73.1634,6.8254],[73.1635,6.8265],[73.1635,6.8269],[73.1632,6.8274],[73.1623,6.8278],[73.1615,6.8283],[73.1606,6.8279],[73.1602,6.8279],[73.1592,6.8283],[73.1591,6.8284],[73.1588,6.8287],[73.1582,6.8295],[73.1578,6.83],[73.1576,6.8302],[73.1575,6.8305],[73.1569,6.8314],[73.1568,6.8317],[73.1566,6.8318],[73.1567,6.832],[73.1565,6.8325],[73.1563,6.8326],[73.1563,6.8326],[73.1562,6.8326],[73.1559,6.833]],[[73.1577,6.8242],[73.1579,6.8251],[73.1578,6.8251],[73.1579,6.8252],[73.158,6.8253],[73.1581,6.8253],[73.1581,6.8252],[73.1582,6.8252],[73.1582,6.8251],[73.1583,6.8251],[73.1584,6.8247],[73.1582,6.824],[73.1579,6.8238],[73.1577,6.8242]]],[[[73.115,6.8374],[73.1139,6.8382],[73.1134,6.8384],[73.113,6.8383],[73.1124,6.8381],[73.1123,6.8379],[73.1122,6.8378],[73.1121,6.8376],[73.1117,6.8375],[73.111,6.8371],[73.1109,6.837],[73.1106,6.837],[73.1106,6.8369],[73.1102,6.8368],[73.1099,6.8365],[73.1094,6.8362],[73.1093,6.8355],[73.1095,6.8348],[73.1096,6.8344],[73.1096,6.8332],[73.1116,6.8319],[73.1121,6.8321],[73.1127,6.832],[73.1134,6.8319],[73.1136,6.8316],[73.1138,6.8315],[73.1144,6.8315],[73.1147,6.8317],[73.1149,6.8318],[73.1155,6.8322],[73.1156,6.8325],[73.1159,6.8328],[73.1161,6.8341],[73.116,6.8343],[73.1162,6.8344],[73.1163,6.835],[73.1161,6.8356],[73.1161,6.8357],[73.116,6.8357],[73.116,6.8358],[73.116,6.836],[73.1159,6.836],[73.1159,6.8361],[73.1159,6.8361],[73.1159,6.8361],[73.1159,6.8362],[73.1157,6.8365],[73.1157,6.8365],[73.1157,6.8366],[73.1157,6.8367],[73.1156,6.8367],[73.1156,6.8368],[73.1155,6.8368],[73.1155,6.8369],[73.1154,6.8369],[73.1154,6.837],[73.1153,6.837],[73.115,6.8374]]],[[[73.0546,6.8384],[73.0546,6.8383],[73.0547,6.8384],[73.0546,6.8384]]],[[[73.0094,6.8406],[73.0085,6.8401],[73.0078,6.839],[73.0077,6.8379],[73.0078,6.8371],[73.0082,6.8363],[73.0083,6.8358],[73.009,6.8345],[73.0093,6.8343],[73.0096,6.8337],[73.01,6.8332],[73.0112,6.8318],[73.0126,6.8311],[73.0137,6.831],[73.0138,6.8311],[73.014,6.8312],[73.0145,6.8317],[73.0145,6.8322],[73.0146,6.8342],[73.0144,6.8364],[73.0143,6.838],[73.0142,6.8384],[73.0138,6.8391],[73.0127,6.8401],[73.0119,6.8403],[73.0115,6.8405],[73.0109,6.8405],[73.0094,6.8406]]],[[[73.1699,6.8365],[73.1701,6.8366],[73.1701,6.8371],[73.1703,6.8378],[73.1699,6.8379],[73.1698,6.8389],[73.1693,6.8392],[73.1692,6.8394],[73.1691,6.84],[73.1687,6.8407],[73.168,6.8415],[73.1671,6.8418],[73.1663,6.8419],[73.1653,6.8417],[73.1647,6.8409],[73.1644,6.8401],[73.1645,6.8392],[73.1648,6.8384],[73.1648,6.8381],[73.1647,6.8381],[73.1647,6.838],[73.1648,6.8378],[73.1649,6.8374],[73.165,6.8371],[73.1652,6.8366],[73.1653,6.8365],[73.1653,6.8364],[73.1653,6.8364],[73.1653,6.8362],[73.1654,6.8362],[73.1654,6.8361],[73.1655,6.8361],[73.1655,6.8361],[73.1656,6.8361],[73.1656,6.836],[73.1657,6.836],[73.1657,6.8359],[73.1658,6.8359],[73.1658,6.8358],[73.1659,6.8358],[73.1659,6.8357],[73.166,6.8357],[73.166,6.8356],[73.1661,6.8356],[73.1661,6.8355],[73.1662,6.8355],[73.1662,6.8354],[73.1662,6.8354],[73.1663,6.8352],[73.1664,6.8351],[73.1666,6.8351],[73.1668,6.8348],[73.1669,6.8346],[73.1673,6.8342],[73.1675,6.834],[73.1679,6.8337],[73.1685,6.8336],[73.1686,6.8337],[73.1689,6.8336],[73.1694,6.834],[73.1698,6.8341],[73.1701,6.8343],[73.1702,6.8351],[73.17,6.8355],[73.1699,6.8357],[73.1698,6.8357],[73.1699,6.8358],[73.1699,6.836],[73.17,6.836],[73.17,6.8363],[73.1699,6.8365]]],[[[72.9934,6.8475],[72.9925,6.848],[72.9924,6.8471],[72.9925,6.8465],[72.9925,6.8453],[72.993,6.8448],[72.9931,6.8441],[72.9934,6.8439],[72.9935,6.8437],[72.9938,6.8427],[72.9943,6.8422],[72.9945,6.8421],[72.9949,6.8419],[72.9951,6.8417],[72.9952,6.8414],[72.9952,6.8414],[72.9953,6.8414],[72.9955,6.841],[72.9957,6.8409],[72.9957,6.8408],[72.9957,6.8408],[72.9962,6.8403],[72.997,6.8402],[72.9978,6.8406],[72.9982,6.8407],[72.9986,6.8408],[72.9992,6.8416],[72.9993,6.8421],[72.9991,6.8427],[72.9984,6.8435],[72.9981,6.8439],[72.9976,6.8446],[72.9972,6.8449],[72.9967,6.8455],[72.9964,6.8456],[72.996,6.8458],[72.9959,6.846],[72.9957,6.8461],[72.9955,6.8465],[72.9952,6.8472],[72.9947,6.8476],[72.9942,6.8473],[72.9934,6.8475]]],[[[72.9931,6.848],[72.9935,6.8482],[72.9933,6.8484],[72.9928,6.8483],[72.9927,6.848],[72.9931,6.8479],[72.9931,6.848]]],[[[73.0546,6.8384],[73.0545,6.8385],[73.0544,6.8386],[73.0543,6.8387],[73.054,6.8388],[73.0538,6.8391],[73.053,6.8402],[73.053,6.8403],[73.0529,6.8407],[73.0526,6.8415],[73.0523,6.8421],[73.0522,6.8428],[73.0519,6.8439],[73.0517,6.8442],[73.0519,6.8447],[73.0518,6.845],[73.0519,6.8455],[73.052,6.8463],[73.0522,6.8471],[73.0524,6.8478],[73.0526,6.8486],[73.0521,6.8488],[73.0515,6.8484],[73.0505,6.8477],[73.0501,6.8472],[73.0498,6.8463],[73.0496,6.8458],[73.0494,6.8452],[73.0492,6.8444],[73.0493,6.8437],[73.0495,6.8432],[73.0501,6.8422],[73.0504,6.8414],[73.0509,6.8409],[73.0509,6.8407],[73.051,6.8405],[73.051,6.8405],[73.0511,6.8405],[73.0513,6.84],[73.0514,6.84],[73.0514,6.8399],[73.0514,6.8399],[73.0518,6.8393],[73.0527,6.8386],[73.0535,6.8384],[73.0539,6.8385],[73.0539,6.8384],[73.0542,6.8383],[73.0544,6.8384],[73.0544,6.8383],[73.0546,6.8384]]],[[[73.053,6.8491],[73.0529,6.8492],[73.0528,6.8488],[73.0529,6.8487],[73.053,6.8491]]],[[[73.1532,6.8473],[73.1535,6.8475],[73.154,6.8478],[73.1541,6.8486],[73.1543,6.8489],[73.1542,6.8493],[73.1541,6.8495],[73.1536,6.8501],[73.1531,6.8505],[73.1522,6.8506],[73.1517,6.8506],[73.1512,6.8504],[73.1507,6.8499],[73.1505,6.8491],[73.1507,6.8483],[73.1511,6.8477],[73.152,6.8473],[73.1531,6.8473],[73.1532,6.8473]]],[[[72.9861,6.8512],[72.986,6.8513],[72.9861,6.8516],[72.9871,6.8543],[72.9866,6.8553],[72.9864,6.8559],[72.986,6.8561],[72.9853,6.8567],[72.9851,6.8568],[72.9842,6.8567],[72.9835,6.8567],[72.9835,6.8566],[72.9835,6.8566],[72.9833,6.856],[72.9828,6.8551],[72.9827,6.8547],[72.9826,6.8546],[72.9825,6.8546],[72.9825,6.8545],[72.9825,6.8544],[72.9822,6.8537],[72.9819,6.8525],[72.982,6.8514],[72.9819,6.8506],[72.9821,6.8498],[72.9824,6.8488],[72.9832,6.8476],[72.9838,6.8481],[72.9843,6.8483],[72.9848,6.8489],[72.9854,6.8498],[72.985,6.8501],[72.9853,6.8507],[72.9858,6.8506],[72.9861,6.8512]]],[[[73.1256,6.8946],[73.1255,6.8946],[73.1256,6.8945],[73.1256,6.8946]]],[[[73.1061,6.8948],[73.1061,6.8948],[73.1056,6.8947],[73.1054,6.8944],[73.1053,6.8943],[73.1053,6.8942],[73.105,6.8937],[73.1049,6.8933],[73.1048,6.8932],[73.1041,6.8916],[73.104,6.8905],[73.1043,6.8896],[73.1049,6.8891],[73.1056,6.8888],[73.1071,6.8887],[73.1074,6.8889],[73.1073,6.8891],[73.1075,6.8894],[73.1075,6.8899],[73.1076,6.8899],[73.1076,6.89],[73.1077,6.8901],[73.1078,6.8902],[73.1079,6.8903],[73.1084,6.8905],[73.1089,6.8906],[73.1096,6.8906],[73.1113,6.8899],[73.1119,6.8893],[73.1121,6.8892],[73.1125,6.8886],[73.1128,6.8879],[73.113,6.8869],[73.1131,6.8856],[73.1134,6.8837],[73.1136,6.8826],[73.1137,6.882],[73.1139,6.8814],[73.115,6.8805],[73.1156,6.8802],[73.1163,6.8799],[73.1168,6.8797],[73.1174,6.8798],[73.1176,6.8803],[73.1175,6.8814],[73.1173,6.8828],[73.1169,6.884],[73.1166,6.8848],[73.1165,6.8851],[73.1164,6.8854],[73.1165,6.8858],[73.1165,6.8861],[73.1159,6.8862],[73.1147,6.8893],[73.1151,6.8896],[73.1147,6.8904],[73.1142,6.8916],[73.1139,6.8923],[73.1137,6.8924],[73.1135,6.8928],[73.1128,6.8929],[73.1121,6.8931],[73.1118,6.8931],[73.111,6.8934],[73.1106,6.8935],[73.1103,6.8936],[73.11,6.8937],[73.1096,6.8938],[73.1092,6.8939],[73.1084,6.8941],[73.1075,6.8945],[73.1069,6.8946],[73.1067,6.8947],[73.1066,6.8947],[73.1065,6.8947],[73.1064,6.8947],[73.1062,6.8947],[73.1061,6.8947],[73.1061,6.8948]]],[[[73.1259,6.8956],[73.1257,6.8956],[73.1255,6.8952],[73.1257,6.8952],[73.1259,6.8956]]],[[[73.1286,6.8944],[73.1288,6.8949],[73.1287,6.8957],[73.1285,6.8959],[73.1282,6.8963],[73.1278,6.8966],[73.1269,6.8966],[73.1265,6.8962],[73.1264,6.896],[73.1262,6.8958],[73.126,6.8948],[73.1258,6.8942],[73.1255,6.894],[73.1251,6.8944],[73.1249,6.8944],[73.1249,6.8939],[73.1252,6.8937],[73.1261,6.8935],[73.1267,6.8934],[73.1268,6.8934],[73.128,6.8938],[73.1286,6.8944]]],[[[73.1671,6.9005],[73.1668,6.9006],[73.1664,6.9004],[73.1664,6.9004],[73.1661,6.9005],[73.1659,6.9004],[73.1658,6.9003],[73.1651,6.9],[73.1648,6.8999],[73.1646,6.8998],[73.1638,6.8994],[73.1633,6.8991],[73.1614,6.8982],[73.1596,6.8975],[73.1587,6.8972],[73.1584,6.897],[73.1574,6.8969],[73.1552,6.8967],[73.1543,6.8965],[73.1537,6.8964],[73.1541,6.896],[73.1545,6.8959],[73.1552,6.8957],[73.1558,6.8957],[73.1564,6.8958],[73.1568,6.8957],[73.1572,6.8957],[73.1572,6.8956],[73.1593,6.8955],[73.1603,6.8957],[73.1609,6.8957],[73.161,6.8959],[73.1618,6.8958],[73.1621,6.8961],[73.1624,6.8963],[73.163,6.8965],[73.1634,6.8962],[73.1637,6.8964],[73.1642,6.8973],[73.1651,6.8981],[73.1658,6.8988],[73.1658,6.899],[73.166,6.8991],[73.1662,6.8996],[73.1662,6.8998],[73.1665,6.9],[73.1663,6.9],[73.1663,6.9001],[73.1664,6.9001],[73.1668,6.9002],[73.1671,6.9005]]],[[[73.1657,6.9007],[73.1656,6.9006],[73.1658,6.9006],[73.1657,6.9007]]],[[[73.2357,6.9018],[73.2357,6.9028],[73.2356,6.9031],[73.2357,6.9032],[73.2355,6.9049],[73.2353,6.9047],[73.2352,6.9047],[73.2352,6.9042],[73.2352,6.9032],[73.2352,6.902],[73.235,6.8999],[73.2351,6.8981],[73.2352,6.8977],[73.2351,6.8957],[73.2351,6.8956],[73.235,6.895],[73.235,6.8949],[73.2349,6.8946],[73.2349,6.894],[73.2348,6.8939],[73.2347,6.8931],[73.2344,6.8919],[73.2343,6.8912],[73.2341,6.89],[73.234,6.8897],[73.234,6.8894],[73.2339,6.8894],[73.2338,6.8887],[73.2335,6.888],[73.2333,6.8872],[73.2331,6.8867],[73.2329,6.8863],[73.2324,6.885],[73.2319,6.8838],[73.2314,6.8829],[73.2312,6.8826],[73.2311,6.8823],[73.2308,6.8819],[73.2306,6.8816],[73.2304,6.8813],[73.2303,6.8812],[73.23,6.8811],[73.2287,6.8799],[73.2276,6.8793],[73.2273,6.8792],[73.2261,6.8787],[73.2255,6.8786],[73.2254,6.8785],[73.225,6.8785],[73.2244,6.8785],[73.2241,6.8787],[73.2237,6.879],[73.2235,6.8796],[73.2235,6.8801],[73.2233,6.8807],[73.2229,6.8807],[73.2228,6.8808],[73.2227,6.8808],[73.2223,6.8807],[73.2219,6.8806],[73.2216,6.8805],[73.2214,6.8805],[73.2215,6.8801],[73.2216,6.8801],[73.2217,6.8799],[73.2216,6.8797],[73.2215,6.8787],[73.2211,6.8784],[73.2212,6.8781],[73.2214,6.8778],[73.2214,6.8776],[73.2216,6.8776],[73.2216,6.8774],[73.2219,6.8777],[73.2217,6.8777],[73.2217,6.8778],[73.2216,6.8778],[73.2216,6.8779],[73.2218,6.878],[73.2219,6.878],[73.2219,6.8781],[73.2221,6.8781],[73.2223,6.878],[73.2223,6.8774],[73.2218,6.8768],[73.2222,6.8758],[73.2224,6.8752],[73.2222,6.8746],[73.2223,6.8743],[73.2227,6.8739],[73.2229,6.8737],[73.223,6.8737],[73.2234,6.8731],[73.2237,6.8727],[73.2244,6.8717],[73.2253,6.8711],[73.2262,6.8706],[73.2269,6.8704],[73.2278,6.8701],[73.2293,6.8702],[73.2305,6.8705],[73.2314,6.8708],[73.232,6.871],[73.2325,6.8713],[73.2331,6.8718],[73.2336,6.8726],[73.2339,6.8733],[73.2343,6.8744],[73.2345,6.8761],[73.2348,6.8772],[73.2349,6.8783],[73.235,6.8792],[73.2351,6.8806],[73.2351,6.8821],[73.2351,6.8825],[73.2351,6.883],[73.2352,6.8844],[73.2353,6.8861],[73.2353,6.8866],[73.2351,6.8869],[73.2352,6.8869],[73.2352,6.8873],[73.2351,6.8873],[73.2352,6.8874],[73.2353,6.8881],[73.2351,6.8882],[73.2352,6.8882],[73.2353,6.8893],[73.2352,6.8898],[73.2353,6.89],[73.2354,6.8903],[73.2356,6.8947],[73.2357,6.8972],[73.2356,6.8974],[73.2357,6.8974],[73.2357,6.899],[73.2356,6.899],[73.2357,6.8992],[73.2356,6.8994],[73.2357,6.8995],[73.2358,6.9002],[73.2357,6.9003],[73.2357,6.9005],[73.2357,6.9009],[73.2358,6.901],[73.2357,6.901],[73.2357,6.9017],[73.2356,6.9017],[73.2357,6.9018]]],[[[73.234,6.922],[73.2335,6.9228],[73.2329,6.9234],[73.2322,6.9235],[73.231,6.9237],[73.2301,6.9238],[73.2296,6.9237],[73.2293,6.9236],[73.2289,6.9235],[73.2285,6.9233],[73.2277,6.923],[73.2269,6.9227],[73.2263,6.9225],[73.2256,6.9222],[73.2241,6.9215],[73.2239,6.9215],[73.2234,6.9213],[73.223,6.921],[73.2229,6.9209],[73.2229,6.9209],[73.223,6.9209],[73.2231,6.9207],[73.2233,6.9206],[73.2234,6.9207],[73.2237,6.9207],[73.2242,6.9209],[73.2242,6.9209],[73.2249,6.9207],[73.2255,6.9205],[73.2269,6.9192],[73.2277,6.919],[73.2278,6.9192],[73.2285,6.9192],[73.2296,6.9197],[73.2303,6.9201],[73.231,6.9203],[73.2315,6.9201],[73.2322,6.9195],[73.2331,6.9183],[73.2336,6.9171],[73.2341,6.9151],[73.2342,6.915],[73.2342,6.9148],[73.2342,6.9143],[73.2344,6.9132],[73.2345,6.9108],[73.2347,6.9099],[73.2349,6.9084],[73.235,6.9084],[73.2349,6.9126],[73.2349,6.9137],[73.2348,6.9175],[73.2346,6.9186],[73.2345,6.9196],[73.2343,6.9204],[73.234,6.922]]],[[[73.1289,6.9242],[73.1293,6.9245],[73.1302,6.9255],[73.1305,6.9258],[73.1309,6.9263],[73.1314,6.9267],[73.1313,6.9268],[73.1309,6.9266],[73.1305,6.9262],[73.1303,6.926],[73.1288,6.9243],[73.1289,6.9242],[73.1289,6.9242]]],[[[73.2123,6.939],[73.2123,6.9392],[73.2125,6.9393],[73.2122,6.9394],[73.2121,6.9392],[73.212,6.9391],[73.212,6.9389],[73.2123,6.939]]],[[[72.9848,6.9448],[72.9849,6.9452],[72.9846,6.946],[72.9839,6.947],[72.9834,6.9478],[72.9826,6.9488],[72.9822,6.9487],[72.9821,6.9473],[72.9825,6.9465],[72.9832,6.9454],[72.9837,6.9448],[72.9841,6.9446],[72.9846,6.9445],[72.9848,6.9448]]],[[[72.9085,6.9567],[72.9082,6.9568],[72.9083,6.9566],[72.9085,6.9565],[72.9085,6.9567]]],[[[72.9281,6.9574],[72.9275,6.9575],[72.9257,6.9576],[72.9252,6.9573],[72.9253,6.957],[72.9252,6.9569],[72.9249,6.9566],[72.9245,6.956],[72.9241,6.9558],[72.924,6.9554],[72.9239,6.9554],[72.9236,6.9549],[72.923,6.9546],[72.9226,6.9542],[72.9224,6.9522],[72.9225,6.9513],[72.9229,6.9507],[72.9232,6.9505],[72.9232,6.9503],[72.9236,6.95],[72.9238,6.9499],[72.9239,6.9497],[72.9241,6.9496],[72.9246,6.9494],[72.925,6.9495],[72.9249,6.9497],[72.9249,6.9497],[72.9251,6.95],[72.926,6.9498],[72.9278,6.9495],[72.9284,6.9497],[72.9289,6.9493],[72.9292,6.9496],[72.9296,6.9501],[72.9298,6.9504],[72.9301,6.9509],[72.93,6.9515],[72.93,6.9516],[72.93,6.9518],[72.9295,6.953],[72.9294,6.9538],[72.9293,6.9542],[72.9292,6.9547],[72.9291,6.9549],[72.9292,6.9549],[72.929,6.9555],[72.9289,6.9555],[72.9289,6.9559],[72.9284,6.957],[72.9281,6.9574]]],[[[73.2187,6.9634],[73.2177,6.9642],[73.2167,6.9648],[73.2159,6.9652],[73.2149,6.9654],[73.2146,6.9646],[73.2145,6.9643],[73.2138,6.9634],[73.2133,6.963],[73.213,6.9628],[73.2127,6.9629],[73.2127,6.9628],[73.2125,6.9627],[73.2124,6.9627],[73.2124,6.9626],[73.2116,6.9627],[73.2115,6.9624],[73.2109,6.9619],[73.2107,6.9615],[73.2098,6.9608],[73.2097,6.9602],[73.2096,6.9601],[73.2097,6.9597],[73.2097,6.9596],[73.2099,6.9593],[73.21,6.9592],[73.2111,6.9578],[73.2115,6.9573],[73.2117,6.957],[73.2121,6.9565],[73.2122,6.9563],[73.2131,6.9545],[73.2132,6.9543],[73.2134,6.9539],[73.2135,6.9536],[73.214,6.9522],[73.2141,6.9514],[73.2143,6.9507],[73.2143,6.9505],[73.2144,6.9505],[73.2144,6.9502],[73.2144,6.95],[73.2145,6.95],[73.2145,6.9499],[73.2144,6.9499],[73.2144,6.9495],[73.2145,6.9487],[73.2146,6.9479],[73.2149,6.9465],[73.215,6.9442],[73.2148,6.9422],[73.2146,6.9412],[73.2142,6.9403],[73.2137,6.9395],[73.2127,6.9388],[73.2127,6.9385],[73.2131,6.9383],[73.2136,6.9383],[73.2143,6.939],[73.2146,6.9391],[73.2154,6.9401],[73.2163,6.9416],[73.2168,6.9426],[73.2175,6.9442],[73.2182,6.9454],[73.2183,6.9457],[73.2186,6.9463],[73.2187,6.9466],[73.2189,6.9474],[73.2189,6.9476],[73.219,6.9477],[73.219,6.9478],[73.2194,6.9489],[73.2197,6.95],[73.22,6.9509],[73.22,6.951],[73.2201,6.9511],[73.2202,6.9512],[73.2201,6.9513],[73.2201,6.9515],[73.2202,6.9515],[73.2205,6.9521],[73.2208,6.9532],[73.221,6.954],[73.2213,6.9549],[73.2215,6.9558],[73.2214,6.9562],[73.2212,6.9563],[73.2212,6.9563],[73.2211,6.9563],[73.2216,6.9569],[73.2217,6.9581],[73.2213,6.9593],[73.2202,6.9613],[73.2195,6.9625],[73.2187,6.9634]]],[[[72.9077,6.9573],[72.9075,6.9576],[72.9071,6.9585],[72.9069,6.9589],[72.9066,6.9593],[72.9064,6.9597],[72.9059,6.9611],[72.9055,6.9617],[72.9053,6.9621],[72.9052,6.9623],[72.9047,6.9634],[72.9045,6.9643],[72.904,6.9655],[72.9037,6.9662],[72.903,6.9671],[72.9027,6.9671],[72.9029,6.9661],[72.903,6.9654],[72.9033,6.9642],[72.9036,6.9623],[72.9037,6.9607],[72.904,6.959],[72.904,6.9577],[72.9041,6.9568],[72.9047,6.9553],[72.9052,6.9546],[72.9057,6.954],[72.9062,6.9537],[72.9065,6.9535],[72.907,6.9533],[72.9073,6.9532],[72.9075,6.9533],[72.9082,6.9543],[72.9082,6.9551],[72.9082,6.9562],[72.9082,6.9563],[72.9083,6.9564],[72.9082,6.9565],[72.9081,6.9567],[72.9082,6.9567],[72.9081,6.9568],[72.9081,6.9569],[72.908,6.9569],[72.908,6.957],[72.9079,6.957],[72.9077,6.9573]]],[[[72.9017,6.9707],[72.9016,6.971],[72.9014,6.9713],[72.9011,6.9715],[72.9013,6.9707],[72.9014,6.9704],[72.9015,6.9703],[72.9017,6.9707]]],[[[72.9008,6.9718],[72.9006,6.9719],[72.9007,6.9716],[72.9008,6.9715],[72.9008,6.9718]]],[[[72.887,6.9877],[72.8861,6.988],[72.8859,6.9878],[72.8866,6.9875],[72.8869,6.9873],[72.8874,6.987],[72.8875,6.9869],[72.888,6.9867],[72.8888,6.9861],[72.8893,6.9858],[72.8899,6.9854],[72.8904,6.9849],[72.8907,6.9846],[72.8915,6.9841],[72.8922,6.9836],[72.8926,6.9835],[72.8933,6.9831],[72.8938,6.9825],[72.8942,6.9819],[72.8947,6.98],[72.8948,6.9797],[72.895,6.9793],[72.8951,6.9789],[72.8955,6.9783],[72.8958,6.9779],[72.8962,6.978],[72.8965,6.978],[72.8969,6.9776],[72.8971,6.9774],[72.8972,6.9772],[72.8973,6.9771],[72.8974,6.977],[72.8984,6.9769],[72.8991,6.9773],[72.8994,6.9781],[72.9,6.9792],[72.9002,6.9798],[72.8999,6.98],[72.8992,6.98],[72.8988,6.9808],[72.8986,6.9813],[72.8984,6.9818],[72.8979,6.983],[72.8987,6.9833],[72.8983,6.9841],[72.8981,6.9846],[72.8977,6.9854],[72.8975,6.9858],[72.8971,6.9858],[72.8969,6.9859],[72.8969,6.9859],[72.8968,6.986],[72.8962,6.9862],[72.896,6.9863],[72.8958,6.9863],[72.8951,6.9865],[72.8941,6.9867],[72.8932,6.9869],[72.8928,6.987],[72.8923,6.9872],[72.8899,6.9874],[72.889,6.9874],[72.8886,6.9875],[72.8882,6.9875],[72.8882,6.9876],[72.8878,6.9876],[72.8878,6.9875],[72.8874,6.9876],[72.8872,6.9876],[72.8871,6.9876],[72.887,6.9877]]],[[[72.8748,6.9944],[72.8742,6.9946],[72.874,6.9947],[72.8737,6.9947],[72.8735,6.9945],[72.8738,6.9944],[72.8738,6.9943],[72.8739,6.9943],[72.874,6.9942],[72.8749,6.9939],[72.8751,6.9937],[72.8753,6.9936],[72.8762,6.993],[72.8765,6.9933],[72.8759,6.9937],[72.8753,6.9941],[72.8748,6.9944]]],[[[72.9409,6.9988],[72.9404,6.999],[72.94,6.999],[72.9402,6.9987],[72.9402,6.9986],[72.9401,6.9986],[72.94,6.9987],[72.9396,6.9988],[72.9389,6.9986],[72.9388,6.9985],[72.9387,6.9984],[72.9386,6.9979],[72.9386,6.9974],[72.9389,6.9969],[72.9389,6.9969],[72.939,6.9969],[72.9394,6.9959],[72.9403,6.9952],[72.9406,6.9951],[72.941,6.995],[72.9412,6.9954],[72.9414,6.9956],[72.9415,6.9961],[72.9414,6.9966],[72.9415,6.9965],[72.9417,6.9961],[72.9419,6.9963],[72.9418,6.9972],[72.9416,6.9977],[72.9412,6.9983],[72.9409,6.9988]]],[[[72.8609,7.0039],[72.8598,7.0043],[72.8595,7.0037],[72.8595,7.0037],[72.8592,7.0036],[72.8594,7.0033],[72.8596,7.0035],[72.8596,7.0035],[72.8597,7.0034],[72.8601,7.0033],[72.8608,7.0026],[72.8611,7.0024],[72.8615,7.0021],[72.8619,7.0018],[72.8622,7.0017],[72.8626,7.0013],[72.8633,7.0009],[72.8643,7.0007],[72.8655,7.0002],[72.8657,7.0005],[72.8654,7.001],[72.8642,7.002],[72.8638,7.0025],[72.8636,7.0027],[72.8628,7.003],[72.8623,7.0034],[72.8609,7.0039]]],[[[72.9369,7.012],[72.9367,7.0124],[72.9362,7.0123],[72.9356,7.012],[72.9346,7.0118],[72.9347,7.0115],[72.9344,7.0113],[72.9341,7.0113],[72.9341,7.0111],[72.934,7.0111],[72.934,7.011],[72.9339,7.011],[72.9339,7.0106],[72.9339,7.0104],[72.9337,7.0103],[72.9339,7.0102],[72.9339,7.0098],[72.934,7.0098],[72.9341,7.0096],[72.9345,7.0095],[72.9345,7.0095],[72.9349,7.0095],[72.9354,7.0097],[72.9358,7.0098],[72.9364,7.0105],[72.9367,7.011],[72.9369,7.012]],[[72.9359,7.0111],[72.9361,7.0117],[72.9365,7.0115],[72.9364,7.0113],[72.9361,7.0111],[72.9361,7.011],[72.9359,7.0111]]],[[[72.9195,7.0123],[72.9195,7.0124],[72.9196,7.0127],[72.9197,7.0127],[72.9197,7.0128],[72.9198,7.0132],[72.9191,7.013],[72.919,7.0125],[72.9191,7.0125],[72.9192,7.0123],[72.9192,7.0123],[72.9193,7.0123],[72.9193,7.0121],[72.9196,7.012],[72.9195,7.0123]]],[[[72.8308,7.0205],[72.8305,7.0206],[72.8303,7.0207],[72.8298,7.0205],[72.8296,7.0203],[72.8297,7.0199],[72.8298,7.0196],[72.8302,7.0193],[72.8309,7.0194],[72.8314,7.0198],[72.8316,7.0199],[72.8318,7.0201],[72.8311,7.0205],[72.8309,7.0205],[72.8308,7.0205]]],[[[72.9927,7.0235],[72.9925,7.0236],[72.9925,7.0239],[72.9921,7.0243],[72.9919,7.0244],[72.9922,7.0238],[72.9924,7.0236],[72.9925,7.0235],[72.9926,7.0232],[72.9926,7.0231],[72.9927,7.0231],[72.9928,7.0227],[72.9928,7.0226],[72.9929,7.0226],[72.9929,7.0225],[72.9932,7.0218],[72.9934,7.0213],[72.9935,7.0209],[72.9939,7.02],[72.9939,7.0199],[72.9941,7.0195],[72.9941,7.0195],[72.9942,7.0192],[72.9944,7.0184],[72.9947,7.0173],[72.9948,7.0169],[72.9949,7.0161],[72.9949,7.0155],[72.9947,7.0149],[72.9948,7.0143],[72.9949,7.0142],[72.995,7.014],[72.9951,7.0137],[72.9952,7.0128],[72.9954,7.0124],[72.9956,7.0113],[72.9959,7.0093],[72.996,7.009],[72.9961,7.0089],[72.9961,7.0085],[72.9962,7.0084],[72.9964,7.0078],[72.9969,7.0064],[72.9972,7.0057],[72.9977,7.0052],[72.9983,7.0047],[72.9991,7.0046],[73.0005,7.0046],[73.0022,7.0063],[73.0026,7.0067],[73.003,7.008],[73.0032,7.0106],[73.003,7.0119],[73.0025,7.0126],[73.0023,7.0133],[73.002,7.0137],[73.0014,7.0138],[73.0011,7.0139],[72.9993,7.0157],[72.9987,7.0168],[72.9979,7.0174],[72.9975,7.0178],[72.9972,7.0181],[72.9971,7.0182],[72.997,7.0186],[72.9968,7.0186],[72.9967,7.0187],[72.9963,7.0191],[72.9958,7.0196],[72.9951,7.0208],[72.9941,7.0219],[72.9935,7.0226],[72.9933,7.0227],[72.9931,7.0231],[72.993,7.0232],[72.993,7.0233],[72.9929,7.0233],[72.9929,7.0234],[72.9928,7.0234],[72.9927,7.0235]],[[73.0017,7.0126],[73.0015,7.013],[73.0016,7.0132],[73.0018,7.0133],[73.0021,7.0131],[73.0021,7.0129],[73.0019,7.0125],[73.0017,7.0126]]],[[[72.8205,7.0271],[72.82,7.0278],[72.8191,7.0282],[72.8187,7.0283],[72.8179,7.0279],[72.8179,7.0276],[72.8191,7.0268],[72.8203,7.0268],[72.8205,7.0271]]],[[[72.9824,7.0416],[72.9819,7.0421],[72.9809,7.0427],[72.9804,7.0428],[72.9799,7.0424],[72.9801,7.042],[72.981,7.0419],[72.9811,7.0417],[72.9813,7.0416],[72.9813,7.0415],[72.9814,7.0416],[72.9816,7.0415],[72.9817,7.0414],[72.9826,7.0409],[72.9832,7.0404],[72.9836,7.0402],[72.9838,7.0398],[72.9839,7.0398],[72.9845,7.0391],[72.9848,7.0389],[72.9855,7.0381],[72.986,7.0379],[72.9865,7.0374],[72.987,7.0371],[72.9876,7.0367],[72.9877,7.0364],[72.988,7.036],[72.9884,7.035],[72.9887,7.0351],[72.989,7.0356],[72.989,7.0358],[72.9886,7.0361],[72.9882,7.0363],[72.9876,7.0368],[72.9873,7.0372],[72.9869,7.0375],[72.9869,7.0376],[72.9869,7.0376],[72.9865,7.038],[72.9851,7.0393],[72.9847,7.0396],[72.9827,7.0413],[72.9827,7.0414],[72.9826,7.0414],[72.9826,7.0415],[72.9825,7.0415],[72.9825,7.0416],[72.9825,7.0416],[72.9824,7.0416]]],[[[72.9722,7.0449],[72.9723,7.0445],[72.9727,7.0445],[72.9726,7.0449],[72.9724,7.0451],[72.9723,7.045],[72.9722,7.0449]]],[[[72.9722,7.0449],[72.9723,7.0457],[72.9726,7.0465],[72.973,7.0478],[72.9729,7.0485],[72.9724,7.0489],[72.9717,7.0495],[72.9711,7.0498],[72.9701,7.0495],[72.9703,7.049],[72.9707,7.048],[72.9708,7.0466],[72.9716,7.0451],[72.9718,7.045],[72.9719,7.0448],[72.9722,7.0449]]],[[[72.9547,7.0525],[72.9548,7.0525],[72.9548,7.0526],[72.9549,7.0526],[72.9549,7.0526],[72.9549,7.0528],[72.9551,7.053],[72.9556,7.0541],[72.9549,7.0549],[72.9542,7.0555],[72.9538,7.0557],[72.9519,7.0569],[72.9516,7.0571],[72.9509,7.0574],[72.9508,7.0572],[72.952,7.0558],[72.9522,7.0549],[72.9525,7.054],[72.9532,7.0532],[72.9542,7.0524],[72.9545,7.0524],[72.9546,7.0523],[72.9546,7.0522],[72.9548,7.0522],[72.9547,7.0525]]],[[[72.8113,7.0716],[72.8115,7.0719],[72.8117,7.0724],[72.8119,7.0733],[72.812,7.0737],[72.8121,7.0744],[72.8123,7.0752],[72.8117,7.0752],[72.8107,7.0741],[72.8098,7.0728],[72.8095,7.072],[72.8094,7.0713],[72.8093,7.0711],[72.8093,7.0711],[72.8092,7.0709],[72.8095,7.0708],[72.8095,7.0709],[72.81,7.0706],[72.811,7.0708],[72.8113,7.0716]]],[[[72.9326,7.079],[72.9328,7.0794],[72.9328,7.0798],[72.9325,7.0804],[72.9324,7.0806],[72.932,7.0812],[72.9312,7.0823],[72.931,7.0826],[72.9307,7.0831],[72.9299,7.0841],[72.9292,7.0847],[72.9291,7.0848],[72.9289,7.0853],[72.9281,7.0863],[72.9277,7.0867],[72.9275,7.087],[72.9268,7.0875],[72.9261,7.0882],[72.9254,7.0887],[72.9251,7.0888],[72.9251,7.089],[72.9248,7.0892],[72.9247,7.0893],[72.9246,7.0895],[72.9236,7.0906],[72.9233,7.0906],[72.9236,7.09],[72.9236,7.0897],[72.9236,7.0894],[72.9237,7.0868],[72.9238,7.0859],[72.9238,7.0857],[72.9238,7.0849],[72.924,7.0845],[72.9241,7.0836],[72.9246,7.083],[72.9246,7.0829],[72.9247,7.0827],[72.9248,7.0826],[72.9249,7.0825],[72.925,7.0825],[72.925,7.0824],[72.925,7.082],[72.9251,7.0817],[72.9252,7.0816],[72.926,7.079],[72.926,7.079],[72.926,7.0788],[72.9261,7.0788],[72.9262,7.0785],[72.9264,7.0776],[72.9265,7.0776],[72.9265,7.0775],[72.9266,7.077],[72.9269,7.0753],[72.9271,7.0746],[72.9277,7.0742],[72.9286,7.074],[72.9298,7.0745],[72.9305,7.0751],[72.9306,7.0759],[72.931,7.0761],[72.9315,7.0769],[72.9316,7.0778],[72.9318,7.0783],[72.9326,7.079]]],[[[72.9218,7.0928],[72.9216,7.093],[72.921,7.0934],[72.9206,7.0937],[72.9203,7.0936],[72.9216,7.0925],[72.9218,7.0924],[72.9218,7.0928]]],[[[72.88,7.0912],[72.8798,7.0913],[72.8798,7.0914],[72.8798,7.0916],[72.8802,7.0921],[72.8801,7.0927],[72.88,7.0937],[72.8798,7.0941],[72.8794,7.0948],[72.8791,7.0953],[72.8788,7.0957],[72.8783,7.0957],[72.8776,7.0956],[72.8769,7.0949],[72.8767,7.0946],[72.8765,7.0937],[72.8766,7.0921],[72.8773,7.0909],[72.8776,7.0907],[72.878,7.0909],[72.8786,7.0911],[72.8793,7.091],[72.8796,7.0912],[72.8797,7.0909],[72.88,7.0908],[72.8801,7.0909],[72.88,7.0912]]],[[[72.9005,7.106],[72.8997,7.1059],[72.899,7.1056],[72.8985,7.1055],[72.898,7.1052],[72.8974,7.105],[72.8969,7.1047],[72.8964,7.1046],[72.8959,7.1049],[72.8958,7.1051],[72.8952,7.1048],[72.895,7.1043],[72.8954,7.1038],[72.8961,7.1035],[72.8965,7.1035],[72.8968,7.1036],[72.8968,7.1035],[72.8972,7.1034],[72.8979,7.1031],[72.899,7.1022],[72.8995,7.1021],[72.8998,7.102],[72.9002,7.1021],[72.9003,7.1022],[72.9006,7.1024],[72.9011,7.1026],[72.901,7.1027],[72.901,7.1028],[72.9009,7.1031],[72.901,7.1034],[72.9017,7.1038],[72.9023,7.1037],[72.9026,7.1041],[72.9027,7.1043],[72.9031,7.1049],[72.9032,7.1053],[72.903,7.1054],[72.9031,7.1055],[72.9031,7.1057],[72.9026,7.1058],[72.9026,7.1059],[72.9019,7.106],[72.9012,7.1059],[72.9005,7.106]]]]}}]}